gender,SeniorCitizen,Dependents,tenure,PhoneService,MultipleLines,InternetService,MonthlyCharges,Churn,gender_enc,Dependents_enc,PhoneService_enc,MultipleLines_enc,InternetService_enc,Churn_enc,Contract_One year,Contract_Two year,tenure_scaled,MonthlyCharges_scaled
Female,0,No,1,No,No,DSL,25,Yes,0,0,0,0,0,1,False,False,-1.2774445836787656,-1.3213496211870024
Male,0,No,41,Yes,No,DSL,25,No,1,0,1,0,0,0,True,False,0.35136996512244845,-1.3213496211870024
Female,0,Yes,52,Yes,No,DSL,19,No,0,1,1,0,0,0,False,False,0.7992939660427822,-1.5207546382825785
Female,0,No,1,Yes,No,DSL,76,Yes,0,0,1,0,0,1,True,False,-1.2774445836787656,0.37359302412539525
Male,0,No,67,Yes,No,Fiber optic,51,No,1,0,1,0,1,0,False,False,1.4100994218432374,-0.4572612137728389
Female,1,No,68,Yes,Yes,Fiber optic,90,Yes,0,0,1,1,1,1,False,False,1.4508197855632678,0.8388713973484064
Female,0,Yes,23,Yes,Yes,Fiber optic,77,No,0,1,1,1,1,0,False,False,-0.38159658183809786,0.40682719364132464
Male,0,Yes,72,Yes,No,DSL,72,No,1,1,1,0,0,0,False,False,1.6137012404433893,0.2406563460616778
Male,0,No,70,Yes,Yes,Fiber optic,104,Yes,1,0,1,1,1,1,False,False,1.5322605130033284,1.3041497705714176
Male,0,No,1,Yes,No,DSL,19,Yes,1,0,1,0,0,1,True,False,-1.2774445836787656,-1.5207546382825785
Male,0,No,1,Yes,No,DSL,20,No,1,0,1,0,0,0,False,False,-1.2774445836787656,-1.4875204687666492
Male,0,Yes,34,Yes,No,DSL,84,No,1,1,1,0,0,0,False,True,0.06632741908223598,0.6394663802528302
Male,1,Yes,28,Yes,Yes,Fiber optic,51,No,1,1,1,1,1,0,True,False,-0.1779947632379461,-0.4572612137728389
Female,1,No,18,Yes,Yes,Fiber optic,85,Yes,0,0,1,1,1,1,False,False,-0.5851984004382496,0.6727005497687596
Female,0,No,15,Yes,No,Fiber optic,20,No,0,0,1,0,1,0,False,False,-0.7073594915983407,-1.4875204687666492
Female,1,No,11,Yes,Yes,Fiber optic,95,Yes,0,0,1,1,1,1,False,True,-0.8702409464784621,1.0050422449280532
Male,0,No,11,Yes,No,DSL,54,Yes,1,0,1,0,0,1,True,False,-0.8702409464784621,-0.3575587052250508
Male,0,Yes,1,Yes,Yes,Fiber optic,70,Yes,1,1,1,1,1,1,False,True,-1.2774445836787656,0.17418800702981907
Female,0,Yes,37,Yes,No,DSL,89,No,0,1,1,0,0,0,False,False,0.18848851024232702,0.805637227832477
Male,0,Yes,22,Yes,No,Fiber optic,89,Yes,1,1,1,0,1,1,False,False,-0.4223169455581282,0.805637227832477
Female,0,No,1,Yes,No,DSL,70,No,0,0,1,0,0,0,False,False,-1.2774445836787656,0.17418800702981907
Female,0,Yes,1,Yes,No,DSL,19,No,0,1,1,0,0,0,True,False,-1.2774445836787656,-1.5207546382825785
Male,0,Yes,46,Yes,No,DSL,80,No,1,1,1,0,0,0,False,False,0.5549717837226001,0.5065297021891128
Female,0,No,51,Yes,Yes,DSL,107,No,0,0,1,1,0,0,False,True,0.758573602322752,1.4038522791192056
Female,0,No,41,Yes,No,DSL,104,No,0,0,1,0,0,0,False,False,0.35136996512244845,1.3041497705714176
Female,0,No,5,Yes,No,DSL,68,Yes,0,0,1,0,0,1,False,False,-1.1145631287986442,0.10771966799796033
Female,0,No,45,Yes,Yes,Fiber optic,89,Yes,0,0,1,1,1,1,False,False,0.5142514200025698,0.805637227832477
Male,0,Yes,29,Yes,No,DSL,60,No,1,1,1,0,0,0,False,False,-0.13727439951791576,-0.15815368812947458
Female,1,No,15,Yes,Yes,DSL,92,No,0,0,1,1,0,0,False,True,-0.7073594915983407,0.9053397363802651
Male,0,No,72,No,No,DSL,64,No,1,0,0,0,0,0,False,False,1.6137012404433893,-0.025217010065757134
Male,0,No,50,Yes,Yes,Fiber optic,104,No,1,0,1,1,1,0,False,True,0.7178532386027215,1.3041497705714176
Male,0,Yes,27,Yes,No,Fiber optic,21,No,1,1,1,0,1,0,False,False,-0.21871512695797646,-1.45428629925072
Male,0,No,72,Yes,No,DSL,85,No,1,0,1,0,0,0,True,False,1.6137012404433893,0.6727005497687596
Female,0,Yes,51,Yes,No,DSL,70,No,0,1,1,0,0,0,False,False,0.758573602322752,0.17418800702981907
Female,0,No,60,Yes,No,DSL,94,No,0,0,1,0,0,0,False,False,1.125056875803025,0.9718080754121239
Male,0,No,17,Yes,Yes,Fiber optic,19,No,1,0,1,1,1,0,False,True,-0.62591876415828,-1.5207546382825785
Female,0,No,72,Yes,No,Fiber optic,21,No,0,0,1,0,1,0,False,False,1.6137012404433893,-1.45428629925072
Female,0,No,33,Yes,No,Fiber optic,104,Yes,0,0,1,0,1,1,False,False,0.025607055362205634,1.3041497705714176
Female,1,Yes,66,Yes,Yes,Fiber optic,105,No,0,1,1,1,1,0,False,False,1.369379058123207,1.3373839400873468
Female,0,Yes,69,Yes,Yes,Fiber optic,104,Yes,0,1,1,1,1,1,False,False,1.4915401492832983,1.3041497705714176
Male,0,No,5,Yes,No,DSL,70,Yes,1,0,1,0,0,1,True,False,-1.1145631287986442,0.17418800702981907
Female,0,No,57,Yes,Yes,DSL,101,No,0,0,1,1,0,0,False,True,1.002895784642934,1.2044472620236295
Female,1,No,8,Yes,No,DSL,76,Yes,0,0,1,0,0,1,True,False,-0.9924020376385531,0.37359302412539525
Female,0,No,14,Yes,Yes,DSL,51,No,0,0,1,1,0,0,False,True,-0.748079855318371,-0.4572612137728389
Male,0,No,25,Yes,Yes,DSL,95,Yes,1,0,1,1,0,1,False,False,-0.30015585439803716,1.0050422449280532
Female,0,Yes,52,Yes,Yes,Fiber optic,20,No,0,1,1,1,1,0,False,False,0.7992939660427822,-1.4875204687666492
Female,1,No,7,Yes,No,DSL,76,Yes,0,0,1,0,0,1,False,False,-1.0331224013585834,0.37359302412539525
Male,0,No,13,Yes,No,Fiber optic,80,Yes,1,0,1,0,1,1,False,False,-0.7888002190384014,0.5065297021891128
Female,1,No,15,Yes,Yes,DSL,90,Yes,0,0,1,1,0,1,False,True,-0.7073594915983407,0.8388713973484064
Male,0,No,22,Yes,Yes,DSL,55,Yes,1,0,1,1,0,1,False,True,-0.4223169455581282,-0.32432453570912145
Female,0,No,19,Yes,Yes,Fiber optic,20,No,0,0,1,1,1,0,False,False,-0.5444780367182193,-1.4875204687666492
Male,0,Yes,23,No,No,Fiber optic,30,No,1,1,0,0,1,0,False,False,-0.38159658183809786,-1.1551787736073555
Female,0,No,72,Yes,Yes,DSL,114,No,0,0,1,1,0,0,False,False,1.6137012404433893,1.6364914657307112
Male,1,No,72,Yes,Yes,Fiber optic,98,No,1,0,1,1,1,0,False,False,1.6137012404433893,1.1047447534758412
Female,0,Yes,59,Yes,No,DSL,97,No,0,1,1,0,0,0,True,False,1.0843365120829946,1.071510583959912
Female,0,Yes,70,Yes,Yes,Fiber optic,75,No,0,1,1,1,1,0,False,False,1.5322605130033284,0.3403588546094659
Male,0,Yes,70,Yes,Yes,Fiber optic,101,No,1,1,1,1,1,0,True,False,1.5322605130033284,1.2044472620236295
Male,0,Yes,9,Yes,Yes,Fiber optic,103,No,1,1,1,1,1,0,True,False,-0.9516816739185228,1.270915601055488
Female,0,No,3,Yes,Yes,DSL,25,No,0,0,1,1,0,0,False,True,-1.1960038562387048,-1.3213496211870024
Male,1,No,17,Yes,Yes,Fiber optic,102,No,1,0,1,1,1,0,False,True,-0.62591876415828,1.2376814315395588
Female,0,Yes,28,Yes,Yes,Fiber optic,70,No,0,1,1,1,1,0,False,False,-0.1779947632379461,0.17418800702981907
Female,0,No,10,Yes,Yes,Fiber optic,54,No,0,0,1,1,1,0,False,False,-0.9109613101984924,-0.3575587052250508
Male,0,Yes,11,Yes,No,DSL,21,No,1,1,1,0,0,0,False,True,-0.8702409464784621,-1.45428629925072
Male,1,No,72,Yes,No,DSL,103,No,1,0,1,0,0,0,True,False,1.6137012404433893,1.270915601055488
Male,0,No,8,Yes,Yes,Fiber optic,70,Yes,1,0,1,1,1,1,False,False,-0.9924020376385531,0.17418800702981907
Male,1,No,69,Yes,No,DSL,20,No,1,0,1,0,0,0,False,False,1.4915401492832983,-1.4875204687666492
Female,0,Yes,39,Yes,Yes,Fiber optic,20,No,0,1,1,1,1,0,True,False,0.26992923768238775,-1.4875204687666492
Male,0,Yes,67,No,No,DSL,51,No,1,1,0,0,0,0,False,True,1.4100994218432374,-0.4572612137728389
Male,0,No,39,Yes,No,DSL,20,No,1,0,1,0,0,0,False,True,0.26992923768238775,-1.4875204687666492
Male,0,Yes,54,Yes,No,Fiber optic,66,No,1,1,1,0,1,0,False,False,0.880734693482843,0.0412513289661016
Female,0,No,1,Yes,No,DSL,74,Yes,0,0,1,0,0,1,False,False,-1.2774445836787656,0.3071246850935365
Female,0,Yes,72,No,No,DSL,60,No,0,1,0,0,0,0,True,False,1.6137012404433893,-0.15815368812947458
Male,0,No,10,Yes,Yes,Fiber optic,99,Yes,1,0,1,1,1,1,False,True,-0.9109613101984924,1.1379789229917707
Male,0,Yes,13,Yes,Yes,DSL,97,Yes,1,1,1,1,0,1,False,True,-0.7888002190384014,1.071510583959912
Female,0,No,35,Yes,No,DSL,99,No,0,0,1,0,0,0,False,False,0.10704778280226633,1.1379789229917707
Male,0,Yes,12,No,Yes,Fiber optic,36,No,1,1,0,1,1,0,True,False,-0.8295205827584317,-0.9557737565117794
Male,0,No,31,Yes,No,DSL,91,No,1,0,1,0,0,0,True,False,-0.055833672077855064,0.8721055668643357
Female,0,Yes,53,Yes,No,DSL,108,No,0,1,1,0,0,0,False,False,0.8400143297628127,1.437086448635135
Male,0,No,1,Yes,No,DSL,20,No,1,0,1,0,0,0,False,False,-1.2774445836787656,-1.4875204687666492
Male,0,No,30,Yes,Yes,DSL,20,No,1,0,1,1,0,0,True,False,-0.0965540357978854,-1.4875204687666492
Female,0,No,46,Yes,No,Fiber optic,75,No,0,0,1,0,1,0,False,False,0.5549717837226001,0.3403588546094659
Female,0,No,19,Yes,No,DSL,90,Yes,0,0,1,0,0,1,False,False,-0.5444780367182193,0.8388713973484064
Female,0,No,23,Yes,No,Fiber optic,54,No,0,0,1,0,1,0,False,False,-0.38159658183809786,-0.3575587052250508
Female,1,No,15,Yes,No,Fiber optic,55,Yes,0,0,1,0,1,1,False,False,-0.7073594915983407,-0.32432453570912145
Male,0,No,48,Yes,No,DSL,20,No,1,0,1,0,0,0,False,True,0.6364125111626608,-1.4875204687666492
Male,0,Yes,25,Yes,Yes,Fiber optic,96,Yes,1,1,1,1,1,1,False,False,-0.30015585439803716,1.0382764144439827
Male,0,No,52,Yes,No,DSL,105,Yes,1,0,1,0,0,1,True,False,0.7992939660427822,1.3373839400873468
Male,0,No,12,Yes,No,DSL,82,Yes,1,0,1,0,0,1,False,True,-0.8295205827584317,0.5729980412209714
Female,0,No,48,Yes,No,DSL,25,No,0,0,1,0,0,0,False,True,0.6364125111626608,-1.3213496211870024
Female,0,No,38,Yes,No,DSL,20,No,0,0,1,0,0,0,False,False,0.22920887396235737,-1.4875204687666492
Female,0,No,18,No,No,Fiber optic,35,No,0,0,0,0,1,0,False,False,-0.5851984004382496,-0.9890079260277087
Female,0,No,45,Yes,No,Fiber optic,50,No,0,0,1,0,1,0,False,False,0.5142514200025698,-0.49049538328876824
Male,0,No,12,Yes,Yes,DSL,90,No,1,0,1,1,0,0,False,True,-0.8295205827584317,0.8388713973484064
Female,1,No,66,Yes,Yes,Fiber optic,102,No,0,0,1,1,1,0,False,False,1.369379058123207,1.2376814315395588
Female,0,No,72,Yes,Yes,Fiber optic,20,No,0,0,1,1,1,0,False,True,1.6137012404433893,-1.4875204687666492
Female,0,No,70,No,Yes,Fiber optic,45,No,0,0,0,1,1,0,False,False,1.5322605130033284,-0.6566662308684151
Female,0,No,27,Yes,Yes,DSL,90,No,0,0,1,1,0,0,True,False,-0.21871512695797646,0.8388713973484064
Male,0,No,1,Yes,No,DSL,20,No,1,0,1,0,0,0,False,False,-1.2774445836787656,-1.4875204687666492
Male,1,No,13,Yes,No,DSL,95,Yes,1,0,1,0,0,1,False,True,-0.7888002190384014,1.0050422449280532
Female,0,Yes,65,Yes,No,Fiber optic,90,No,0,1,1,0,1,0,False,False,1.3286586944031769,0.8388713973484064
Female,0,Yes,14,Yes,No,DSL,70,No,0,1,1,0,0,0,False,False,-0.748079855318371,0.17418800702981907
Female,0,Yes,17,Yes,No,DSL,85,Yes,0,1,1,0,0,1,False,False,-0.62591876415828,0.6727005497687596
Female,0,No,31,Yes,Yes,Fiber optic,21,No,0,0,1,1,1,0,True,False,-0.055833672077855064,-1.45428629925072
Male,0,Yes,24,Yes,No,DSL,24,No,1,1,1,0,0,0,True,False,-0.3408762181180675,-1.3545837907029317
Female,0,No,3,Yes,Yes,Fiber optic,20,No,0,0,1,1,1,0,False,True,-1.1960038562387048,-1.4875204687666492
Male,0,No,17,Yes,No,DSL,77,Yes,1,0,1,0,0,1,False,False,-0.62591876415828,0.40682719364132464
Male,0,No,66,Yes,Yes,Fiber optic,69,No,1,0,1,1,1,0,True,False,1.369379058123207,0.1409538375138897
Male,0,No,45,Yes,No,DSL,53,No,1,0,1,0,0,0,True,False,0.5142514200025698,-0.3907928747409802
Male,0,No,35,Yes,Yes,Fiber optic,92,No,1,0,1,1,1,0,True,False,0.10704778280226633,0.9053397363802651
Male,0,Yes,40,No,No,DSL,40,No,1,1,0,0,0,0,False,True,0.3106496014024181,-0.8228370784480619
Female,0,No,10,Yes,Yes,Fiber optic,85,Yes,0,0,1,1,1,1,False,False,-0.9109613101984924,0.6727005497687596
Female,0,No,52,Yes,No,DSL,64,No,0,0,1,0,0,0,True,False,0.7992939660427822,-0.025217010065757134
Female,0,No,13,Yes,No,Fiber optic,19,No,0,0,1,0,1,0,False,False,-0.7888002190384014,-1.5207546382825785
Female,1,No,43,Yes,Yes,Fiber optic,90,No,0,0,1,1,1,0,False,False,0.43281069256250915,0.8388713973484064
Female,0,No,41,Yes,No,DSL,20,No,0,0,1,0,0,0,False,True,0.35136996512244845,-1.4875204687666492
Female,1,No,52,No,No,Fiber optic,50,No,0,0,0,0,1,0,False,False,0.7992939660427822,-0.49049538328876824
Female,0,No,71,Yes,No,DSL,93,No,0,0,1,0,0,0,False,True,1.5729808767233588,0.9385739058961945
Male,0,No,61,Yes,Yes,Fiber optic,106,No,1,0,1,1,1,0,False,False,1.1657772395230555,1.3706181096032763
Female,0,No,26,No,No,DSL,44,No,0,0,0,0,0,0,False,True,-0.2594354906780068,-0.6899004003843444
Male,0,Yes,72,Yes,Yes,Fiber optic,68,No,1,1,1,1,1,0,False,False,1.6137012404433893,0.10771966799796033
Female,0,No,42,Yes,Yes,Fiber optic,78,No,0,0,1,1,1,0,True,False,0.3920903288424788,0.44006136315725397
Female,0,Yes,57,Yes,No,DSL,65,No,0,1,1,0,0,0,False,False,1.002895784642934,0.008017159450172232
Male,0,Yes,9,Yes,Yes,Fiber optic,20,No,1,1,1,1,1,0,False,False,-0.9516816739185228,-1.4875204687666492
Female,0,No,9,Yes,No,DSL,71,Yes,0,0,1,0,0,1,False,False,-0.9516816739185228,0.20742217654574843
Male,0,No,33,Yes,No,DSL,45,No,1,0,1,0,0,0,False,False,0.025607055362205634,-0.6566662308684151
Male,0,No,1,Yes,No,Fiber optic,19,No,1,0,1,0,1,0,False,True,-1.2774445836787656,-1.5207546382825785
Female,0,No,7,Yes,Yes,Fiber optic,79,Yes,0,0,1,1,1,1,False,False,-1.0331224013585834,0.47329553267318336
Male,0,No,1,Yes,Yes,DSL,72,Yes,1,0,1,1,0,1,False,True,-1.2774445836787656,0.2406563460616778
Male,0,Yes,65,Yes,No,DSL,20,No,1,1,1,0,0,0,False,False,1.3286586944031769,-1.4875204687666492
Male,0,No,10,Yes,No,DSL,86,Yes,1,0,1,0,0,1,True,False,-0.9109613101984924,0.7059347192846889
Male,0,No,70,Yes,Yes,Fiber optic,95,No,1,0,1,1,1,0,False,False,1.5322605130033284,1.0050422449280532
Female,0,No,29,Yes,No,DSL,99,Yes,0,0,1,0,0,1,False,False,-0.13727439951791576,1.1379789229917707
Male,0,Yes,21,Yes,No,DSL,104,Yes,1,1,1,0,0,1,False,True,-0.46303730927815856,1.3041497705714176
Male,0,No,1,Yes,No,DSL,91,Yes,1,0,1,0,0,1,False,False,-1.2774445836787656,0.8721055668643357
Male,0,No,5,Yes,No,DSL,20,No,1,0,1,0,0,0,False,False,-1.1145631287986442,-1.4875204687666492
Male,0,No,56,Yes,Yes,DSL,90,No,1,0,1,1,0,0,False,True,0.9621754209229036,0.8388713973484064
Male,0,Yes,35,Yes,No,Fiber optic,85,Yes,1,1,1,0,1,1,False,False,0.10704778280226633,0.6727005497687596
Male,0,Yes,10,Yes,No,DSL,20,No,1,1,1,0,0,0,False,True,-0.9109613101984924,-1.4875204687666492
Female,0,No,31,No,No,DSL,50,No,0,0,0,0,0,0,False,True,-0.055833672077855064,-0.49049538328876824
Male,1,No,37,Yes,No,Fiber optic,86,Yes,1,0,1,0,1,1,False,False,0.18848851024232702,0.7059347192846889
Male,1,No,57,Yes,Yes,DSL,95,Yes,1,0,1,1,0,1,False,True,1.002895784642934,1.0050422449280532
Female,0,Yes,34,Yes,Yes,DSL,26,No,0,1,1,1,0,0,False,False,0.06632741908223598,-1.288115451671073
Female,0,No,3,Yes,Yes,Fiber optic,99,Yes,0,0,1,1,1,1,False,True,-1.1960038562387048,1.1379789229917707
Female,0,No,4,Yes,Yes,Fiber optic,83,No,0,0,1,1,1,0,True,False,-1.1552834925186746,0.6062322107369008
Female,0,No,54,Yes,Yes,DSL,20,No,0,0,1,1,0,0,False,True,0.880734693482843,-1.4875204687666492
Male,0,Yes,6,Yes,Yes,Fiber optic,20,No,1,1,1,1,1,0,False,True,-1.0738427650786138,-1.4875204687666492
Male,0,No,22,Yes,No,DSL,60,No,1,0,1,0,0,0,True,False,-0.4223169455581282,-0.15815368812947458
Male,0,No,23,Yes,No,DSL,97,No,1,0,1,0,0,0,False,False,-0.38159658183809786,1.071510583959912
Female,0,No,68,Yes,No,DSL,58,No,0,0,1,0,0,0,True,False,1.4508197855632678,-0.22462202716133334
Female,0,Yes,48,Yes,No,DSL,20,No,0,1,1,0,0,0,False,False,0.6364125111626608,-1.4875204687666492
Male,0,Yes,34,Yes,No,DSL,21,No,1,1,1,0,0,0,False,False,0.06632741908223598,-1.45428629925072
Female,0,No,41,Yes,Yes,Fiber optic,80,No,0,0,1,1,1,0,False,False,0.35136996512244845,0.5065297021891128
Male,0,No,9,Yes,Yes,Fiber optic,76,No,1,0,1,1,1,0,True,False,-0.9516816739185228,0.37359302412539525
Female,1,No,18,Yes,No,DSL,104,No,0,0,1,0,0,0,False,True,-0.5851984004382496,1.3041497705714176
Male,0,No,35,Yes,No,DSL,96,No,1,0,1,0,0,0,False,False,0.10704778280226633,1.0382764144439827
Male,0,Yes,55,Yes,No,Fiber optic,79,No,1,1,1,0,1,0,False,False,0.9214550572028734,0.47329553267318336
Male,0,No,54,Yes,Yes,Fiber optic,108,No,1,0,1,1,1,0,False,False,0.880734693482843,1.437086448635135
Female,1,No,2,Yes,No,DSL,79,Yes,0,0,1,0,0,1,True,False,-1.2367242199587352,0.47329553267318336
Male,0,No,52,Yes,No,DSL,106,No,1,0,1,0,0,0,False,True,0.7992939660427822,1.3706181096032763
Male,0,No,72,Yes,Yes,DSL,70,No,1,0,1,1,0,0,False,True,1.6137012404433893,0.17418800702981907
Male,0,No,9,Yes,No,DSL,70,No,1,0,1,0,0,0,False,False,-0.9516816739185228,0.17418800702981907
Female,0,Yes,3,Yes,Yes,Fiber optic,70,No,0,1,1,1,1,0,False,False,-1.1960038562387048,0.17418800702981907
Male,1,No,4,Yes,No,Fiber optic,75,No,1,0,1,0,1,0,False,False,-1.1552834925186746,0.3403588546094659
Male,0,Yes,69,Yes,Yes,DSL,76,No,1,1,1,1,0,0,False,True,1.4915401492832983,0.37359302412539525
Female,0,Yes,67,No,No,DSL,36,No,0,1,0,0,0,0,True,False,1.4100994218432374,-0.9557737565117794
Male,0,No,4,Yes,No,DSL,80,Yes,1,0,1,0,0,1,False,True,-1.1552834925186746,0.5065297021891128
Male,0,No,13,No,No,Fiber optic,46,Yes,1,0,0,0,1,1,False,False,-0.7888002190384014,-0.6234320613524857
Female,0,Yes,45,Yes,Yes,DSL,81,No,0,1,1,1,0,0,False,True,0.5142514200025698,0.5397638717050421
Male,0,No,68,Yes,No,DSL,101,No,1,0,1,0,0,0,False,False,1.4508197855632678,1.2044472620236295
Female,0,Yes,69,Yes,No,DSL,74,No,0,1,1,0,0,0,False,False,1.4915401492832983,0.3071246850935365
Female,0,No,70,No,No,Fiber optic,58,No,0,0,0,0,1,0,True,False,1.5322605130033284,-0.22462202716133334
Female,0,No,1,Yes,Yes,Fiber optic,20,Yes,0,0,1,1,1,1,False,False,-1.2774445836787656,-1.4875204687666492
Female,0,Yes,45,Yes,No,DSL,26,No,0,1,1,0,0,0,False,True,0.5142514200025698,-1.288115451671073
Female,0,Yes,37,Yes,No,Fiber optic,20,No,0,1,1,0,1,0,True,False,0.18848851024232702,-1.4875204687666492
Female,0,Yes,10,No,No,DSL,40,No,0,1,0,0,0,0,True,False,-0.9109613101984924,-0.8228370784480619
Female,0,Yes,1,Yes,Yes,DSL,89,No,0,1,1,1,0,0,False,False,-1.2774445836787656,0.805637227832477
Male,0,Yes,29,Yes,Yes,Fiber optic,69,No,1,1,1,1,1,0,False,False,-0.13727439951791576,0.1409538375138897
Male,1,Yes,72,Yes,No,Fiber optic,104,No,1,1,1,0,1,0,False,False,1.6137012404433893,1.3041497705714176
Female,0,No,2,Yes,Yes,Fiber optic,76,Yes,0,0,1,1,1,1,False,False,-1.2367242199587352,0.37359302412539525
Male,0,No,24,Yes,No,DSL,54,No,1,0,1,0,0,0,True,False,-0.3408762181180675,-0.3575587052250508
Female,0,No,4,Yes,No,DSL,79,Yes,0,0,1,0,0,1,False,False,-1.1552834925186746,0.47329553267318336
Male,0,No,72,Yes,No,DSL,19,No,1,0,1,0,0,0,False,False,1.6137012404433893,-1.5207546382825785
Female,0,No,11,Yes,Yes,Fiber optic,79,No,0,0,1,1,1,0,False,False,-0.8702409464784621,0.47329553267318336
Female,0,Yes,44,Yes,No,DSL,20,No,0,1,1,0,0,0,True,False,0.47353105628253944,-1.4875204687666492
Male,0,Yes,62,Yes,No,Fiber optic,20,No,1,1,1,0,1,0,False,False,1.2064976032430856,-1.4875204687666492
Male,0,Yes,70,Yes,No,DSL,25,No,1,1,1,0,0,0,False,False,1.5322605130033284,-1.3213496211870024
Female,1,No,1,No,No,DSL,25,Yes,0,0,0,0,0,1,False,False,-1.2774445836787656,-1.3213496211870024
Female,0,No,4,Yes,No,DSL,106,Yes,0,0,1,0,0,1,False,False,-1.1552834925186746,1.3706181096032763
Female,1,No,2,Yes,No,DSL,86,Yes,0,0,1,0,0,1,True,False,-1.2367242199587352,0.7059347192846889
Female,0,No,41,Yes,Yes,DSL,56,No,0,0,1,1,0,0,False,False,0.35136996512244845,-0.29109036619319206
Female,1,No,1,Yes,Yes,DSL,19,Yes,0,0,1,1,0,1,True,False,-1.2774445836787656,-1.5207546382825785
Male,1,No,72,Yes,No,Fiber optic,84,No,1,0,1,0,1,0,False,False,1.6137012404433893,0.6394663802528302
Female,0,No,63,Yes,No,DSL,109,No,0,0,1,0,0,0,False,True,1.247217966963116,1.4703206181510644
Male,0,No,68,Yes,Yes,Fiber optic,80,No,1,0,1,1,1,0,False,True,1.4508197855632678,0.5065297021891128
Female,1,No,59,Yes,No,DSL,100,No,0,0,1,0,0,0,False,True,1.0843365120829946,1.1712130925077
Male,1,No,52,No,No,Fiber optic,49,No,1,0,0,0,1,0,False,False,0.7992939660427822,-0.5237295528046976
Male,1,Yes,26,Yes,Yes,DSL,106,Yes,1,1,1,1,0,1,False,True,-0.2594354906780068,1.3706181096032763
Male,0,No,66,No,Yes,Fiber optic,57,No,1,0,0,1,1,0,False,False,1.369379058123207,-0.2578561966772627
Female,1,No,56,Yes,Yes,Fiber optic,96,No,0,0,1,1,1,0,False,True,0.9621754209229036,1.0382764144439827
Female,0,No,72,Yes,No,DSL,79,No,0,0,1,0,0,0,False,False,1.6137012404433893,0.47329553267318336
Male,1,No,2,Yes,No,Fiber optic,70,No,1,0,1,0,1,0,True,False,-1.2367242199587352,0.17418800702981907
Male,0,No,68,Yes,No,Fiber optic,117,No,1,0,1,0,1,0,False,False,1.4508197855632678,1.7361939742784993
Male,0,Yes,61,Yes,Yes,Fiber optic,85,No,1,1,1,1,1,0,False,True,1.1657772395230555,0.6727005497687596
Male,0,No,1,Yes,No,Fiber optic,20,No,1,0,1,0,1,0,False,False,-1.2774445836787656,-1.4875204687666492
Male,0,No,2,Yes,No,Fiber optic,20,No,1,0,1,0,1,0,False,False,-1.2367242199587352,-1.4875204687666492
Female,0,No,2,Yes,No,Fiber optic,20,Yes,0,0,1,0,1,1,True,False,-1.2367242199587352,-1.4875204687666492
Male,1,Yes,68,Yes,No,DSL,85,No,1,1,1,0,0,0,False,True,1.4508197855632678,0.6727005497687596
Male,0,No,9,Yes,No,Fiber optic,68,No,1,0,1,0,1,0,False,False,-0.9516816739185228,0.10771966799796033
Male,0,No,13,Yes,No,Fiber optic,83,Yes,1,0,1,0,1,1,False,False,-0.7888002190384014,0.6062322107369008
Female,0,No,22,Yes,No,Fiber optic,20,No,0,0,1,0,1,0,True,False,-0.4223169455581282,-1.4875204687666492
Male,0,Yes,66,Yes,No,DSL,25,No,1,1,1,0,0,0,False,False,1.369379058123207,-1.3213496211870024
Male,0,Yes,8,Yes,No,DSL,20,No,1,1,1,0,0,0,False,False,-0.9924020376385531,-1.4875204687666492
Male,0,Yes,2,Yes,No,DSL,70,No,1,1,1,0,0,0,False,True,-1.2367242199587352,0.17418800702981907
Male,0,No,3,Yes,No,DSL,56,No,1,0,1,0,0,0,True,False,-1.1960038562387048,-0.29109036619319206
Male,0,No,5,Yes,Yes,Fiber optic,92,Yes,1,0,1,1,1,1,False,False,-1.1145631287986442,0.9053397363802651
Male,0,No,13,Yes,No,DSL,20,No,1,0,1,0,0,0,False,False,-0.7888002190384014,-1.4875204687666492
Male,0,Yes,53,Yes,No,DSL,65,No,1,1,1,0,0,0,False,True,0.8400143297628127,0.008017159450172232
Male,0,No,3,Yes,No,DSL,20,No,1,0,1,0,0,0,False,True,-1.1960038562387048,-1.4875204687666492
Male,0,No,46,Yes,Yes,DSL,95,No,1,0,1,1,0,0,False,True,0.5549717837226001,1.0050422449280532
Female,0,No,39,No,No,Fiber optic,40,No,0,0,0,0,1,0,False,False,0.26992923768238775,-0.8228370784480619
Female,0,Yes,30,Yes,No,Fiber optic,108,No,0,1,1,0,1,0,False,False,-0.0965540357978854,1.437086448635135
Female,0,No,23,Yes,Yes,DSL,99,No,0,0,1,1,0,0,False,True,-0.38159658183809786,1.1379789229917707
Male,0,Yes,40,Yes,No,DSL,20,No,1,1,1,0,0,0,True,False,0.3106496014024181,-1.4875204687666492
Female,0,No,45,Yes,No,DSL,63,No,0,0,1,0,0,0,False,False,0.5142514200025698,-0.0584511795816865
Male,0,No,53,Yes,No,DSL,20,No,1,0,1,0,0,0,True,False,0.8400143297628127,-1.4875204687666492
Female,1,No,72,Yes,No,DSL,112,No,0,0,1,0,0,0,True,False,1.6137012404433893,1.5700231266988525
Male,0,Yes,28,Yes,No,DSL,20,No,1,1,1,0,0,0,True,False,-0.1779947632379461,-1.4875204687666492
Female,0,No,49,Yes,No,DSL,67,No,0,0,1,0,0,0,False,False,0.6771328748826912,0.07448549848203097
Male,0,No,1,Yes,Yes,Fiber optic,75,Yes,1,0,1,1,1,1,False,False,-1.2774445836787656,0.3403588546094659
Female,0,No,20,Yes,Yes,DSL,81,No,0,0,1,1,0,0,False,True,-0.5037576729981889,0.5397638717050421
Female,0,Yes,53,Yes,Yes,Fiber optic,61,No,0,1,1,1,1,0,False,True,0.8400143297628127,-0.12491951861354524
Male,0,No,67,Yes,No,Fiber optic,69,No,1,0,1,0,1,0,False,False,1.4100994218432374,0.1409538375138897
Male,0,No,11,Yes,No,Fiber optic,74,Yes,1,0,1,0,1,1,False,False,-0.8702409464784621,0.3071246850935365
Female,0,Yes,52,Yes,No,DSL,86,No,0,1,1,0,0,0,False,True,0.7992939660427822,0.7059347192846889
Female,0,No,1,Yes,Yes,DSL,91,Yes,0,0,1,1,0,1,False,False,-1.2774445836787656,0.8721055668643357
Female,0,No,48,Yes,Yes,DSL,56,No,0,0,1,1,0,0,False,False,0.6364125111626608,-0.29109036619319206
Female,0,No,7,Yes,No,DSL,75,Yes,0,0,1,0,0,1,False,True,-1.0331224013585834,0.3403588546094659
Male,0,Yes,7,Yes,Yes,Fiber optic,71,No,1,1,1,1,1,0,False,False,-1.0331224013585834,0.20742217654574843
Female,0,Yes,12,Yes,No,Fiber optic,84,No,0,1,1,0,1,0,False,False,-0.8295205827584317,0.6394663802528302
Male,0,No,40,Yes,No,DSL,25,No,1,0,1,0,0,0,False,True,0.3106496014024181,-1.3213496211870024
Male,0,No,55,Yes,Yes,DSL,78,No,1,0,1,1,0,0,False,True,0.9214550572028734,0.44006136315725397
Female,0,No,20,Yes,Yes,Fiber optic,20,No,0,0,1,1,1,0,False,True,-0.5037576729981889,-1.4875204687666492
Male,0,No,1,No,No,DSL,36,Yes,1,0,0,0,0,1,True,False,-1.2774445836787656,-0.9557737565117794
Female,0,Yes,72,Yes,No,Fiber optic,84,No,0,1,1,0,1,0,False,False,1.6137012404433893,0.6394663802528302
Male,0,No,63,Yes,No,DSL,110,No,1,0,1,0,0,0,False,False,1.247217966963116,1.5035547876669937
Female,0,No,70,No,No,Fiber optic,65,No,0,0,0,0,1,0,False,False,1.5322605130033284,0.008017159450172232
Female,0,No,8,Yes,Yes,DSL,64,No,0,0,1,1,0,0,True,False,-0.9924020376385531,-0.025217010065757134
Female,0,No,1,Yes,No,Fiber optic,46,Yes,0,0,1,0,1,1,False,False,-1.2774445836787656,-0.6234320613524857
Male,0,No,16,Yes,No,DSL,20,No,1,0,1,0,0,0,False,False,-0.6666391278783103,-1.4875204687666492
Female,0,Yes,11,No,Yes,Fiber optic,25,No,0,1,0,1,1,0,True,False,-0.8702409464784621,-1.3213496211870024
Male,0,No,11,Yes,No,Fiber optic,75,Yes,1,0,1,0,1,1,True,False,-0.8702409464784621,0.3403588546094659
Female,0,Yes,41,Yes,No,Fiber optic,88,No,0,1,1,0,1,0,False,False,0.35136996512244845,0.7724030583165477
Male,0,Yes,14,Yes,No,DSL,76,No,1,1,1,0,0,0,False,False,-0.748079855318371,0.37359302412539525
Female,0,No,61,Yes,Yes,DSL,89,No,0,0,1,1,0,0,True,False,1.1657772395230555,0.805637227832477
Female,0,No,20,Yes,No,DSL,89,No,0,0,1,0,0,0,False,False,-0.5037576729981889,0.805637227832477
Female,0,No,47,Yes,No,DSL,106,Yes,0,0,1,0,0,1,False,True,0.5956921474426305,1.3706181096032763
Male,0,Yes,2,Yes,Yes,Fiber optic,60,No,1,1,1,1,1,0,False,True,-1.2367242199587352,-0.15815368812947458
Male,0,Yes,41,Yes,Yes,Fiber optic,60,No,1,1,1,1,1,0,True,False,0.35136996512244845,-0.15815368812947458
Female,0,No,72,Yes,No,DSL,25,No,0,0,1,0,0,0,False,False,1.6137012404433893,-1.3213496211870024
Female,0,Yes,72,Yes,No,DSL,80,No,0,1,1,0,0,0,False,False,1.6137012404433893,0.5065297021891128
Female,0,No,46,Yes,No,DSL,96,No,0,0,1,0,0,0,False,False,0.5549717837226001,1.0382764144439827
Male,0,No,1,Yes,Yes,Fiber optic,20,Yes,1,0,1,1,1,1,False,False,-1.2774445836787656,-1.4875204687666492
Male,0,Yes,29,No,Yes,Fiber optic,45,No,1,1,0,1,1,0,False,False,-0.13727439951791576,-0.6566662308684151
Female,0,No,37,Yes,No,DSL,100,No,0,0,1,0,0,0,False,True,0.18848851024232702,1.1712130925077
Male,0,No,19,Yes,Yes,Fiber optic,62,No,1,0,1,1,1,0,True,False,-0.5444780367182193,-0.09168534909761586
Female,0,Yes,49,Yes,Yes,DSL,78,No,0,1,1,1,0,0,False,True,0.6771328748826912,0.44006136315725397
Male,0,Yes,13,Yes,Yes,DSL,44,No,1,1,1,1,0,0,False,True,-0.7888002190384014,-0.6899004003843444
Female,0,No,22,Yes,No,Fiber optic,50,No,0,0,1,0,1,0,False,False,-0.4223169455581282,-0.49049538328876824
Female,1,No,53,Yes,No,DSL,97,No,0,0,1,0,0,0,False,True,0.8400143297628127,1.071510583959912
Male,0,No,24,Yes,Yes,DSL,50,Yes,1,0,1,1,0,1,False,True,-0.3408762181180675,-0.49049538328876824
Female,0,No,37,Yes,No,Fiber optic,20,No,0,0,1,0,1,0,False,False,0.18848851024232702,-1.4875204687666492
Male,0,Yes,6,Yes,No,DSL,55,Yes,1,1,1,0,0,1,False,True,-1.0738427650786138,-0.32432453570912145
Female,0,No,7,Yes,No,DSL,80,Yes,0,0,1,0,0,1,False,False,-1.0331224013585834,0.5065297021891128
Female,0,Yes,12,Yes,Yes,Fiber optic,20,Yes,0,1,1,1,1,1,False,False,-0.8295205827584317,-1.4875204687666492
Female,0,No,71,Yes,No,Fiber optic,25,No,0,0,1,0,1,0,False,False,1.5729808767233588,-1.3213496211870024
Male,0,Yes,26,Yes,Yes,Fiber optic,82,No,1,1,1,1,1,0,False,False,-0.2594354906780068,0.5729980412209714
Female,0,No,6,Yes,Yes,Fiber optic,46,No,0,0,1,1,1,0,False,False,-1.0738427650786138,-0.6234320613524857
Male,0,No,32,Yes,No,DSL,88,No,1,0,1,0,0,0,False,False,-0.015113308357824713,0.7724030583165477
Female,0,No,47,Yes,No,DSL,59,No,0,0,1,0,0,0,False,False,0.5956921474426305,-0.19138785764540397
Female,0,Yes,31,Yes,No,DSL,21,No,0,1,1,0,0,0,False,False,-0.055833672077855064,-1.45428629925072
Female,0,Yes,52,Yes,No,DSL,84,No,0,1,1,0,0,0,False,False,0.7992939660427822,0.6394663802528302
Female,0,No,60,No,No,DSL,61,No,0,0,0,0,0,0,False,False,1.125056875803025,-0.12491951861354524
Female,0,No,48,Yes,Yes,DSL,66,No,0,0,1,1,0,0,False,False,0.6364125111626608,0.0412513289661016
Male,0,No,45,Yes,Yes,DSL,19,No,1,0,1,1,0,0,False,False,0.5142514200025698,-1.5207546382825785
Female,0,No,39,Yes,No,Fiber optic,80,Yes,0,0,1,0,1,1,False,False,0.26992923768238775,0.5065297021891128
Female,1,No,1,Yes,Yes,Fiber optic,86,Yes,0,0,1,1,1,1,True,False,-1.2774445836787656,0.7059347192846889
Male,0,No,1,Yes,No,DSL,70,Yes,1,0,1,0,0,1,False,False,-1.2774445836787656,0.17418800702981907
Female,0,No,6,Yes,No,Fiber optic,79,Yes,0,0,1,0,1,1,False,False,-1.0738427650786138,0.47329553267318336
Male,0,No,9,Yes,No,Fiber optic,76,No,1,0,1,0,1,0,False,False,-0.9516816739185228,0.37359302412539525
Male,0,Yes,72,Yes,No,DSL,114,No,1,1,1,0,0,0,False,False,1.6137012404433893,1.6364914657307112
Male,1,No,71,No,Yes,Fiber optic,52,No,1,0,0,1,1,0,False,False,1.5729808767233588,-0.4240270442569095
Male,0,Yes,71,Yes,No,DSL,20,No,1,1,1,0,0,0,True,False,1.5729808767233588,-1.4875204687666492
Female,0,No,64,Yes,No,Fiber optic,95,No,0,0,1,0,1,0,True,False,1.2879383306831464,1.0050422449280532
Female,0,Yes,28,Yes,No,Fiber optic,20,No,0,1,1,0,1,0,False,False,-0.1779947632379461,-1.4875204687666492
Female,0,Yes,70,Yes,No,DSL,115,No,0,1,1,0,0,0,False,False,1.5322605130033284,1.6697256352466405
Male,1,No,39,Yes,No,DSL,96,Yes,1,0,1,0,0,1,False,False,0.26992923768238775,1.0382764144439827
Female,0,Yes,16,Yes,No,Fiber optic,20,No,0,1,1,0,1,0,False,True,-0.6666391278783103,-1.4875204687666492
Male,1,No,66,Yes,Yes,Fiber optic,111,Yes,1,0,1,1,1,1,False,False,1.369379058123207,1.536788957182923
Female,1,No,21,Yes,Yes,DSL,95,No,0,0,1,1,0,0,False,False,-0.46303730927815856,1.0050422449280532
Female,0,No,44,Yes,No,Fiber optic,85,Yes,0,0,1,0,1,1,False,False,0.47353105628253944,0.6727005497687596
Female,1,No,54,Yes,No,DSL,99,No,0,0,1,0,0,0,True,False,0.880734693482843,1.1379789229917707
Male,0,No,4,Yes,Yes,Fiber optic,57,No,1,0,1,1,1,0,False,False,-1.1552834925186746,-0.2578561966772627
Female,1,No,60,Yes,No,Fiber optic,110,No,0,0,1,0,1,0,False,False,1.125056875803025,1.5035547876669937
Male,0,No,26,Yes,No,DSL,92,No,1,0,1,0,0,0,False,True,-0.2594354906780068,0.9053397363802651
Female,0,Yes,24,Yes,Yes,Fiber optic,79,No,0,1,1,1,1,0,False,False,-0.3408762181180675,0.47329553267318336
Male,0,Yes,53,Yes,Yes,DSL,19,No,1,1,1,1,0,0,False,True,0.8400143297628127,-1.5207546382825785
Female,0,Yes,46,Yes,Yes,Fiber optic,19,No,0,1,1,1,1,0,False,False,0.5549717837226001,-1.5207546382825785
Female,0,Yes,56,Yes,No,DSL,89,No,0,1,1,0,0,0,False,True,0.9621754209229036,0.805637227832477
Female,0,No,7,Yes,Yes,Fiber optic,59,No,0,0,1,1,1,0,False,False,-1.0331224013585834,-0.19138785764540397
Female,0,No,1,Yes,Yes,DSL,86,Yes,0,0,1,1,0,1,True,False,-1.2774445836787656,0.7059347192846889
Male,0,No,1,Yes,No,DSL,46,No,1,0,1,0,0,0,False,False,-1.2774445836787656,-0.6234320613524857
Male,0,No,60,Yes,No,Fiber optic,20,No,1,0,1,0,1,0,False,False,1.125056875803025,-1.4875204687666492
Male,0,No,61,Yes,Yes,Fiber optic,21,No,1,0,1,1,1,0,False,True,1.1657772395230555,-1.45428629925072
Female,0,No,42,No,No,Fiber optic,34,Yes,0,0,0,0,1,1,False,False,0.3920903288424788,-1.0222420955436382
Male,0,No,27,Yes,No,Fiber optic,20,No,1,0,1,0,1,0,False,False,-0.21871512695797646,-1.4875204687666492
Female,0,Yes,9,Yes,Yes,Fiber optic,85,Yes,0,1,1,1,1,1,True,False,-0.9516816739185228,0.6727005497687596
Female,0,No,72,Yes,No,DSL,20,No,0,0,1,0,0,0,False,True,1.6137012404433893,-1.4875204687666492
Female,0,No,23,Yes,No,DSL,20,No,0,0,1,0,0,0,True,False,-0.38159658183809786,-1.4875204687666492
Female,1,No,47,Yes,No,Fiber optic,95,Yes,0,0,1,0,1,1,False,False,0.5956921474426305,1.0050422449280532
Female,1,No,54,Yes,Yes,Fiber optic,19,No,0,0,1,1,1,0,False,False,0.880734693482843,-1.5207546382825785
Male,1,No,2,Yes,Yes,DSL,96,No,1,0,1,1,0,0,True,False,-1.2367242199587352,1.0382764144439827
Male,0,No,38,No,No,DSL,60,No,1,0,0,0,0,0,False,True,0.22920887396235737,-0.15815368812947458
Female,1,No,47,Yes,No,DSL,100,No,0,0,1,0,0,0,False,False,0.5956921474426305,1.1712130925077
Male,0,No,22,Yes,No,DSL,56,No,1,0,1,0,0,0,True,False,-0.4223169455581282,-0.29109036619319206
Male,0,No,2,Yes,No,DSL,91,No,1,0,1,0,0,0,False,True,-1.2367242199587352,0.8721055668643357
Female,0,Yes,72,Yes,Yes,Fiber optic,79,No,0,1,1,1,1,0,False,False,1.6137012404433893,0.47329553267318336
Male,1,No,58,No,No,Fiber optic,45,Yes,1,0,0,0,1,1,False,False,1.0436161483629645,-0.6566662308684151
Male,0,Yes,69,Yes,No,Fiber optic,79,No,1,1,1,0,1,0,False,False,1.4915401492832983,0.47329553267318336
Male,0,No,18,Yes,No,DSL,70,No,1,0,1,0,0,0,False,False,-0.5851984004382496,0.17418800702981907
Female,0,Yes,55,Yes,Yes,Fiber optic,20,No,0,1,1,1,1,0,False,False,0.9214550572028734,-1.4875204687666492
Female,0,No,46,Yes,No,DSL,101,No,0,0,1,0,0,0,False,True,0.5549717837226001,1.2044472620236295
Male,0,No,5,Yes,No,DSL,19,No,1,0,1,0,0,0,True,False,-1.1145631287986442,-1.5207546382825785
Female,0,No,4,No,Yes,Fiber optic,34,Yes,0,0,0,1,1,1,True,False,-1.1552834925186746,-1.0222420955436382
Male,1,No,5,Yes,Yes,Fiber optic,90,Yes,1,0,1,1,1,1,False,False,-1.1145631287986442,0.8388713973484064
Female,0,Yes,65,Yes,Yes,Fiber optic,61,No,0,1,1,1,1,0,False,False,1.3286586944031769,-0.12491951861354524
Male,0,No,35,Yes,Yes,DSL,21,No,1,0,1,1,0,0,True,False,0.10704778280226633,-1.45428629925072
Female,1,No,45,Yes,Yes,Fiber optic,97,No,0,0,1,1,1,0,False,True,0.5142514200025698,1.071510583959912
Female,0,No,2,Yes,Yes,DSL,20,No,0,0,1,1,0,0,False,True,-1.2367242199587352,-1.4875204687666492
Female,0,Yes,22,Yes,No,Fiber optic,80,No,0,1,1,0,1,0,False,False,-0.4223169455581282,0.5065297021891128
Male,0,Yes,70,Yes,Yes,Fiber optic,69,No,1,1,1,1,1,0,False,False,1.5322605130033284,0.1409538375138897
Female,0,Yes,30,Yes,No,DSL,66,No,0,1,1,0,0,0,False,False,-0.0965540357978854,0.0412513289661016
Male,0,No,61,Yes,Yes,DSL,108,No,1,0,1,1,0,0,False,True,1.1657772395230555,1.437086448635135
Female,0,No,29,Yes,Yes,DSL,20,No,0,0,1,1,0,0,False,False,-0.13727439951791576,-1.4875204687666492
Male,0,No,61,Yes,No,DSL,106,Yes,1,0,1,0,0,1,True,False,1.1657772395230555,1.3706181096032763
Male,0,Yes,25,Yes,No,DSL,90,Yes,1,1,1,0,0,1,True,False,-0.30015585439803716,0.8388713973484064
Male,0,No,71,Yes,Yes,Fiber optic,113,No,1,0,1,1,1,0,False,False,1.5729808767233588,1.6032572962147817
Female,0,No,1,No,No,Fiber optic,35,No,0,0,0,0,1,0,False,False,-1.2774445836787656,-0.9890079260277087
Female,0,Yes,62,Yes,No,DSL,70,No,0,1,1,0,0,0,False,True,1.2064976032430856,0.17418800702981907
Male,0,No,64,Yes,No,DSL,74,No,1,0,1,0,0,0,False,False,1.2879383306831464,0.3071246850935365
Female,0,Yes,64,Yes,No,Fiber optic,91,No,0,1,1,0,1,0,True,False,1.2879383306831464,0.8721055668643357
Male,1,No,29,Yes,Yes,DSL,84,No,1,0,1,1,0,0,False,True,-0.13727439951791576,0.6394663802528302
Female,0,No,2,Yes,No,DSL,71,Yes,0,0,1,0,0,1,True,False,-1.2367242199587352,0.20742217654574843
Male,0,No,1,Yes,No,Fiber optic,20,No,1,0,1,0,1,0,False,False,-1.2774445836787656,-1.4875204687666492
Male,0,No,1,Yes,Yes,Fiber optic,51,Yes,1,0,1,1,1,1,False,False,-1.2774445836787656,-0.4572612137728389
Female,0,Yes,45,Yes,No,DSL,25,No,0,1,1,0,0,0,False,False,0.5142514200025698,-1.3213496211870024
Male,0,No,66,Yes,No,Fiber optic,114,No,1,0,1,0,1,0,False,False,1.369379058123207,1.6364914657307112
Female,0,No,54,Yes,Yes,DSL,107,Yes,0,0,1,1,0,1,False,False,0.880734693482843,1.4038522791192056
Female,0,Yes,70,Yes,Yes,Fiber optic,80,No,0,1,1,1,1,0,False,True,1.5322605130033284,0.5065297021891128
Male,1,No,37,Yes,No,DSL,92,Yes,1,0,1,0,0,1,False,False,0.18848851024232702,0.9053397363802651
Male,1,No,3,Yes,Yes,Fiber optic,80,Yes,1,0,1,1,1,1,True,False,-1.1960038562387048,0.5065297021891128
Male,0,Yes,23,Yes,No,DSL,55,No,1,1,1,0,0,0,False,False,-0.38159658183809786,-0.32432453570912145
Female,1,No,60,Yes,No,Fiber optic,100,No,0,0,1,0,1,0,False,True,1.125056875803025,1.1712130925077
Female,0,No,35,No,No,DSL,33,No,0,0,0,0,0,0,True,False,0.10704778280226633,-1.0554762650595675
Female,0,Yes,27,Yes,No,DSL,74,No,0,1,1,0,0,0,False,True,-0.21871512695797646,0.3071246850935365
Female,0,Yes,24,No,No,Fiber optic,52,No,0,1,0,0,1,0,False,False,-0.3408762181180675,-0.4240270442569095
Female,1,No,2,Yes,No,Fiber optic,94,Yes,0,0,1,0,1,1,False,False,-1.2367242199587352,0.9718080754121239
Male,0,No,67,Yes,No,DSL,91,Yes,1,0,1,0,0,1,False,False,1.4100994218432374,0.8721055668643357
Male,0,No,2,Yes,No,DSL,48,Yes,1,0,1,0,0,1,False,False,-1.2367242199587352,-0.556963722320627
Female,0,No,1,Yes,Yes,Fiber optic,20,Yes,0,0,1,1,1,1,True,False,-1.2774445836787656,-1.4875204687666492
Female,0,Yes,1,Yes,Yes,Fiber optic,79,Yes,0,1,1,1,1,1,False,True,-1.2774445836787656,0.47329553267318336
Female,0,No,14,Yes,No,DSL,54,No,0,0,1,0,0,0,True,False,-0.748079855318371,-0.3575587052250508
Male,1,No,38,Yes,Yes,Fiber optic,95,No,1,0,1,1,1,0,False,False,0.22920887396235737,1.0050422449280532
Female,0,No,1,Yes,No,DSL,70,Yes,0,0,1,0,0,1,False,True,-1.2774445836787656,0.17418800702981907
Female,0,No,2,Yes,Yes,Fiber optic,70,No,0,0,1,1,1,0,True,False,-1.2367242199587352,0.17418800702981907
Female,0,No,12,Yes,No,Fiber optic,79,Yes,0,0,1,0,1,1,False,False,-0.8295205827584317,0.47329553267318336
Male,0,Yes,31,Yes,Yes,DSL,98,No,1,1,1,1,0,0,True,False,-0.055833672077855064,1.1047447534758412
Male,0,Yes,35,Yes,No,DSL,72,No,1,1,1,0,0,0,False,False,0.10704778280226633,0.2406563460616778
Male,1,No,72,Yes,Yes,Fiber optic,110,No,1,0,1,1,1,0,False,False,1.6137012404433893,1.5035547876669937
Female,0,Yes,8,Yes,Yes,DSL,94,Yes,0,1,1,1,0,1,False,True,-0.9924020376385531,0.9718080754121239
Male,0,No,10,Yes,Yes,Fiber optic,98,Yes,1,0,1,1,1,1,True,False,-0.9109613101984924,1.1047447534758412
Female,1,No,5,Yes,No,Fiber optic,69,Yes,0,0,1,0,1,1,True,False,-1.1145631287986442,0.1409538375138897
Male,0,Yes,63,Yes,No,DSL,84,No,1,1,1,0,0,0,False,False,1.247217966963116,0.6394663802528302
Female,0,No,71,Yes,No,DSL,26,No,0,0,1,0,0,0,False,True,1.5729808767233588,-1.288115451671073
Female,1,No,46,Yes,Yes,Fiber optic,104,No,0,0,1,1,1,0,False,False,0.5549717837226001,1.3041497705714176
Female,0,Yes,52,Yes,Yes,Fiber optic,23,No,0,1,1,1,1,0,False,True,0.7992939660427822,-1.3878179602188612
Male,0,No,1,Yes,No,DSL,46,Yes,1,0,1,0,0,1,False,False,-1.2774445836787656,-0.6234320613524857
Male,0,No,1,Yes,Yes,Fiber optic,80,Yes,1,0,1,1,1,1,False,False,-1.2774445836787656,0.5065297021891128
Female,0,No,72,Yes,No,DSL,113,No,0,0,1,0,0,0,True,False,1.6137012404433893,1.6032572962147817
Female,0,No,3,Yes,Yes,Fiber optic,84,Yes,0,0,1,1,1,1,False,False,-1.1960038562387048,0.6394663802528302
Male,0,No,28,Yes,No,DSL,61,No,1,0,1,0,0,0,False,False,-0.1779947632379461,-0.12491951861354524
Female,0,Yes,39,Yes,Yes,Fiber optic,51,No,0,1,1,1,1,0,False,False,0.26992923768238775,-0.4572612137728389
Female,0,No,33,Yes,Yes,DSL,26,No,0,0,1,1,0,0,False,False,0.025607055362205634,-1.288115451671073
Female,0,No,12,No,No,DSL,61,No,0,0,0,0,0,0,False,False,-0.8295205827584317,-0.12491951861354524
Male,0,Yes,1,Yes,No,DSL,74,Yes,1,1,1,0,0,1,False,False,-1.2774445836787656,0.3071246850935365
Male,0,No,6,Yes,Yes,Fiber optic,79,No,1,0,1,1,1,0,False,False,-1.0738427650786138,0.47329553267318336
Male,0,No,3,Yes,Yes,DSL,86,No,1,0,1,1,0,0,False,True,-1.1960038562387048,0.7059347192846889
Male,0,No,4,Yes,Yes,Fiber optic,88,Yes,1,0,1,1,1,1,False,False,-1.1552834925186746,0.7724030583165477
Male,0,Yes,34,Yes,No,Fiber optic,90,No,1,1,1,0,1,0,False,False,0.06632741908223598,0.8388713973484064
Male,0,No,1,Yes,No,DSL,20,No,1,0,1,0,0,0,False,False,-1.2774445836787656,-1.4875204687666492
Female,1,No,15,Yes,No,DSL,96,Yes,0,0,1,0,0,1,True,False,-0.7073594915983407,1.0382764144439827
Male,0,Yes,1,No,No,DSL,25,Yes,1,1,0,0,0,1,True,False,-1.2774445836787656,-1.3213496211870024
Female,0,No,3,Yes,No,DSL,51,Yes,0,0,1,0,0,1,True,False,-1.1960038562387048,-0.4572612137728389
Male,0,No,1,Yes,Yes,Fiber optic,20,Yes,1,0,1,1,1,1,False,False,-1.2774445836787656,-1.4875204687666492
Female,0,No,3,Yes,No,DSL,20,No,0,0,1,0,0,0,True,False,-1.1960038562387048,-1.4875204687666492
Female,0,Yes,30,Yes,No,DSL,81,No,0,1,1,0,0,0,False,True,-0.0965540357978854,0.5397638717050421
Female,0,No,5,Yes,No,DSL,54,Yes,0,0,1,0,0,1,False,True,-1.1145631287986442,-0.3575587052250508
Male,1,No,68,Yes,Yes,Fiber optic,20,No,1,0,1,1,1,0,True,False,1.4508197855632678,-1.4875204687666492
Female,0,No,1,Yes,No,Fiber optic,20,No,0,0,1,0,1,0,False,False,-1.2774445836787656,-1.4875204687666492
Female,0,No,5,Yes,No,DSL,80,Yes,0,0,1,0,0,1,False,False,-1.1145631287986442,0.5065297021891128
Female,0,No,1,Yes,No,DSL,71,Yes,0,0,1,0,0,1,False,False,-1.2774445836787656,0.20742217654574843
Male,0,Yes,13,Yes,Yes,Fiber optic,20,No,1,1,1,1,1,0,False,False,-0.7888002190384014,-1.4875204687666492
Female,0,No,35,Yes,Yes,DSL,80,No,0,0,1,1,0,0,True,False,0.10704778280226633,0.5065297021891128
Male,0,Yes,4,Yes,Yes,Fiber optic,70,No,1,1,1,1,1,0,False,False,-1.1552834925186746,0.17418800702981907
Male,0,No,9,No,Yes,Fiber optic,25,No,1,0,0,1,1,0,False,False,-0.9516816739185228,-1.3213496211870024
Female,1,No,45,Yes,No,Fiber optic,86,No,0,0,1,0,1,0,False,False,0.5142514200025698,0.7059347192846889
Female,0,No,21,No,No,Fiber optic,28,No,0,0,0,0,1,0,False,False,-0.46303730927815856,-1.2216471126392143
Female,0,No,26,Yes,Yes,Fiber optic,89,Yes,0,0,1,1,1,1,False,True,-0.2594354906780068,0.805637227832477
Female,0,No,1,Yes,Yes,DSL,85,Yes,0,0,1,1,0,1,False,True,-1.2774445836787656,0.6727005497687596
Female,1,No,2,Yes,No,Fiber optic,89,Yes,0,0,1,0,1,1,False,False,-1.2367242199587352,0.805637227832477
Female,0,No,11,Yes,No,Fiber optic,70,No,0,0,1,0,1,0,False,False,-0.8702409464784621,0.17418800702981907
Female,0,No,59,Yes,Yes,DSL,109,No,0,0,1,1,0,0,False,False,1.0843365120829946,1.4703206181510644
Female,0,No,31,Yes,No,Fiber optic,84,No,0,0,1,0,1,0,False,False,-0.055833672077855064,0.6394663802528302
Female,0,Yes,54,Yes,Yes,Fiber optic,25,No,0,1,1,1,1,0,True,False,0.880734693482843,-1.3213496211870024
Female,0,Yes,16,Yes,Yes,DSL,19,No,0,1,1,1,0,0,True,False,-0.6666391278783103,-1.5207546382825785
Male,1,No,9,Yes,No,DSL,55,Yes,1,0,1,0,0,1,False,False,-0.9516816739185228,-0.32432453570912145
Female,0,No,21,Yes,Yes,DSL,97,Yes,0,0,1,1,0,1,False,False,-0.46303730927815856,1.071510583959912
Male,0,No,1,Yes,Yes,Fiber optic,21,No,1,0,1,1,1,0,True,False,-1.2774445836787656,-1.45428629925072
Female,0,No,23,Yes,Yes,Fiber optic,54,No,0,0,1,1,1,0,False,False,-0.38159658183809786,-0.3575587052250508
Male,1,No,7,Yes,Yes,Fiber optic,74,Yes,1,0,1,1,1,1,False,False,-1.0331224013585834,0.3071246850935365
Male,0,No,21,Yes,Yes,DSL,104,No,1,0,1,1,0,0,True,False,-0.46303730927815856,1.3041497705714176
Female,0,No,65,Yes,No,DSL,108,No,0,0,1,0,0,0,False,False,1.3286586944031769,1.437086448635135
Male,0,No,4,No,No,DSL,45,Yes,1,0,0,0,0,1,False,True,-1.1552834925186746,-0.6566662308684151
Male,0,Yes,72,Yes,No,DSL,112,No,1,1,1,0,0,0,False,False,1.6137012404433893,1.5700231266988525
Male,1,No,68,No,No,DSL,42,No,1,0,0,0,0,0,False,False,1.4508197855632678,-0.7563687394162032
Female,0,Yes,67,Yes,No,DSL,85,No,0,1,1,0,0,0,False,True,1.4100994218432374,0.6727005497687596
Male,0,No,1,Yes,No,DSL,79,Yes,1,0,1,0,0,1,False,False,-1.2774445836787656,0.47329553267318336
Female,0,No,69,Yes,No,DSL,96,No,0,0,1,0,0,0,True,False,1.4915401492832983,1.0382764144439827
Male,0,No,60,Yes,Yes,Fiber optic,90,No,1,0,1,1,1,0,False,True,1.125056875803025,0.8388713973484064
Male,0,No,3,Yes,Yes,Fiber optic,88,Yes,1,0,1,1,1,1,False,False,-1.1960038562387048,0.7724030583165477
Male,0,Yes,63,No,No,DSL,59,No,1,1,0,0,0,0,False,False,1.247217966963116,-0.19138785764540397
Male,0,Yes,71,Yes,Yes,Fiber optic,91,No,1,1,1,1,1,0,False,False,1.5729808767233588,0.8721055668643357
Female,0,No,35,Yes,Yes,Fiber optic,86,Yes,0,0,1,1,1,1,False,False,0.10704778280226633,0.7059347192846889
Female,0,No,34,Yes,Yes,Fiber optic,70,Yes,0,0,1,1,1,1,True,False,0.06632741908223598,0.17418800702981907
Male,0,Yes,53,Yes,Yes,DSL,70,No,1,1,1,1,0,0,False,False,0.8400143297628127,0.17418800702981907
Male,0,No,17,No,No,Fiber optic,34,No,1,0,0,0,1,0,False,False,-0.62591876415828,-1.0222420955436382
Female,0,Yes,1,Yes,Yes,Fiber optic,60,Yes,0,1,1,1,1,1,False,False,-1.2774445836787656,-0.15815368812947458
Male,0,No,56,Yes,No,Fiber optic,81,No,1,0,1,0,1,0,False,False,0.9621754209229036,0.5397638717050421
Male,0,Yes,7,Yes,Yes,DSL,50,Yes,1,1,1,1,0,1,False,True,-1.0331224013585834,-0.49049538328876824
Male,0,No,67,Yes,No,Fiber optic,111,No,1,0,1,0,1,0,False,False,1.4100994218432374,1.536788957182923
Male,0,No,11,Yes,No,Fiber optic,61,No,1,0,1,0,1,0,False,True,-0.8702409464784621,-0.12491951861354524
Male,0,Yes,1,Yes,Yes,DSL,20,No,1,1,1,1,0,0,True,False,-1.2774445836787656,-1.4875204687666492
Male,0,No,2,Yes,No,DSL,25,No,1,0,1,0,0,0,False,False,-1.2367242199587352,-1.3213496211870024
Female,0,No,69,Yes,No,DSL,105,No,0,0,1,0,0,0,False,False,1.4915401492832983,1.3373839400873468
Male,0,No,1,Yes,No,Fiber optic,80,Yes,1,0,1,0,1,1,False,False,-1.2774445836787656,0.5065297021891128
Female,0,No,21,Yes,Yes,DSL,90,No,0,0,1,1,0,0,False,True,-0.46303730927815856,0.8388713973484064
Male,1,No,72,Yes,Yes,Fiber optic,97,No,1,0,1,1,1,0,False,False,1.6137012404433893,1.071510583959912
Female,1,No,2,Yes,No,Fiber optic,84,No,0,0,1,0,1,0,True,False,-1.2367242199587352,0.6394663802528302
Male,0,No,57,Yes,No,DSL,21,No,1,0,1,0,0,0,False,True,1.002895784642934,-1.45428629925072
Male,0,No,1,Yes,No,DSL,90,Yes,1,0,1,0,0,1,False,False,-1.2774445836787656,0.8388713973484064
Male,0,No,4,Yes,Yes,Fiber optic,81,Yes,1,0,1,1,1,1,False,False,-1.1552834925186746,0.5397638717050421
Female,0,No,2,Yes,No,DSL,19,No,0,0,1,0,0,0,False,False,-1.2367242199587352,-1.5207546382825785
Female,0,No,9,Yes,No,DSL,77,No,0,0,1,0,0,0,False,False,-0.9516816739185228,0.40682719364132464
Female,0,No,71,Yes,Yes,Fiber optic,111,No,0,0,1,1,1,0,False,False,1.5729808767233588,1.536788957182923
Female,0,Yes,13,Yes,Yes,Fiber optic,19,No,0,1,1,1,1,0,False,False,-0.7888002190384014,-1.5207546382825785
Male,0,Yes,50,Yes,Yes,Fiber optic,45,No,1,1,1,1,1,0,False,True,0.7178532386027215,-0.6566662308684151
Male,1,No,10,Yes,No,DSL,90,Yes,1,0,1,0,0,1,False,True,-0.9109613101984924,0.8388713973484064
Male,1,No,64,Yes,Yes,Fiber optic,94,No,1,0,1,1,1,0,False,True,1.2879383306831464,0.9718080754121239
Female,0,Yes,1,Yes,Yes,Fiber optic,70,Yes,0,1,1,1,1,1,True,False,-1.2774445836787656,0.17418800702981907
Male,0,No,2,No,No,DSL,25,No,1,0,0,0,0,0,False,True,-1.2367242199587352,-1.3213496211870024
Female,0,No,30,Yes,No,DSL,110,No,0,0,1,0,0,0,False,False,-0.0965540357978854,1.5035547876669937
Male,0,No,7,Yes,No,DSL,90,Yes,1,0,1,0,0,1,True,False,-1.0331224013585834,0.8388713973484064
Male,0,No,26,Yes,No,DSL,19,No,1,0,1,0,0,0,False,False,-0.2594354906780068,-1.5207546382825785
Male,0,No,20,Yes,No,DSL,50,No,1,0,1,0,0,0,False,False,-0.5037576729981889,-0.49049538328876824
Female,0,No,72,Yes,No,DSL,26,No,0,0,1,0,0,0,False,False,1.6137012404433893,-1.288115451671073
Female,0,Yes,13,Yes,No,Fiber optic,56,Yes,0,1,1,0,1,1,False,False,-0.7888002190384014,-0.29109036619319206
Male,0,No,70,Yes,Yes,Fiber optic,85,No,1,0,1,1,1,0,False,False,1.5322605130033284,0.6727005497687596
Male,0,No,3,No,No,DSL,30,No,1,0,0,0,0,0,False,False,-1.1960038562387048,-1.1551787736073555
Male,0,No,2,Yes,No,DSL,76,Yes,1,0,1,0,0,1,False,False,-1.2367242199587352,0.37359302412539525
Female,1,No,72,Yes,No,Fiber optic,116,No,0,0,1,0,1,0,False,False,1.6137012404433893,1.7029598047625698
Male,1,No,33,Yes,No,Fiber optic,84,Yes,1,0,1,0,1,1,False,False,0.025607055362205634,0.6394663802528302
Male,1,No,15,Yes,No,DSL,74,Yes,1,0,1,0,0,1,False,True,-0.7073594915983407,0.3071246850935365
Male,0,No,1,No,No,DSL,29,No,1,0,0,0,0,0,False,False,-1.2774445836787656,-1.188412943123285
Male,1,No,55,Yes,No,Fiber optic,99,Yes,1,0,1,0,1,1,False,False,0.9214550572028734,1.1379789229917707
Male,0,Yes,5,Yes,Yes,Fiber optic,64,No,1,1,1,1,1,0,True,False,-1.1145631287986442,-0.025217010065757134
Male,0,No,3,Yes,No,Fiber optic,80,Yes,1,0,1,0,1,1,False,False,-1.1960038562387048,0.5065297021891128
Female,0,No,65,Yes,Yes,Fiber optic,90,No,0,0,1,1,1,0,False,True,1.3286586944031769,0.8388713973484064
Male,0,Yes,39,Yes,Yes,Fiber optic,60,No,1,1,1,1,1,0,False,False,0.26992923768238775,-0.15815368812947458
Male,0,No,70,Yes,Yes,DSL,25,No,1,0,1,1,0,0,False,True,1.5322605130033284,-1.3213496211870024
Male,0,No,34,Yes,No,DSL,116,No,1,0,1,0,0,0,False,True,0.06632741908223598,1.7029598047625698
Male,0,No,30,Yes,Yes,Fiber optic,50,No,1,0,1,1,1,0,False,False,-0.0965540357978854,-0.49049538328876824
Female,0,No,12,No,Yes,Fiber optic,50,No,0,0,0,1,1,0,False,True,-0.8295205827584317,-0.49049538328876824
Male,0,Yes,9,Yes,No,DSL,20,No,1,1,1,0,0,0,False,False,-0.9516816739185228,-1.4875204687666492
Female,0,No,49,No,No,Fiber optic,56,No,0,0,0,0,1,0,False,False,0.6771328748826912,-0.29109036619319206
Female,0,No,7,Yes,Yes,DSL,44,No,0,0,1,1,0,0,True,False,-1.0331224013585834,-0.6899004003843444
Female,1,No,38,Yes,No,DSL,83,No,0,0,1,0,0,0,False,False,0.22920887396235737,0.6062322107369008
Male,0,No,63,Yes,No,DSL,109,No,1,0,1,0,0,0,True,False,1.247217966963116,1.4703206181510644
Male,1,No,1,Yes,No,DSL,72,Yes,1,0,1,0,0,1,False,False,-1.2774445836787656,0.2406563460616778
Male,0,No,30,Yes,No,DSL,90,No,1,0,1,0,0,0,False,True,-0.0965540357978854,0.8388713973484064
Female,0,No,23,Yes,No,DSL,74,No,0,0,1,0,0,0,False,False,-0.38159658183809786,0.3071246850935365
Female,0,No,57,Yes,Yes,Fiber optic,70,No,0,0,1,1,1,0,False,False,1.002895784642934,0.17418800702981907
Female,1,No,70,Yes,Yes,Fiber optic,76,No,0,0,1,1,1,0,True,False,1.5322605130033284,0.37359302412539525
Male,0,Yes,71,Yes,Yes,Fiber optic,107,No,1,1,1,1,1,0,False,True,1.5729808767233588,1.4038522791192056
Male,0,Yes,20,Yes,Yes,DSL,50,No,1,1,1,1,0,0,True,False,-0.5037576729981889,-0.49049538328876824
Female,0,Yes,72,Yes,No,Fiber optic,25,No,0,1,1,0,1,0,False,False,1.6137012404433893,-1.3213496211870024
Male,0,No,22,Yes,Yes,DSL,70,No,1,0,1,1,0,0,False,True,-0.4223169455581282,0.17418800702981907
Male,0,No,15,Yes,Yes,Fiber optic,26,No,1,0,1,1,1,0,False,False,-0.7073594915983407,-1.288115451671073
Female,0,No,9,No,Yes,Fiber optic,49,Yes,0,0,0,1,1,1,False,False,-0.9516816739185228,-0.5237295528046976
Female,0,No,38,Yes,No,Fiber optic,105,Yes,0,0,1,0,1,1,False,False,0.22920887396235737,1.3373839400873468
Male,1,No,7,No,Yes,Fiber optic,30,No,1,0,0,1,1,0,False,False,-1.0331224013585834,-1.1551787736073555
Female,0,No,26,Yes,No,DSL,73,No,0,0,1,0,0,0,False,False,-0.2594354906780068,0.2738905155776072
Female,0,No,56,Yes,No,Fiber optic,60,No,0,0,1,0,1,0,True,False,0.9621754209229036,-0.15815368812947458
Female,0,No,49,Yes,Yes,Fiber optic,20,No,0,0,1,1,1,0,False,False,0.6771328748826912,-1.4875204687666492
Female,0,No,3,Yes,Yes,Fiber optic,70,No,0,0,1,1,1,0,False,False,-1.1960038562387048,0.17418800702981907
Male,1,No,1,Yes,Yes,Fiber optic,74,Yes,1,0,1,1,1,1,False,False,-1.2774445836787656,0.3071246850935365
Female,1,No,70,Yes,Yes,Fiber optic,20,No,0,0,1,1,1,0,False,False,1.5322605130033284,-1.4875204687666492
Female,0,No,23,Yes,Yes,Fiber optic,56,No,0,0,1,1,1,0,False,False,-0.38159658183809786,-0.29109036619319206
Female,0,No,65,Yes,No,DSL,60,No,0,0,1,0,0,0,True,False,1.3286586944031769,-0.15815368812947458
Male,1,No,69,Yes,No,Fiber optic,108,Yes,1,0,1,0,1,1,False,False,1.4915401492832983,1.437086448635135
Female,0,No,1,Yes,No,Fiber optic,55,Yes,0,0,1,0,1,1,False,False,-1.2774445836787656,-0.32432453570912145
Male,0,No,24,Yes,No,DSL,90,Yes,1,0,1,0,0,1,False,False,-0.3408762181180675,0.8388713973484064
Female,0,No,25,Yes,Yes,Fiber optic,95,No,0,0,1,1,1,0,True,False,-0.30015585439803716,1.0050422449280532
Female,0,No,17,Yes,Yes,DSL,20,No,0,0,1,1,0,0,False,False,-0.62591876415828,-1.4875204687666492
Male,0,No,32,Yes,Yes,Fiber optic,70,No,1,0,1,1,1,0,False,False,-0.015113308357824713,0.17418800702981907
Male,0,Yes,68,Yes,Yes,Fiber optic,20,No,1,1,1,1,1,0,False,False,1.4508197855632678,-1.4875204687666492
Female,0,Yes,70,Yes,Yes,Fiber optic,20,No,0,1,1,1,1,0,False,False,1.5322605130033284,-1.4875204687666492
Male,0,Yes,54,Yes,No,Fiber optic,105,No,1,1,1,0,1,0,True,False,0.880734693482843,1.3373839400873468
Female,0,No,15,Yes,Yes,Fiber optic,19,Yes,0,0,1,1,1,1,False,True,-0.7073594915983407,-1.5207546382825785
Male,0,Yes,71,Yes,Yes,Fiber optic,67,No,1,1,1,1,1,0,True,False,1.5729808767233588,0.07448549848203097
Male,0,No,70,Yes,No,DSL,20,No,1,0,1,0,0,0,False,True,1.5322605130033284,-1.4875204687666492
Female,1,No,53,Yes,Yes,Fiber optic,96,No,0,0,1,1,1,0,False,True,0.8400143297628127,1.0382764144439827
Female,0,No,2,Yes,No,DSL,80,No,0,0,1,0,0,0,False,True,-1.2367242199587352,0.5065297021891128
Female,1,No,59,Yes,No,DSL,79,No,0,0,1,0,0,0,False,True,1.0843365120829946,0.47329553267318336
Female,0,No,22,Yes,No,Fiber optic,84,No,0,0,1,0,1,0,False,False,-0.4223169455581282,0.6394663802528302
Female,0,Yes,22,Yes,Yes,Fiber optic,76,No,0,1,1,1,1,0,True,False,-0.4223169455581282,0.37359302412539525
Female,0,No,57,No,Yes,Fiber optic,50,No,0,0,0,1,1,0,False,False,1.002895784642934,-0.49049538328876824
Female,0,No,1,Yes,Yes,Fiber optic,71,Yes,0,0,1,1,1,1,False,False,-1.2774445836787656,0.20742217654574843
Female,0,Yes,10,Yes,Yes,Fiber optic,102,Yes,0,1,1,1,1,1,False,False,-0.9109613101984924,1.2376814315395588
Female,1,No,55,Yes,No,DSL,52,No,0,0,1,0,0,0,True,False,0.9214550572028734,-0.4240270442569095
Female,0,Yes,43,Yes,No,Fiber optic,24,No,0,1,1,0,1,0,True,False,0.43281069256250915,-1.3545837907029317
Female,1,No,18,No,No,DSL,48,Yes,0,0,0,0,0,1,False,True,-0.5851984004382496,-0.556963722320627
Female,0,Yes,2,Yes,Yes,Fiber optic,81,No,0,1,1,1,1,0,False,True,-1.2367242199587352,0.5397638717050421
Female,0,Yes,52,Yes,Yes,DSL,25,No,0,1,1,1,0,0,False,False,0.7992939660427822,-1.3213496211870024
Male,0,No,60,Yes,No,DSL,61,No,1,0,1,0,0,0,False,False,1.125056875803025,-0.12491951861354524
Female,0,No,59,Yes,Yes,Fiber optic,83,No,0,0,1,1,1,0,False,False,1.0843365120829946,0.6062322107369008
Female,0,No,69,Yes,No,DSL,104,No,0,0,1,0,0,0,False,False,1.4915401492832983,1.3041497705714176
Male,0,No,14,Yes,No,Fiber optic,101,Yes,1,0,1,0,1,1,True,False,-0.748079855318371,1.2044472620236295
Female,0,Yes,43,No,No,Fiber optic,60,No,0,1,0,0,1,0,False,False,0.43281069256250915,-0.15815368812947458
Female,0,Yes,12,Yes,Yes,Fiber optic,19,No,0,1,1,1,1,0,True,False,-0.8295205827584317,-1.5207546382825785
Female,0,Yes,8,Yes,Yes,Fiber optic,20,No,0,1,1,1,1,0,True,False,-0.9924020376385531,-1.4875204687666492
Female,0,Yes,3,Yes,No,DSL,69,No,0,1,1,0,0,0,False,False,-1.1960038562387048,0.1409538375138897
Male,0,Yes,58,Yes,Yes,Fiber optic,105,No,1,1,1,1,1,0,False,True,1.0436161483629645,1.3373839400873468
Female,0,Yes,13,Yes,Yes,Fiber optic,63,No,0,1,1,1,1,0,False,True,-0.7888002190384014,-0.0584511795816865
Male,0,No,23,Yes,No,DSL,20,No,1,0,1,0,0,0,False,True,-0.38159658183809786,-1.4875204687666492
Female,0,No,17,Yes,Yes,DSL,79,No,0,0,1,1,0,0,False,True,-0.62591876415828,0.47329553267318336
Male,0,No,52,Yes,Yes,Fiber optic,109,No,1,0,1,1,1,0,False,False,0.7992939660427822,1.4703206181510644
Male,0,No,32,Yes,Yes,DSL,79,Yes,1,0,1,1,0,1,True,False,-0.015113308357824713,0.47329553267318336
Female,0,No,36,No,No,DSL,35,No,0,0,0,0,0,0,False,False,0.14776814652229667,-0.9890079260277087
Male,1,No,67,Yes,No,DSL,25,No,1,0,1,0,0,0,True,False,1.4100994218432374,-1.3213496211870024
Male,1,Yes,29,Yes,No,Fiber optic,104,No,1,1,1,0,1,0,False,False,-0.13727439951791576,1.3041497705714176
Female,0,No,65,Yes,No,DSL,111,No,0,0,1,0,0,0,False,False,1.3286586944031769,1.536788957182923
Male,1,No,41,Yes,Yes,Fiber optic,84,Yes,1,0,1,1,1,1,True,False,0.35136996512244845,0.6394663802528302
Male,0,Yes,60,Yes,Yes,DSL,66,No,1,1,1,1,0,0,False,False,1.125056875803025,0.0412513289661016
Female,0,No,53,Yes,No,DSL,20,No,0,0,1,0,0,0,False,False,0.8400143297628127,-1.4875204687666492
Female,0,No,68,Yes,Yes,Fiber optic,25,No,0,0,1,1,1,0,False,True,1.4508197855632678,-1.3213496211870024
Male,1,No,2,Yes,No,DSL,75,Yes,1,0,1,0,0,1,False,False,-1.2367242199587352,0.3403588546094659
Male,0,Yes,61,No,No,DSL,34,No,1,1,0,0,0,0,False,True,1.1657772395230555,-1.0222420955436382
Male,0,Yes,41,Yes,No,Fiber optic,20,No,1,1,1,0,1,0,True,False,0.35136996512244845,-1.4875204687666492
Male,1,No,69,Yes,Yes,DSL,74,No,1,0,1,1,0,0,False,True,1.4915401492832983,0.3071246850935365
Male,1,Yes,35,Yes,Yes,Fiber optic,76,No,1,1,1,1,1,0,False,False,0.10704778280226633,0.37359302412539525
Male,0,No,7,Yes,No,DSL,51,Yes,1,0,1,0,0,1,True,False,-1.0331224013585834,-0.4572612137728389
Female,1,No,50,Yes,No,DSL,25,No,0,0,1,0,0,0,False,True,0.7178532386027215,-1.3213496211870024
Male,0,Yes,36,Yes,Yes,DSL,64,No,1,1,1,1,0,0,False,True,0.14776814652229667,-0.025217010065757134
Female,0,No,48,Yes,No,DSL,100,No,0,0,1,0,0,0,True,False,0.6364125111626608,1.1712130925077
Female,0,No,71,Yes,Yes,Fiber optic,82,No,0,0,1,1,1,0,True,False,1.5729808767233588,0.5729980412209714
Male,1,No,65,Yes,Yes,Fiber optic,109,No,1,0,1,1,1,0,False,False,1.3286586944031769,1.4703206181510644
Female,0,No,23,Yes,No,DSL,94,No,0,0,1,0,0,0,False,True,-0.38159658183809786,0.9718080754121239
Female,1,No,66,Yes,Yes,Fiber optic,64,No,0,0,1,1,1,0,True,False,1.369379058123207,-0.025217010065757134
Female,0,Yes,5,No,No,Fiber optic,25,No,0,1,0,0,1,0,False,False,-1.1145631287986442,-1.3213496211870024
Male,1,No,72,Yes,Yes,Fiber optic,113,No,1,0,1,1,1,0,False,False,1.6137012404433893,1.6032572962147817
Female,0,No,2,Yes,No,DSL,20,No,0,0,1,0,0,0,False,False,-1.2367242199587352,-1.4875204687666492
Female,0,No,12,Yes,No,DSL,19,No,0,0,1,0,0,0,False,False,-0.8295205827584317,-1.5207546382825785
Male,0,Yes,3,Yes,No,Fiber optic,92,Yes,1,1,1,0,1,1,False,False,-1.1960038562387048,0.9053397363802651
Male,0,No,72,Yes,Yes,Fiber optic,89,No,1,0,1,1,1,0,False,False,1.6137012404433893,0.805637227832477
Male,1,No,18,Yes,No,DSL,59,No,1,0,1,0,0,0,False,False,-0.5851984004382496,-0.19138785764540397
Male,0,No,39,Yes,No,DSL,54,No,1,0,1,0,0,0,False,False,0.26992923768238775,-0.3575587052250508
Female,1,No,26,Yes,Yes,Fiber optic,86,No,0,0,1,1,1,0,False,False,-0.2594354906780068,0.7059347192846889
Female,0,No,72,Yes,No,DSL,65,No,0,0,1,0,0,0,False,True,1.6137012404433893,0.008017159450172232
Male,0,No,3,Yes,No,DSL,24,No,1,0,1,0,0,0,True,False,-1.1960038562387048,-1.3545837907029317
Male,0,No,1,Yes,Yes,Fiber optic,60,Yes,1,0,1,1,1,1,False,True,-1.2774445836787656,-0.15815368812947458
Female,0,Yes,34,Yes,Yes,DSL,87,Yes,0,1,1,1,0,1,False,True,0.06632741908223598,0.7391688888006183
Female,0,No,11,Yes,Yes,Fiber optic,76,No,0,0,1,1,1,0,False,True,-0.8702409464784621,0.37359302412539525
Male,0,No,66,Yes,Yes,DSL,20,No,1,0,1,1,0,0,True,False,1.369379058123207,-1.4875204687666492
Female,0,No,2,Yes,Yes,DSL,81,Yes,0,0,1,1,0,1,False,True,-1.2367242199587352,0.5397638717050421
Female,0,No,8,Yes,No,Fiber optic,66,No,0,0,1,0,1,0,False,False,-0.9924020376385531,0.0412513289661016
Female,0,No,33,Yes,No,DSL,70,No,0,0,1,0,0,0,False,False,0.025607055362205634,0.17418800702981907
Female,0,No,72,Yes,Yes,DSL,26,No,0,0,1,1,0,0,False,False,1.6137012404433893,-1.288115451671073
Female,0,No,58,Yes,No,DSL,60,No,0,0,1,0,0,0,False,True,1.0436161483629645,-0.15815368812947458
Male,0,Yes,30,Yes,Yes,DSL,84,No,1,1,1,1,0,0,False,False,-0.0965540357978854,0.6394663802528302
Male,0,No,5,No,Yes,Fiber optic,25,Yes,1,0,0,1,1,1,True,False,-1.1145631287986442,-1.3213496211870024
Female,1,Yes,46,Yes,No,DSL,110,No,0,1,1,0,0,0,False,True,0.5549717837226001,1.5035547876669937
Male,0,No,4,Yes,No,Fiber optic,70,No,1,0,1,0,1,0,False,False,-1.1552834925186746,0.17418800702981907
Female,0,No,40,Yes,No,DSL,65,No,0,0,1,0,0,0,True,False,0.3106496014024181,0.008017159450172232
Male,0,No,72,Yes,Yes,Fiber optic,84,No,1,0,1,1,1,0,True,False,1.6137012404433893,0.6394663802528302
Male,0,Yes,49,Yes,Yes,Fiber optic,100,Yes,1,1,1,1,1,1,False,True,0.6771328748826912,1.1712130925077
Female,0,No,1,Yes,Yes,Fiber optic,55,Yes,0,0,1,1,1,1,True,False,-1.2774445836787656,-0.32432453570912145
Male,0,No,52,Yes,Yes,DSL,85,Yes,1,0,1,1,0,1,False,True,0.7992939660427822,0.6727005497687596
Female,0,Yes,72,Yes,No,DSL,20,No,0,1,1,0,0,0,False,True,1.6137012404433893,-1.4875204687666492
Female,1,Yes,28,No,No,DSL,39,No,0,1,0,0,0,0,True,False,-0.1779947632379461,-0.8560712479639913
Male,0,No,33,Yes,Yes,Fiber optic,91,No,1,0,1,1,1,0,False,True,0.025607055362205634,0.8721055668643357
Female,0,Yes,10,Yes,Yes,Fiber optic,74,No,0,1,1,1,1,0,False,False,-0.9109613101984924,0.3071246850935365
Female,0,No,16,Yes,No,DSL,93,Yes,0,0,1,0,0,1,False,False,-0.6666391278783103,0.9385739058961945
Female,0,Yes,22,Yes,No,DSL,70,Yes,0,1,1,0,0,1,False,False,-0.4223169455581282,0.17418800702981907
Female,0,No,58,Yes,No,DSL,25,No,0,0,1,0,0,0,False,True,1.0436161483629645,-1.3213496211870024
Male,0,No,72,Yes,Yes,Fiber optic,110,No,1,0,1,1,1,0,True,False,1.6137012404433893,1.5035547876669937
Male,0,No,10,Yes,Yes,DSL,54,No,1,0,1,1,0,0,False,True,-0.9109613101984924,-0.3575587052250508
Female,0,No,5,Yes,Yes,DSL,20,No,0,0,1,1,0,0,False,False,-1.1145631287986442,-1.4875204687666492
Female,0,No,2,Yes,No,DSL,71,Yes,0,0,1,0,0,1,False,False,-1.2367242199587352,0.20742217654574843
Female,0,No,2,Yes,Yes,Fiber optic,71,Yes,0,0,1,1,1,1,True,False,-1.2367242199587352,0.20742217654574843
Female,0,No,2,Yes,Yes,Fiber optic,54,No,0,0,1,1,1,0,False,False,-1.2367242199587352,-0.3575587052250508
Female,0,Yes,53,Yes,Yes,Fiber optic,104,No,0,1,1,1,1,0,False,False,0.8400143297628127,1.3041497705714176
Male,1,No,25,Yes,No,DSL,89,Yes,1,0,1,0,0,1,False,False,-0.30015585439803716,0.805637227832477
Female,0,Yes,64,Yes,Yes,Fiber optic,113,No,0,1,1,1,1,0,True,False,1.2879383306831464,1.6032572962147817
Female,0,No,2,Yes,No,Fiber optic,46,No,0,0,1,0,1,0,True,False,-1.2367242199587352,-0.6234320613524857
Male,0,Yes,16,Yes,No,DSL,69,No,1,1,1,0,0,0,False,True,-0.6666391278783103,0.1409538375138897
Female,0,No,39,Yes,No,DSL,48,No,0,0,1,0,0,0,False,False,0.26992923768238775,-0.556963722320627
Male,0,No,35,Yes,No,Fiber optic,26,No,1,0,1,0,1,0,False,False,0.10704778280226633,-1.288115451671073
Female,0,No,31,Yes,Yes,Fiber optic,76,No,0,0,1,1,1,0,False,False,-0.055833672077855064,0.37359302412539525
Female,0,No,5,Yes,Yes,Fiber optic,54,Yes,0,0,1,1,1,1,True,False,-1.1145631287986442,-0.3575587052250508
Male,1,No,72,Yes,Yes,Fiber optic,112,No,1,0,1,1,1,0,False,True,1.6137012404433893,1.5700231266988525
Male,0,No,2,Yes,Yes,Fiber optic,91,No,1,0,1,1,1,0,False,False,-1.2367242199587352,0.8721055668643357
Female,0,No,61,Yes,Yes,Fiber optic,90,No,0,0,1,1,1,0,False,False,1.1657772395230555,0.8388713973484064
Female,0,No,31,Yes,Yes,DSL,65,Yes,0,0,1,1,0,1,False,False,-0.055833672077855064,0.008017159450172232
Male,0,No,2,No,Yes,DSL,40,Yes,1,0,0,1,0,1,False,True,-1.2367242199587352,-0.8228370784480619
Male,0,Yes,1,Yes,No,DSL,21,No,1,1,1,0,0,0,True,False,-1.2774445836787656,-1.45428629925072
Female,0,Yes,1,Yes,No,DSL,20,No,0,1,1,0,0,0,True,False,-1.2774445836787656,-1.4875204687666492
Male,0,No,59,Yes,Yes,Fiber optic,20,No,1,0,1,1,1,0,False,False,1.0843365120829946,-1.4875204687666492
Female,0,No,1,Yes,No,Fiber optic,96,Yes,0,0,1,0,1,1,False,True,-1.2774445836787656,1.0382764144439827
Female,0,No,9,Yes,Yes,DSL,45,Yes,0,0,1,1,0,1,False,True,-0.9516816739185228,-0.6566662308684151
Female,0,Yes,14,Yes,Yes,Fiber optic,92,Yes,0,1,1,1,1,1,True,False,-0.748079855318371,0.9053397363802651
Female,0,No,12,Yes,Yes,Fiber optic,87,No,0,0,1,1,1,0,False,False,-0.8295205827584317,0.7391688888006183
Female,0,No,47,Yes,Yes,DSL,74,No,0,0,1,1,0,0,False,True,0.5956921474426305,0.3071246850935365
Female,0,Yes,7,Yes,No,DSL,49,No,0,1,1,0,0,0,False,False,-1.0331224013585834,-0.5237295528046976
Female,0,Yes,28,Yes,No,Fiber optic,90,No,0,1,1,0,1,0,False,False,-0.1779947632379461,0.8388713973484064
Female,0,Yes,70,Yes,No,Fiber optic,20,No,0,1,1,0,1,0,True,False,1.5322605130033284,-1.4875204687666492
Female,0,Yes,26,Yes,Yes,DSL,20,No,0,1,1,1,0,0,False,False,-0.2594354906780068,-1.4875204687666492
Female,0,Yes,61,Yes,Yes,Fiber optic,99,Yes,0,1,1,1,1,1,False,False,1.1657772395230555,1.1379789229917707
Female,0,No,70,Yes,No,DSL,102,No,0,0,1,0,0,0,False,False,1.5322605130033284,1.2376814315395588
Female,0,No,1,Yes,Yes,DSL,20,No,0,0,1,1,0,0,True,False,-1.2774445836787656,-1.4875204687666492
Female,1,No,37,Yes,Yes,Fiber optic,97,Yes,0,0,1,1,1,1,False,False,0.18848851024232702,1.071510583959912
Male,0,Yes,60,Yes,No,Fiber optic,91,Yes,1,1,1,0,1,1,False,False,1.125056875803025,0.8721055668643357
Male,1,Yes,71,Yes,No,Fiber optic,105,Yes,1,1,1,0,1,1,False,False,1.5729808767233588,1.3373839400873468
Male,0,No,31,Yes,No,Fiber optic,101,No,1,0,1,0,1,0,False,False,-0.055833672077855064,1.2044472620236295
Male,0,Yes,14,Yes,No,DSL,20,No,1,1,1,0,0,0,False,True,-0.748079855318371,-1.4875204687666492
Male,0,Yes,50,Yes,Yes,DSL,103,No,1,1,1,1,0,0,False,False,0.7178532386027215,1.270915601055488
Male,0,Yes,1,Yes,No,DSL,20,No,1,1,1,0,0,0,False,False,-1.2774445836787656,-1.4875204687666492
Male,1,No,41,Yes,No,Fiber optic,100,Yes,1,0,1,0,1,1,False,False,0.35136996512244845,1.1712130925077
Male,1,No,30,Yes,Yes,DSL,50,Yes,1,0,1,1,0,1,False,True,-0.0965540357978854,-0.49049538328876824
Male,1,Yes,64,Yes,No,DSL,24,No,1,1,1,0,0,0,True,False,1.2879383306831464,-1.3545837907029317
Male,1,No,7,Yes,No,DSL,64,No,1,0,1,0,0,0,True,False,-1.0331224013585834,-0.025217010065757134
Male,0,Yes,1,Yes,No,DSL,75,No,1,1,1,0,0,0,False,False,-1.2774445836787656,0.3403588546094659
Male,0,No,51,Yes,No,DSL,84,No,1,0,1,0,0,0,False,False,0.758573602322752,0.6394663802528302
Female,0,Yes,50,Yes,No,DSL,80,No,0,1,1,0,0,0,False,False,0.7178532386027215,0.5065297021891128
Male,0,Yes,44,Yes,No,DSL,20,No,1,1,1,0,0,0,False,False,0.47353105628253944,-1.4875204687666492
Female,0,No,65,Yes,Yes,DSL,105,No,0,0,1,1,0,0,False,True,1.3286586944031769,1.3373839400873468
Female,1,No,1,No,No,DSL,26,Yes,0,0,0,0,0,1,False,True,-1.2774445836787656,-1.288115451671073
Male,0,No,2,Yes,No,Fiber optic,45,Yes,1,0,1,0,1,1,False,False,-1.2367242199587352,-0.6566662308684151
Female,0,No,48,Yes,No,Fiber optic,102,No,0,0,1,0,1,0,False,False,0.6364125111626608,1.2376814315395588
Female,0,No,6,Yes,No,DSL,110,Yes,0,0,1,0,0,1,False,False,-1.0738427650786138,1.5035547876669937
Female,0,No,35,Yes,No,DSL,62,No,0,0,1,0,0,0,False,False,0.10704778280226633,-0.09168534909761586
Female,0,No,22,No,No,DSL,50,No,0,0,0,0,0,0,False,True,-0.4223169455581282,-0.49049538328876824
Male,0,Yes,72,No,No,DSL,61,No,1,1,0,0,0,0,True,False,1.6137012404433893,-0.12491951861354524
Female,1,Yes,55,Yes,Yes,DSL,76,No,0,1,1,1,0,0,False,True,0.9214550572028734,0.37359302412539525
Male,0,Yes,69,Yes,Yes,Fiber optic,106,No,1,1,1,1,1,0,False,False,1.4915401492832983,1.3706181096032763
Male,1,No,72,Yes,Yes,DSL,73,No,1,0,1,1,0,0,False,False,1.6137012404433893,0.2738905155776072
Female,1,No,1,Yes,No,DSL,91,Yes,0,0,1,0,0,1,False,False,-1.2774445836787656,0.8721055668643357
Female,0,Yes,26,Yes,Yes,Fiber optic,105,No,0,1,1,1,1,0,False,True,-0.2594354906780068,1.3373839400873468
Male,0,Yes,23,Yes,Yes,DSL,21,No,1,1,1,1,0,0,True,False,-0.38159658183809786,-1.45428629925072
Female,0,No,2,Yes,No,DSL,20,No,0,0,1,0,0,0,False,False,-1.2367242199587352,-1.4875204687666492
Male,0,No,2,Yes,Yes,Fiber optic,76,Yes,1,0,1,1,1,1,False,False,-1.2367242199587352,0.37359302412539525
Female,1,No,40,Yes,Yes,Fiber optic,104,No,0,0,1,1,1,0,False,False,0.3106496014024181,1.3041497705714176
Female,0,No,1,Yes,No,Fiber optic,95,Yes,0,0,1,0,1,1,False,False,-1.2774445836787656,1.0050422449280532
Female,1,No,27,Yes,No,DSL,75,Yes,0,0,1,0,0,1,False,True,-0.21871512695797646,0.3403588546094659
Female,0,Yes,9,Yes,No,DSL,65,Yes,0,1,1,0,0,1,False,False,-0.9516816739185228,0.008017159450172232
Female,1,No,50,Yes,Yes,Fiber optic,88,Yes,0,0,1,1,1,1,True,False,0.7178532386027215,0.7724030583165477
Male,0,Yes,46,Yes,No,Fiber optic,20,No,1,1,1,0,1,0,False,False,0.5549717837226001,-1.4875204687666492
Female,0,No,15,Yes,No,DSL,25,No,0,0,1,0,0,0,False,False,-0.7073594915983407,-1.3213496211870024
Female,0,No,23,Yes,Yes,DSL,79,No,0,0,1,1,0,0,True,False,-0.38159658183809786,0.47329553267318336
Female,0,No,2,Yes,No,DSL,59,No,0,0,1,0,0,0,False,False,-1.2367242199587352,-0.19138785764540397
Male,0,No,18,Yes,No,DSL,91,Yes,1,0,1,0,0,1,True,False,-0.5851984004382496,0.8721055668643357
Female,1,No,70,Yes,Yes,Fiber optic,76,No,0,0,1,1,1,0,False,False,1.5322605130033284,0.37359302412539525
Female,0,Yes,9,Yes,No,DSL,49,No,0,1,1,0,0,0,False,False,-0.9516816739185228,-0.5237295528046976
Male,0,Yes,30,Yes,Yes,DSL,68,No,1,1,1,1,0,0,True,False,-0.0965540357978854,0.10771966799796033
Male,0,Yes,15,Yes,No,DSL,75,No,1,1,1,0,0,0,True,False,-0.7073594915983407,0.3403588546094659
Male,1,No,39,Yes,Yes,Fiber optic,91,No,1,0,1,1,1,0,False,False,0.26992923768238775,0.8721055668643357
Female,0,No,12,Yes,No,DSL,49,No,0,0,1,0,0,0,True,False,-0.8295205827584317,-0.5237295528046976
Male,0,No,19,Yes,No,DSL,90,No,1,0,1,0,0,0,False,False,-0.5444780367182193,0.8388713973484064
Male,1,No,24,Yes,Yes,DSL,55,No,1,0,1,1,0,0,False,True,-0.3408762181180675,-0.32432453570912145
Female,0,No,67,Yes,No,DSL,103,Yes,0,0,1,0,0,1,False,False,1.4100994218432374,1.270915601055488
Male,0,No,69,No,No,Fiber optic,60,No,1,0,0,0,1,0,True,False,1.4915401492832983,-0.15815368812947458
Female,0,Yes,55,Yes,Yes,DSL,85,No,0,1,1,1,0,0,False,True,0.9214550572028734,0.6727005497687596
Male,0,No,52,Yes,Yes,DSL,63,No,1,0,1,1,0,0,False,True,0.7992939660427822,-0.0584511795816865
Female,0,No,17,Yes,Yes,Fiber optic,94,Yes,0,0,1,1,1,1,False,False,-0.62591876415828,0.9718080754121239
Female,0,Yes,19,Yes,Yes,Fiber optic,49,No,0,1,1,1,1,0,False,False,-0.5444780367182193,-0.5237295528046976
Male,0,No,39,Yes,No,DSL,75,Yes,1,0,1,0,0,1,False,False,0.26992923768238775,0.3403588546094659
Male,0,No,40,Yes,No,DSL,62,No,1,0,1,0,0,0,False,False,0.3106496014024181,-0.09168534909761586
Male,0,No,26,Yes,No,Fiber optic,21,No,1,0,1,0,1,0,False,False,-0.2594354906780068,-1.45428629925072
Female,0,No,1,Yes,No,DSL,20,No,0,0,1,0,0,0,False,True,-1.2774445836787656,-1.4875204687666492
Male,1,No,18,Yes,Yes,Fiber optic,79,Yes,1,0,1,1,1,1,True,False,-0.5851984004382496,0.47329553267318336
Female,1,No,15,Yes,No,Fiber optic,75,Yes,0,0,1,0,1,1,False,False,-0.7073594915983407,0.3403588546094659
Female,0,No,2,Yes,Yes,DSL,20,No,0,0,1,1,0,0,False,False,-1.2367242199587352,-1.4875204687666492
Female,0,No,1,Yes,No,DSL,79,Yes,0,0,1,0,0,1,False,False,-1.2774445836787656,0.47329553267318336
Male,0,No,23,Yes,No,Fiber optic,95,No,1,0,1,0,1,0,False,False,-0.38159658183809786,1.0050422449280532
Female,0,Yes,72,Yes,Yes,DSL,67,No,0,1,1,1,0,0,False,True,1.6137012404433893,0.07448549848203097
Female,0,No,2,Yes,Yes,Fiber optic,20,No,0,0,1,1,1,0,False,False,-1.2367242199587352,-1.4875204687666492
Male,1,No,70,Yes,Yes,DSL,89,No,1,0,1,1,0,0,False,True,1.5322605130033284,0.805637227832477
Female,0,Yes,46,Yes,Yes,Fiber optic,20,No,0,1,1,1,1,0,False,False,0.5549717837226001,-1.4875204687666492
Female,0,No,36,Yes,No,DSL,20,No,0,0,1,0,0,0,False,True,0.14776814652229667,-1.4875204687666492
Female,0,No,72,Yes,Yes,Fiber optic,110,No,0,0,1,1,1,0,False,False,1.6137012404433893,1.5035547876669937
Female,0,Yes,6,Yes,No,DSL,49,No,0,1,1,0,0,0,False,False,-1.0738427650786138,-0.5237295528046976
Female,0,Yes,4,Yes,Yes,Fiber optic,20,No,0,1,1,1,1,0,False,False,-1.1552834925186746,-1.4875204687666492
Female,0,No,1,Yes,No,DSL,85,Yes,0,0,1,0,0,1,True,False,-1.2774445836787656,0.6727005497687596
Female,0,No,1,Yes,No,DSL,83,No,0,0,1,0,0,0,False,True,-1.2774445836787656,0.6062322107369008
Female,0,No,13,Yes,Yes,Fiber optic,100,Yes,0,0,1,1,1,1,False,False,-0.7888002190384014,1.1712130925077
Female,0,No,64,No,No,DSL,48,Yes,0,0,0,0,0,1,False,False,1.2879383306831464,-0.556963722320627
Male,0,Yes,8,No,Yes,Fiber optic,45,No,1,1,0,1,1,0,False,False,-0.9924020376385531,-0.6566662308684151
Male,0,Yes,72,Yes,No,DSL,112,No,1,1,1,0,0,0,False,False,1.6137012404433893,1.5700231266988525
Male,0,No,1,Yes,Yes,DSL,75,Yes,1,0,1,1,0,1,False,True,-1.2774445836787656,0.3403588546094659
Female,0,No,4,Yes,No,Fiber optic,101,No,0,0,1,0,1,0,False,False,-1.1552834925186746,1.2044472620236295
Male,0,Yes,1,Yes,Yes,Fiber optic,50,No,1,1,1,1,1,0,False,False,-1.2774445836787656,-0.49049538328876824
Male,0,Yes,62,Yes,Yes,DSL,24,No,1,1,1,1,0,0,False,True,1.2064976032430856,-1.3545837907029317
Female,1,No,34,Yes,Yes,Fiber optic,96,No,0,0,1,1,1,0,False,False,0.06632741908223598,1.0382764144439827
Male,0,Yes,1,Yes,No,DSL,44,Yes,1,1,1,0,0,1,False,False,-1.2774445836787656,-0.6899004003843444
Male,0,No,24,Yes,No,Fiber optic,101,Yes,1,0,1,0,1,1,False,False,-0.3408762181180675,1.2044472620236295
Male,0,Yes,72,Yes,Yes,Fiber optic,105,No,1,1,1,1,1,0,False,True,1.6137012404433893,1.3373839400873468
Female,0,No,1,Yes,Yes,Fiber optic,20,No,0,0,1,1,1,0,False,False,-1.2774445836787656,-1.4875204687666492
Female,1,No,63,Yes,No,DSL,104,No,0,0,1,0,0,0,False,False,1.247217966963116,1.3041497705714176
Female,0,Yes,66,Yes,Yes,Fiber optic,109,No,0,1,1,1,1,0,True,False,1.369379058123207,1.4703206181510644
Male,0,No,61,Yes,No,Fiber optic,80,No,1,0,1,0,1,0,False,True,1.1657772395230555,0.5065297021891128
Male,0,No,67,Yes,Yes,Fiber optic,20,No,1,0,1,1,1,0,False,False,1.4100994218432374,-1.4875204687666492
Female,0,No,12,Yes,Yes,DSL,96,Yes,0,0,1,1,0,1,False,True,-0.8295205827584317,1.0382764144439827
Male,0,Yes,19,No,Yes,DSL,35,No,1,1,0,1,0,0,False,True,-0.5444780367182193,-0.9890079260277087
Male,0,No,67,Yes,No,Fiber optic,20,No,1,0,1,0,1,0,False,False,1.4100994218432374,-1.4875204687666492
Female,0,No,13,Yes,Yes,Fiber optic,80,No,0,0,1,1,1,0,False,False,-0.7888002190384014,0.5065297021891128
Female,0,No,1,Yes,Yes,DSL,45,No,0,0,1,1,0,0,False,True,-1.2774445836787656,-0.6566662308684151
Female,0,Yes,3,Yes,No,DSL,85,Yes,0,1,1,0,0,1,False,False,-1.1960038562387048,0.6727005497687596
Male,0,Yes,3,Yes,Yes,Fiber optic,20,No,1,1,1,1,1,0,False,True,-1.1960038562387048,-1.4875204687666492
Female,0,Yes,17,Yes,Yes,Fiber optic,104,Yes,0,1,1,1,1,1,False,True,-0.62591876415828,1.3041497705714176
Male,0,No,52,Yes,No,Fiber optic,54,No,1,0,1,0,1,0,False,False,0.7992939660427822,-0.3575587052250508
Male,0,Yes,51,Yes,No,DSL,19,No,1,1,1,0,0,0,False,True,0.758573602322752,-1.5207546382825785
Female,1,No,5,Yes,No,Fiber optic,85,Yes,0,0,1,0,1,1,True,False,-1.1145631287986442,0.6727005497687596
Female,1,Yes,29,No,No,DSL,36,No,0,1,0,0,0,0,False,False,-0.13727439951791576,-0.9557737565117794
Female,0,Yes,1,Yes,No,DSL,20,Yes,0,1,1,0,0,1,False,True,-1.2774445836787656,-1.4875204687666492
Female,0,No,1,Yes,No,DSL,20,Yes,0,0,1,0,0,1,False,False,-1.2774445836787656,-1.4875204687666492
Female,0,Yes,42,Yes,No,DSL,94,No,0,1,1,0,0,0,False,True,0.3920903288424788,0.9718080754121239
Male,0,No,1,Yes,No,Fiber optic,20,No,1,0,1,0,1,0,False,False,-1.2774445836787656,-1.4875204687666492
Female,0,No,16,Yes,Yes,Fiber optic,88,Yes,0,0,1,1,1,1,False,False,-0.6666391278783103,0.7724030583165477
Male,0,No,11,Yes,No,DSL,45,No,1,0,1,0,0,0,False,True,-0.8702409464784621,-0.6566662308684151
Female,1,No,26,Yes,No,DSL,94,Yes,0,0,1,0,0,1,False,False,-0.2594354906780068,0.9718080754121239
Male,0,Yes,54,Yes,No,Fiber optic,61,No,1,1,1,0,1,0,False,False,0.880734693482843,-0.12491951861354524
Male,0,No,30,Yes,Yes,Fiber optic,94,Yes,1,0,1,1,1,1,False,True,-0.0965540357978854,0.9718080754121239
Male,1,Yes,66,Yes,No,DSL,79,Yes,1,1,1,0,0,1,False,False,1.369379058123207,0.47329553267318336
Female,0,Yes,72,Yes,No,Fiber optic,109,No,0,1,1,0,1,0,False,False,1.6137012404433893,1.4703206181510644
Male,0,Yes,12,Yes,No,Fiber optic,24,No,1,1,1,0,1,0,False,False,-0.8295205827584317,-1.3545837907029317
Female,0,No,19,Yes,Yes,DSL,107,Yes,0,0,1,1,0,1,False,True,-0.5444780367182193,1.4038522791192056
Male,0,No,9,Yes,No,DSL,69,No,1,0,1,0,0,0,False,True,-0.9516816739185228,0.1409538375138897
Female,0,Yes,0,Yes,No,DSL,73,No,0,1,1,0,0,0,False,False,-1.318164947398796,0.2738905155776072
Male,0,No,66,Yes,Yes,Fiber optic,25,No,1,0,1,1,1,0,False,False,1.369379058123207,-1.3213496211870024
Male,1,Yes,10,No,No,DSL,35,No,1,1,0,0,0,0,True,False,-0.9109613101984924,-0.9890079260277087
Female,0,Yes,56,Yes,No,Fiber optic,24,No,0,1,1,0,1,0,False,False,0.9621754209229036,-1.3545837907029317
Female,0,Yes,67,Yes,No,DSL,19,No,0,1,1,0,0,0,True,False,1.4100994218432374,-1.5207546382825785
Male,0,Yes,64,No,No,DSL,60,No,1,1,0,0,0,0,False,False,1.2879383306831464,-0.15815368812947458
Female,0,No,64,Yes,Yes,Fiber optic,81,No,0,0,1,1,1,0,False,False,1.2879383306831464,0.5397638717050421
Male,1,No,13,Yes,No,DSL,70,No,1,0,1,0,0,0,False,False,-0.7888002190384014,0.17418800702981907
Male,0,No,5,Yes,No,Fiber optic,96,Yes,1,0,1,0,1,1,False,False,-1.1145631287986442,1.0382764144439827
Female,0,No,4,No,No,Fiber optic,35,No,0,0,0,0,1,0,True,False,-1.1552834925186746,-0.9890079260277087
Female,0,Yes,45,Yes,Yes,Fiber optic,20,No,0,1,1,1,1,0,False,True,0.5142514200025698,-1.4875204687666492
Male,0,No,18,Yes,No,DSL,95,No,1,0,1,0,0,0,False,False,-0.5851984004382496,1.0050422449280532
Female,0,No,3,Yes,Yes,Fiber optic,58,No,0,0,1,1,1,0,False,False,-1.1960038562387048,-0.22462202716133334
Male,0,No,1,Yes,Yes,Fiber optic,21,Yes,1,0,1,1,1,1,True,False,-1.2774445836787656,-1.45428629925072
Male,0,No,29,No,No,DSL,46,No,1,0,0,0,0,0,False,False,-0.13727439951791576,-0.6234320613524857
Female,0,No,69,Yes,No,DSL,25,No,0,0,1,0,0,0,False,True,1.4915401492832983,-1.3213496211870024
Female,0,No,21,Yes,No,DSL,100,No,0,0,1,0,0,0,False,False,-0.46303730927815856,1.1712130925077
Female,0,No,20,Yes,No,DSL,44,No,0,0,1,0,0,0,False,False,-0.5037576729981889,-0.6899004003843444
Male,0,Yes,72,Yes,No,DSL,110,No,1,1,1,0,0,0,False,False,1.6137012404433893,1.5035547876669937
Male,0,No,7,No,No,DSL,24,No,1,0,0,0,0,0,True,False,-1.0331224013585834,-1.3545837907029317
Male,0,No,5,Yes,Yes,Fiber optic,20,No,1,0,1,1,1,0,True,False,-1.1145631287986442,-1.4875204687666492
Female,0,No,6,Yes,Yes,DSL,50,No,0,0,1,1,0,0,False,True,-1.0738427650786138,-0.49049538328876824
Male,0,Yes,13,Yes,Yes,DSL,66,No,1,1,1,1,0,0,False,False,-0.7888002190384014,0.0412513289661016
Female,0,Yes,1,Yes,Yes,DSL,20,No,0,1,1,1,0,0,True,False,-1.2774445836787656,-1.4875204687666492
Female,0,No,3,Yes,Yes,DSL,79,Yes,0,0,1,1,0,1,False,True,-1.1960038562387048,0.47329553267318336
Male,0,No,7,Yes,No,DSL,96,No,1,0,1,0,0,0,False,True,-1.0331224013585834,1.0382764144439827
Male,0,No,6,Yes,Yes,DSL,85,Yes,1,0,1,1,0,1,True,False,-1.0738427650786138,0.6727005497687596
Male,0,No,1,Yes,No,DSL,20,Yes,1,0,1,0,0,1,False,True,-1.2774445836787656,-1.4875204687666492
Female,0,No,11,Yes,No,DSL,20,No,0,0,1,0,0,0,False,True,-0.8702409464784621,-1.4875204687666492
Female,0,No,63,Yes,No,DSL,100,Yes,0,0,1,0,0,1,False,False,1.247217966963116,1.1712130925077
Female,1,No,3,Yes,No,DSL,75,No,0,0,1,0,0,0,False,False,-1.1960038562387048,0.3403588546094659
Male,0,No,6,Yes,Yes,Fiber optic,19,No,1,0,1,1,1,0,True,False,-1.0738427650786138,-1.5207546382825785
Female,0,Yes,70,Yes,Yes,DSL,69,No,0,1,1,1,0,0,False,False,1.5322605130033284,0.1409538375138897
Male,0,No,37,Yes,No,DSL,90,No,1,0,1,0,0,0,False,False,0.18848851024232702,0.8388713973484064
Female,1,No,38,Yes,Yes,Fiber optic,20,No,0,0,1,1,1,0,True,False,0.22920887396235737,-1.4875204687666492
Female,1,No,29,Yes,Yes,Fiber optic,59,No,0,0,1,1,1,0,False,True,-0.13727439951791576,-0.19138785764540397
Male,0,No,9,Yes,Yes,Fiber optic,20,No,1,0,1,1,1,0,False,False,-0.9516816739185228,-1.4875204687666492
Male,1,No,23,Yes,Yes,DSL,21,No,1,0,1,1,0,0,False,True,-0.38159658183809786,-1.45428629925072
Female,1,No,20,Yes,No,DSL,91,Yes,0,0,1,0,0,1,False,True,-0.5037576729981889,0.8721055668643357
Female,0,Yes,70,Yes,No,Fiber optic,24,No,0,1,1,0,1,0,False,False,1.5322605130033284,-1.3545837907029317
Male,0,No,70,Yes,Yes,DSL,101,No,1,0,1,1,0,0,False,True,1.5322605130033284,1.2044472620236295
Female,1,No,5,Yes,No,DSL,85,No,0,0,1,0,0,0,False,False,-1.1145631287986442,0.6727005497687596
Male,0,Yes,72,Yes,Yes,Fiber optic,81,No,1,1,1,1,1,0,False,True,1.6137012404433893,0.5397638717050421
Female,0,Yes,72,No,Yes,Fiber optic,56,No,0,1,0,1,1,0,False,False,1.6137012404433893,-0.29109036619319206
Male,0,No,4,Yes,No,Fiber optic,95,No,1,0,1,0,1,0,False,False,-1.1552834925186746,1.0050422449280532
Female,0,No,7,Yes,Yes,Fiber optic,20,Yes,0,0,1,1,1,1,True,False,-1.0331224013585834,-1.4875204687666492
Female,0,Yes,23,Yes,Yes,Fiber optic,82,No,0,1,1,1,1,0,False,True,-0.38159658183809786,0.5729980412209714
Female,0,No,11,Yes,Yes,DSL,65,No,0,0,1,1,0,0,False,True,-0.8702409464784621,0.008017159450172232
Male,0,Yes,23,Yes,No,DSL,20,No,1,1,1,0,0,0,True,False,-0.38159658183809786,-1.4875204687666492
Female,0,No,12,Yes,No,DSL,54,No,0,0,1,0,0,0,False,False,-0.8295205827584317,-0.3575587052250508
Male,0,Yes,49,Yes,Yes,Fiber optic,94,No,1,1,1,1,1,0,False,False,0.6771328748826912,0.9718080754121239
Male,0,No,14,Yes,No,Fiber optic,85,Yes,1,0,1,0,1,1,False,False,-0.748079855318371,0.6727005497687596
Male,0,Yes,56,No,No,Fiber optic,36,No,1,1,0,0,1,0,True,False,0.9621754209229036,-0.9557737565117794
Female,0,No,3,Yes,Yes,Fiber optic,20,No,0,0,1,1,1,0,False,False,-1.1960038562387048,-1.4875204687666492
Female,0,No,69,Yes,Yes,Fiber optic,110,No,0,0,1,1,1,0,False,True,1.4915401492832983,1.5035547876669937
Male,1,No,6,Yes,Yes,Fiber optic,81,No,1,0,1,1,1,0,False,False,-1.0738427650786138,0.5397638717050421
Female,0,No,49,Yes,No,DSL,21,No,0,0,1,0,0,0,False,True,0.6771328748826912,-1.45428629925072
Male,0,No,18,Yes,Yes,Fiber optic,95,Yes,1,0,1,1,1,1,True,False,-0.5851984004382496,1.0050422449280532
Male,1,No,1,Yes,No,DSL,70,Yes,1,0,1,0,0,1,False,False,-1.2774445836787656,0.17418800702981907
Female,0,No,3,No,Yes,DSL,35,Yes,0,0,0,1,0,1,False,True,-1.1960038562387048,-0.9890079260277087
Male,0,No,2,Yes,No,Fiber optic,86,Yes,1,0,1,0,1,1,False,False,-1.2367242199587352,0.7059347192846889
Male,0,No,54,Yes,Yes,Fiber optic,20,No,1,0,1,1,1,0,False,False,0.880734693482843,-1.4875204687666492
Male,0,No,24,Yes,Yes,DSL,51,No,1,0,1,1,0,0,False,False,-0.3408762181180675,-0.4572612137728389
Female,0,Yes,54,Yes,No,Fiber optic,60,No,0,1,1,0,1,0,True,False,0.880734693482843,-0.15815368812947458
Male,0,No,15,Yes,No,DSL,20,No,1,0,1,0,0,0,False,False,-0.7073594915983407,-1.4875204687666492
Female,0,No,45,Yes,Yes,Fiber optic,82,No,0,0,1,1,1,0,True,False,0.5142514200025698,0.5729980412209714
Male,0,No,46,No,Yes,DSL,38,No,1,0,0,1,0,0,False,True,0.5549717837226001,-0.8893054174799206
Female,0,No,12,Yes,No,DSL,54,No,0,0,1,0,0,0,True,False,-0.8295205827584317,-0.3575587052250508
Female,0,Yes,71,Yes,Yes,Fiber optic,76,No,0,1,1,1,1,0,False,False,1.5729808767233588,0.37359302412539525
Female,0,No,13,No,No,Fiber optic,32,No,0,0,0,0,1,0,False,False,-0.7888002190384014,-1.0887104345754968
Female,1,No,1,Yes,Yes,Fiber optic,73,Yes,0,0,1,1,1,1,False,False,-1.2774445836787656,0.2738905155776072
Female,0,Yes,58,Yes,No,DSL,92,No,0,1,1,0,0,0,True,False,1.0436161483629645,0.9053397363802651
Female,0,No,7,Yes,No,DSL,75,Yes,0,0,1,0,0,1,False,False,-1.0331224013585834,0.3403588546094659
Male,0,Yes,48,Yes,No,DSL,24,No,1,1,1,0,0,0,False,False,0.6364125111626608,-1.3545837907029317
Male,0,No,71,Yes,No,DSL,98,No,1,0,1,0,0,0,False,True,1.5729808767233588,1.1047447534758412
Male,0,Yes,9,Yes,Yes,Fiber optic,20,No,1,1,1,1,1,0,True,False,-0.9516816739185228,-1.4875204687666492
Female,0,Yes,18,Yes,Yes,Fiber optic,56,No,0,1,1,1,1,0,False,True,-0.5851984004382496,-0.29109036619319206
Male,0,No,1,Yes,No,DSL,20,No,1,0,1,0,0,0,True,False,-1.2774445836787656,-1.4875204687666492
Female,1,No,67,Yes,No,DSL,20,No,0,0,1,0,0,0,False,False,1.4100994218432374,-1.4875204687666492
Male,0,No,1,Yes,No,Fiber optic,85,No,1,0,1,0,1,0,False,False,-1.2774445836787656,0.6727005497687596
Female,0,No,56,Yes,No,DSL,98,No,0,0,1,0,0,0,True,False,0.9621754209229036,1.1047447534758412
Male,0,No,54,No,No,DSL,46,No,1,0,0,0,0,0,False,True,0.880734693482843,-0.6234320613524857
Female,0,Yes,14,Yes,No,DSL,20,No,0,1,1,0,0,0,True,False,-0.748079855318371,-1.4875204687666492
Female,1,No,14,No,Yes,DSL,46,No,0,0,0,1,0,0,False,True,-0.748079855318371,-0.6234320613524857
Male,0,No,54,Yes,Yes,DSL,70,No,1,0,1,1,0,0,False,True,0.880734693482843,0.17418800702981907
Male,0,No,72,Yes,Yes,Fiber optic,68,No,1,0,1,1,1,0,False,True,1.6137012404433893,0.10771966799796033
Male,0,No,17,Yes,Yes,DSL,56,No,1,0,1,1,0,0,False,True,-0.62591876415828,-0.29109036619319206
Female,0,Yes,1,Yes,Yes,DSL,20,No,0,1,1,1,0,0,False,False,-1.2774445836787656,-1.4875204687666492
Female,0,No,30,Yes,No,DSL,85,Yes,0,0,1,0,0,1,False,False,-0.0965540357978854,0.6727005497687596
Female,0,Yes,50,Yes,No,DSL,20,No,0,1,1,0,0,0,False,True,0.7178532386027215,-1.4875204687666492
Male,0,Yes,3,Yes,Yes,Fiber optic,20,No,1,1,1,1,1,0,True,False,-1.1960038562387048,-1.4875204687666492
Male,0,No,12,Yes,Yes,DSL,74,No,1,0,1,1,0,0,False,True,-0.8295205827584317,0.3071246850935365
Female,0,No,13,Yes,No,DSL,81,Yes,0,0,1,0,0,1,False,False,-0.7888002190384014,0.5397638717050421
Female,1,No,25,Yes,Yes,Fiber optic,69,No,0,0,1,1,1,0,True,False,-0.30015585439803716,0.1409538375138897
Female,0,No,2,Yes,No,DSL,90,Yes,0,0,1,0,0,1,False,True,-1.2367242199587352,0.8388713973484064
Female,0,No,36,Yes,No,DSL,71,No,0,0,1,0,0,0,True,False,0.14776814652229667,0.20742217654574843
Male,0,No,3,Yes,Yes,Fiber optic,50,No,1,0,1,1,1,0,False,True,-1.1960038562387048,-0.49049538328876824
Male,0,No,66,Yes,No,Fiber optic,64,No,1,0,1,0,1,0,False,False,1.369379058123207,-0.025217010065757134
Male,0,No,15,Yes,No,Fiber optic,101,Yes,1,0,1,0,1,1,False,False,-0.7073594915983407,1.2044472620236295
Female,0,Yes,61,Yes,Yes,Fiber optic,74,No,0,1,1,1,1,0,False,False,1.1657772395230555,0.3071246850935365
Male,0,No,70,Yes,No,Fiber optic,115,No,1,0,1,0,1,0,False,False,1.5322605130033284,1.6697256352466405
Female,1,No,35,No,No,DSL,40,No,0,0,0,0,0,0,False,True,0.10704778280226633,-0.8228370784480619
Female,0,No,1,Yes,No,DSL,49,Yes,0,0,1,0,0,1,False,False,-1.2774445836787656,-0.5237295528046976
Female,0,Yes,48,Yes,Yes,Fiber optic,21,No,0,1,1,1,1,0,True,False,0.6364125111626608,-1.45428629925072
Male,0,No,70,No,Yes,DSL,40,No,1,0,0,1,0,0,False,True,1.5322605130033284,-0.8228370784480619
Female,0,Yes,12,Yes,Yes,Fiber optic,105,No,0,1,1,1,1,0,False,True,-0.8295205827584317,1.3373839400873468
Male,0,No,61,Yes,No,Fiber optic,114,No,1,0,1,0,1,0,True,False,1.1657772395230555,1.6364914657307112
Female,0,No,38,Yes,No,DSL,84,Yes,0,0,1,0,0,1,False,True,0.22920887396235737,0.6394663802528302
Male,0,No,1,Yes,No,DSL,71,Yes,1,0,1,0,0,1,False,False,-1.2774445836787656,0.20742217654574843
Female,0,Yes,56,Yes,Yes,Fiber optic,65,No,0,1,1,1,1,0,False,True,0.9621754209229036,0.008017159450172232
Female,0,No,5,Yes,No,DSL,85,Yes,0,0,1,0,0,1,False,False,-1.1145631287986442,0.6727005497687596
Male,0,No,11,Yes,No,Fiber optic,46,No,1,0,1,0,1,0,False,False,-0.8702409464784621,-0.6234320613524857
Female,0,Yes,59,Yes,No,DSL,106,No,0,1,1,0,0,0,True,False,1.0843365120829946,1.3706181096032763
Female,0,No,1,Yes,Yes,DSL,45,No,0,0,1,1,0,0,True,False,-1.2774445836787656,-0.6566662308684151
Male,1,No,72,Yes,Yes,DSL,104,Yes,1,0,1,1,0,1,False,False,1.6137012404433893,1.3041497705714176
Male,0,Yes,22,Yes,No,Fiber optic,20,No,1,1,1,0,1,0,False,False,-0.4223169455581282,-1.4875204687666492
Male,0,Yes,17,Yes,No,DSL,45,No,1,1,1,0,0,0,True,False,-0.62591876415828,-0.6566662308684151
Male,0,No,50,No,No,Fiber optic,44,No,1,0,0,0,1,0,False,False,0.7178532386027215,-0.6899004003843444
Male,0,No,8,Yes,Yes,Fiber optic,67,No,1,0,1,1,1,0,True,False,-0.9924020376385531,0.07448549848203097
Male,0,Yes,56,Yes,No,DSL,60,No,1,1,1,0,0,0,True,False,0.9621754209229036,-0.15815368812947458
Female,0,Yes,3,Yes,No,DSL,80,Yes,0,1,1,0,0,1,False,False,-1.1960038562387048,0.5065297021891128
Male,0,Yes,40,Yes,No,Fiber optic,20,No,1,1,1,0,1,0,False,False,0.3106496014024181,-1.4875204687666492
Male,1,No,67,Yes,Yes,Fiber optic,101,No,1,0,1,1,1,0,True,False,1.4100994218432374,1.2044472620236295
Female,0,No,4,Yes,No,Fiber optic,92,Yes,0,0,1,0,1,1,True,False,-1.1552834925186746,0.9053397363802651
Female,0,No,67,Yes,Yes,Fiber optic,21,No,0,0,1,1,1,0,False,False,1.4100994218432374,-1.45428629925072
Female,0,Yes,4,Yes,Yes,Fiber optic,50,No,0,1,1,1,1,0,False,False,-1.1552834925186746,-0.49049538328876824
Female,0,Yes,61,Yes,Yes,Fiber optic,24,No,0,1,1,1,1,0,False,False,1.1657772395230555,-1.3545837907029317
Female,0,No,69,Yes,Yes,Fiber optic,26,No,0,0,1,1,1,0,False,False,1.4915401492832983,-1.288115451671073
Female,0,No,49,Yes,No,DSL,20,No,0,0,1,0,0,0,False,False,0.6771328748826912,-1.4875204687666492
Male,0,No,49,Yes,Yes,Fiber optic,85,No,1,0,1,1,1,0,True,False,0.6771328748826912,0.6727005497687596
Female,0,No,35,Yes,Yes,Fiber optic,113,No,0,0,1,1,1,0,False,False,0.10704778280226633,1.6032572962147817
Male,0,Yes,69,Yes,Yes,Fiber optic,24,No,1,1,1,1,1,0,False,True,1.4915401492832983,-1.3545837907029317
Female,0,No,60,Yes,Yes,Fiber optic,60,No,0,0,1,1,1,0,False,True,1.125056875803025,-0.15815368812947458
Female,0,Yes,1,No,No,Fiber optic,40,Yes,0,1,0,0,1,1,False,False,-1.2774445836787656,-0.8228370784480619
Female,0,Yes,17,Yes,Yes,Fiber optic,56,Yes,0,1,1,1,1,1,False,False,-0.62591876415828,-0.29109036619319206
Female,0,No,1,Yes,No,DSL,45,No,0,0,1,0,0,0,False,False,-1.2774445836787656,-0.6566662308684151
Male,0,Yes,5,Yes,Yes,Fiber optic,21,No,1,1,1,1,1,0,False,False,-1.1145631287986442,-1.45428629925072
Female,0,No,13,Yes,No,Fiber optic,20,No,0,0,1,0,1,0,False,False,-0.7888002190384014,-1.4875204687666492
Male,0,No,4,Yes,No,Fiber optic,74,Yes,1,0,1,0,1,1,True,False,-1.1552834925186746,0.3071246850935365
Male,0,Yes,53,Yes,No,DSL,79,No,1,1,1,0,0,0,False,True,0.8400143297628127,0.47329553267318336
Female,0,Yes,72,No,Yes,Fiber optic,64,No,0,1,0,1,1,0,False,False,1.6137012404433893,-0.025217010065757134
Male,0,No,24,Yes,No,DSL,21,No,1,0,1,0,0,0,False,False,-0.3408762181180675,-1.45428629925072
Female,0,No,19,Yes,No,DSL,25,No,0,0,1,0,0,0,True,False,-0.5444780367182193,-1.3213496211870024
Male,0,Yes,1,Yes,No,DSL,20,No,1,1,1,0,0,0,False,False,-1.2774445836787656,-1.4875204687666492
Female,0,No,5,Yes,Yes,Fiber optic,76,No,0,0,1,1,1,0,False,True,-1.1145631287986442,0.37359302412539525
Male,1,Yes,71,Yes,No,Fiber optic,87,No,1,1,1,0,1,0,False,False,1.5729808767233588,0.7391688888006183
Male,0,No,72,Yes,Yes,Fiber optic,89,No,1,0,1,1,1,0,False,False,1.6137012404433893,0.805637227832477
Female,0,No,42,Yes,Yes,Fiber optic,60,No,0,0,1,1,1,0,True,False,0.3920903288424788,-0.15815368812947458
Male,0,No,14,Yes,No,DSL,56,No,1,0,1,0,0,0,True,False,-0.748079855318371,-0.29109036619319206
Male,0,No,1,Yes,Yes,DSL,51,No,1,0,1,1,0,0,False,True,-1.2774445836787656,-0.4572612137728389
Female,1,No,2,Yes,Yes,Fiber optic,71,Yes,0,0,1,1,1,1,False,False,-1.2367242199587352,0.20742217654574843
Female,1,Yes,72,Yes,No,Fiber optic,92,Yes,0,1,1,0,1,1,False,False,1.6137012404433893,0.9053397363802651
Female,0,Yes,13,Yes,No,DSL,88,Yes,0,1,1,0,0,1,False,True,-0.7888002190384014,0.7724030583165477
Female,0,No,18,Yes,Yes,Fiber optic,78,No,0,0,1,1,1,0,False,False,-0.5851984004382496,0.44006136315725397
Female,0,No,45,Yes,No,Fiber optic,97,No,0,0,1,0,1,0,True,False,0.5142514200025698,1.071510583959912
Female,1,No,55,Yes,Yes,DSL,100,No,0,0,1,1,0,0,True,False,0.9214550572028734,1.1712130925077
Male,0,Yes,1,Yes,No,DSL,50,No,1,1,1,0,0,0,False,False,-1.2774445836787656,-0.49049538328876824
Male,0,No,1,Yes,Yes,Fiber optic,21,No,1,0,1,1,1,0,False,False,-1.2774445836787656,-1.45428629925072
Male,0,No,65,Yes,Yes,DSL,25,No,1,0,1,1,0,0,True,False,1.3286586944031769,-1.3213496211870024
Female,0,No,46,Yes,No,Fiber optic,69,No,0,0,1,0,1,0,False,False,0.5549717837226001,0.1409538375138897
Female,0,Yes,21,Yes,No,DSL,21,No,0,1,1,0,0,0,False,False,-0.46303730927815856,-1.45428629925072
Male,1,No,24,Yes,Yes,Fiber optic,101,Yes,1,0,1,1,1,1,False,False,-0.3408762181180675,1.2044472620236295
Female,0,Yes,34,No,No,Fiber optic,61,No,0,1,0,0,1,0,False,False,0.06632741908223598,-0.12491951861354524
Female,0,No,13,Yes,Yes,Fiber optic,75,No,0,0,1,1,1,0,False,True,-0.7888002190384014,0.3403588546094659
Female,0,Yes,48,Yes,No,Fiber optic,70,No,0,1,1,0,1,0,True,False,0.6364125111626608,0.17418800702981907
Female,0,No,56,Yes,No,Fiber optic,107,No,0,0,1,0,1,0,False,False,0.9621754209229036,1.4038522791192056
Female,0,Yes,42,Yes,No,Fiber optic,100,No,0,1,1,0,1,0,False,True,0.3920903288424788,1.1712130925077
Female,0,No,4,Yes,No,DSL,55,No,0,0,1,0,0,0,False,True,-1.1552834925186746,-0.32432453570912145
Female,0,No,65,Yes,Yes,Fiber optic,55,No,0,0,1,1,1,0,False,False,1.3286586944031769,-0.32432453570912145
Male,0,No,3,No,No,DSL,25,No,1,0,0,0,0,0,True,False,-1.1960038562387048,-1.3213496211870024
Female,0,Yes,70,Yes,Yes,Fiber optic,81,No,0,1,1,1,1,0,False,False,1.5322605130033284,0.5397638717050421
Male,1,No,1,Yes,No,DSL,89,Yes,1,0,1,0,0,1,False,True,-1.2774445836787656,0.805637227832477
Male,0,No,66,Yes,Yes,Fiber optic,55,No,1,0,1,1,1,0,False,False,1.369379058123207,-0.32432453570912145
Male,0,No,19,Yes,Yes,Fiber optic,55,Yes,1,0,1,1,1,1,True,False,-0.5444780367182193,-0.32432453570912145
Male,0,No,70,Yes,No,DSL,24,No,1,0,1,0,0,0,False,False,1.5322605130033284,-1.3545837907029317
Male,0,No,41,Yes,No,DSL,100,No,1,0,1,0,0,0,True,False,0.35136996512244845,1.1712130925077
Male,0,Yes,45,Yes,No,DSL,110,No,1,1,1,0,0,0,False,False,0.5142514200025698,1.5035547876669937
Female,0,No,49,Yes,No,Fiber optic,20,No,0,0,1,0,1,0,False,False,0.6771328748826912,-1.4875204687666492
Male,1,No,22,Yes,No,DSL,90,Yes,1,0,1,0,0,1,False,True,-0.4223169455581282,0.8388713973484064
Female,0,Yes,56,Yes,Yes,Fiber optic,100,No,0,1,1,1,1,0,False,False,0.9621754209229036,1.1712130925077
Female,0,No,15,Yes,Yes,Fiber optic,56,Yes,0,0,1,1,1,1,False,False,-0.7073594915983407,-0.29109036619319206
Female,0,Yes,67,Yes,No,DSL,100,No,0,1,1,0,0,0,False,False,1.4100994218432374,1.1712130925077
Male,0,Yes,1,Yes,Yes,Fiber optic,20,No,1,1,1,1,1,0,False,False,-1.2774445836787656,-1.4875204687666492
Male,1,Yes,38,Yes,Yes,Fiber optic,101,No,1,1,1,1,1,0,False,False,0.22920887396235737,1.2044472620236295
Female,0,No,52,Yes,No,DSL,74,No,0,0,1,0,0,0,False,True,0.7992939660427822,0.3071246850935365
Female,0,Yes,34,Yes,No,DSL,20,No,0,1,1,0,0,0,False,False,0.06632741908223598,-1.4875204687666492
Male,0,Yes,69,Yes,No,Fiber optic,20,No,1,1,1,0,1,0,False,False,1.4915401492832983,-1.4875204687666492
Male,0,Yes,4,Yes,No,DSL,102,Yes,1,1,1,0,0,1,False,False,-1.1552834925186746,1.2376814315395588
Female,0,No,63,Yes,No,DSL,59,No,0,0,1,0,0,0,False,False,1.247217966963116,-0.19138785764540397
Male,0,No,24,Yes,Yes,Fiber optic,20,No,1,0,1,1,1,0,False,False,-0.3408762181180675,-1.4875204687666492
Male,0,No,62,Yes,No,DSL,91,No,1,0,1,0,0,0,False,False,1.2064976032430856,0.8721055668643357
Female,0,No,36,Yes,Yes,DSL,19,No,0,0,1,1,0,0,False,True,0.14776814652229667,-1.5207546382825785
Female,0,No,38,Yes,No,DSL,68,No,0,0,1,0,0,0,False,False,0.22920887396235737,0.10771966799796033
Female,1,No,47,Yes,Yes,DSL,80,Yes,0,0,1,1,0,1,False,False,0.5956921474426305,0.5065297021891128
Male,0,No,38,Yes,No,Fiber optic,79,Yes,1,0,1,0,1,1,False,False,0.22920887396235737,0.47329553267318336
Female,0,Yes,42,Yes,No,DSL,92,No,0,1,1,0,0,0,False,False,0.3920903288424788,0.9053397363802651
Female,0,No,42,Yes,No,DSL,25,No,0,0,1,0,0,0,True,False,0.3920903288424788,-1.3213496211870024
Female,0,No,3,Yes,No,DSL,75,No,0,0,1,0,0,0,False,False,-1.1960038562387048,0.3403588546094659
Male,1,No,8,Yes,Yes,DSL,100,Yes,1,0,1,1,0,1,False,True,-0.9924020376385531,1.1712130925077
Male,1,No,9,Yes,No,DSL,84,Yes,1,0,1,0,0,1,False,False,-0.9516816739185228,0.6394663802528302
Female,0,No,58,Yes,No,Fiber optic,68,No,0,0,1,0,1,0,False,False,1.0436161483629645,0.10771966799796033
Male,1,No,21,Yes,No,DSL,60,Yes,1,0,1,0,0,1,False,False,-0.46303730927815856,-0.15815368812947458
Female,0,No,10,Yes,No,DSL,21,No,0,0,1,0,0,0,False,False,-0.9109613101984924,-1.45428629925072
Female,0,No,70,Yes,No,DSL,99,No,0,0,1,0,0,0,False,True,1.5322605130033284,1.1379789229917707
Male,0,No,26,Yes,Yes,Fiber optic,75,No,1,0,1,1,1,0,False,False,-0.2594354906780068,0.3403588546094659
Male,1,No,36,Yes,No,Fiber optic,96,Yes,1,0,1,0,1,1,False,False,0.14776814652229667,1.0382764144439827
Male,0,No,72,Yes,Yes,Fiber optic,68,No,1,0,1,1,1,0,False,False,1.6137012404433893,0.10771966799796033
Female,0,No,9,Yes,No,DSL,74,Yes,0,0,1,0,0,1,False,True,-0.9516816739185228,0.3071246850935365
Female,0,No,15,Yes,No,DSL,100,No,0,0,1,0,0,0,False,False,-0.7073594915983407,1.1712130925077
Female,1,No,63,Yes,No,DSL,83,No,0,0,1,0,0,0,False,True,1.247217966963116,0.6062322107369008
Male,0,No,4,Yes,Yes,Fiber optic,64,No,1,0,1,1,1,0,False,True,-1.1552834925186746,-0.025217010065757134
Male,0,No,25,Yes,No,Fiber optic,21,No,1,0,1,0,1,0,False,False,-0.30015585439803716,-1.45428629925072
Male,0,No,46,Yes,Yes,Fiber optic,20,No,1,0,1,1,1,0,False,False,0.5549717837226001,-1.4875204687666492
Female,1,No,44,Yes,Yes,Fiber optic,104,No,0,0,1,1,1,0,True,False,0.47353105628253944,1.3041497705714176
Male,0,No,12,Yes,No,DSL,20,No,1,0,1,0,0,0,True,False,-0.8295205827584317,-1.4875204687666492
Male,0,No,1,Yes,No,DSL,45,No,1,0,1,0,0,0,False,False,-1.2774445836787656,-0.6566662308684151
Male,0,No,1,Yes,No,DSL,49,Yes,1,0,1,0,0,1,False,True,-1.2774445836787656,-0.5237295528046976
Female,1,No,20,Yes,No,DSL,62,Yes,0,0,1,0,0,1,True,False,-0.5037576729981889,-0.09168534909761586
Female,0,Yes,72,Yes,Yes,Fiber optic,118,No,0,1,1,1,1,0,False,False,1.6137012404433893,1.7694281437944286
Male,0,No,53,No,Yes,DSL,60,Yes,1,0,0,1,0,1,False,True,0.8400143297628127,-0.15815368812947458
Male,0,Yes,52,Yes,Yes,Fiber optic,19,No,1,1,1,1,1,0,False,False,0.7992939660427822,-1.5207546382825785
Male,1,No,2,Yes,No,DSL,74,No,1,0,1,0,0,0,False,False,-1.2367242199587352,0.3071246850935365
Male,0,No,50,Yes,No,DSL,94,No,1,0,1,0,0,0,False,False,0.7178532386027215,0.9718080754121239
Male,0,Yes,17,Yes,No,DSL,69,Yes,1,1,1,0,0,1,False,False,-0.62591876415828,0.1409538375138897
Male,1,No,51,No,No,DSL,29,No,1,0,0,0,0,0,True,False,0.758573602322752,-1.188412943123285
Male,1,No,16,Yes,No,Fiber optic,79,No,1,0,1,0,1,0,False,True,-0.6666391278783103,0.47329553267318336
Female,0,No,18,Yes,Yes,DSL,95,No,0,0,1,1,0,0,False,True,-0.5851984004382496,1.0050422449280532
Male,0,Yes,71,Yes,Yes,DSL,85,No,1,1,1,1,0,0,False,True,1.5729808767233588,0.6727005497687596
Male,0,Yes,68,No,Yes,DSL,45,No,1,1,0,1,0,0,False,True,1.4508197855632678,-0.6566662308684151
Male,1,No,1,Yes,No,DSL,75,No,1,0,1,0,0,0,False,True,-1.2774445836787656,0.3403588546094659
Female,0,Yes,25,Yes,Yes,Fiber optic,19,No,0,1,1,1,1,0,False,False,-0.30015585439803716,-1.5207546382825785
Male,1,No,24,Yes,No,Fiber optic,93,Yes,1,0,1,0,1,1,False,False,-0.3408762181180675,0.9385739058961945
Male,0,No,14,No,Yes,Fiber optic,51,Yes,1,0,0,1,1,1,False,False,-0.748079855318371,-0.4572612137728389
Male,0,No,55,Yes,No,DSL,59,No,1,0,1,0,0,0,False,True,0.9214550572028734,-0.19138785764540397
Female,0,No,25,No,No,DSL,61,No,0,0,0,0,0,0,False,False,-0.30015585439803716,-0.12491951861354524
Male,0,Yes,10,Yes,No,Fiber optic,60,No,1,1,1,0,1,0,False,False,-0.9109613101984924,-0.15815368812947458
Male,0,Yes,61,Yes,Yes,Fiber optic,104,No,1,1,1,1,1,0,False,False,1.1657772395230555,1.3041497705714176
Male,0,No,6,Yes,No,Fiber optic,59,No,1,0,1,0,1,0,False,False,-1.0738427650786138,-0.19138785764540397
Male,0,No,13,Yes,No,DSL,20,No,1,0,1,0,0,0,False,True,-0.7888002190384014,-1.4875204687666492
Female,0,No,2,Yes,No,DSL,19,No,0,0,1,0,0,0,False,False,-1.2367242199587352,-1.5207546382825785
Female,0,No,1,Yes,Yes,Fiber optic,45,No,0,0,1,1,1,0,True,False,-1.2774445836787656,-0.6566662308684151
Female,0,No,2,Yes,Yes,Fiber optic,70,No,0,0,1,1,1,0,False,False,-1.2367242199587352,0.17418800702981907
Male,1,No,49,Yes,No,Fiber optic,96,Yes,1,0,1,0,1,1,False,False,0.6771328748826912,1.0382764144439827
Female,0,No,1,Yes,Yes,Fiber optic,45,Yes,0,0,1,1,1,1,False,False,-1.2774445836787656,-0.6566662308684151
Male,0,No,37,Yes,No,DSL,94,No,1,0,1,0,0,0,True,False,0.18848851024232702,0.9718080754121239
Female,0,Yes,40,Yes,No,DSL,20,No,0,1,1,0,0,0,False,False,0.3106496014024181,-1.4875204687666492
Female,1,No,23,Yes,No,DSL,95,Yes,0,0,1,0,0,1,False,True,-0.38159658183809786,1.0050422449280532
Female,1,No,66,Yes,No,Fiber optic,108,No,0,0,1,0,1,0,False,False,1.369379058123207,1.437086448635135
Male,0,Yes,17,Yes,No,DSL,93,Yes,1,1,1,0,0,1,False,False,-0.62591876415828,0.9385739058961945
Male,1,No,9,Yes,No,DSL,85,Yes,1,0,1,0,0,1,False,False,-0.9516816739185228,0.6727005497687596
Female,1,No,39,Yes,No,DSL,101,No,0,0,1,0,0,0,True,False,0.26992923768238775,1.2044472620236295
Male,0,Yes,23,No,Yes,DSL,40,No,1,1,0,1,0,0,False,True,-0.38159658183809786,-0.8228370784480619
Male,0,No,50,Yes,Yes,DSL,20,No,1,0,1,1,0,0,True,False,0.7178532386027215,-1.4875204687666492
Female,0,No,3,Yes,No,DSL,98,Yes,0,0,1,0,0,1,False,False,-1.1960038562387048,1.1047447534758412
Female,0,No,61,Yes,No,DSL,19,No,0,0,1,0,0,0,False,False,1.1657772395230555,-1.5207546382825785
Female,0,No,24,Yes,No,DSL,89,No,0,0,1,0,0,0,False,False,-0.3408762181180675,0.805637227832477
Female,0,Yes,14,Yes,No,DSL,85,No,0,1,1,0,0,0,True,False,-0.748079855318371,0.6727005497687596
Male,0,Yes,52,Yes,No,Fiber optic,26,No,1,1,1,0,1,0,False,False,0.7992939660427822,-1.288115451671073
Female,0,No,15,Yes,No,Fiber optic,84,Yes,0,0,1,0,1,1,False,False,-0.7073594915983407,0.6394663802528302
Female,0,No,33,Yes,No,Fiber optic,59,No,0,0,1,0,1,0,False,False,0.025607055362205634,-0.19138785764540397
Male,1,No,69,Yes,No,Fiber optic,95,No,1,0,1,0,1,0,False,True,1.4915401492832983,1.0050422449280532
Female,0,Yes,61,Yes,Yes,Fiber optic,88,No,0,1,1,1,1,0,False,False,1.1657772395230555,0.7724030583165477
Male,0,Yes,71,Yes,Yes,Fiber optic,116,No,1,1,1,1,1,0,True,False,1.5729808767233588,1.7029598047625698
Female,0,No,53,Yes,Yes,Fiber optic,91,No,0,0,1,1,1,0,False,False,0.8400143297628127,0.8721055668643357
Female,1,No,42,Yes,No,Fiber optic,56,No,0,0,1,0,1,0,False,False,0.3920903288424788,-0.29109036619319206
Male,0,No,36,Yes,No,Fiber optic,79,No,1,0,1,0,1,0,False,False,0.14776814652229667,0.47329553267318336
Male,0,No,25,Yes,Yes,DSL,106,No,1,0,1,1,0,0,False,False,-0.30015585439803716,1.3706181096032763
Female,0,No,8,Yes,No,Fiber optic,21,No,0,0,1,0,1,0,False,False,-0.9924020376385531,-1.45428629925072
Female,0,No,16,Yes,Yes,DSL,96,Yes,0,0,1,1,0,1,False,True,-0.6666391278783103,1.0382764144439827
Female,0,No,12,Yes,No,DSL,90,Yes,0,0,1,0,0,1,False,True,-0.8295205827584317,0.8388713973484064
Female,0,No,28,Yes,Yes,DSL,105,Yes,0,0,1,1,0,1,False,True,-0.1779947632379461,1.3373839400873468
Male,0,No,7,Yes,Yes,Fiber optic,94,No,1,0,1,1,1,0,False,True,-1.0331224013585834,0.9718080754121239
Male,1,No,32,Yes,No,DSL,105,Yes,1,0,1,0,0,1,False,False,-0.015113308357824713,1.3373839400873468
Female,0,Yes,1,Yes,No,Fiber optic,79,Yes,0,1,1,0,1,1,True,False,-1.2774445836787656,0.47329553267318336
Male,0,No,8,No,No,Fiber optic,30,Yes,1,0,0,0,1,1,False,False,-0.9924020376385531,-1.1551787736073555
Male,0,No,63,Yes,No,Fiber optic,103,Yes,1,0,1,0,1,1,False,False,1.247217966963116,1.270915601055488
Female,0,No,1,No,No,DSL,35,Yes,0,0,0,0,0,1,True,False,-1.2774445836787656,-0.9890079260277087
Male,0,No,60,Yes,No,Fiber optic,102,No,1,0,1,0,1,0,False,False,1.125056875803025,1.2376814315395588
Female,0,No,16,Yes,No,Fiber optic,86,No,0,0,1,0,1,0,False,False,-0.6666391278783103,0.7059347192846889
Male,1,No,71,Yes,No,DSL,92,No,1,0,1,0,0,0,True,False,1.5729808767233588,0.9053397363802651
Male,0,Yes,40,Yes,Yes,Fiber optic,85,No,1,1,1,1,1,0,False,False,0.3106496014024181,0.6727005497687596
Female,1,No,18,Yes,Yes,DSL,100,Yes,0,0,1,1,0,1,True,False,-0.5851984004382496,1.1712130925077
Male,0,No,5,Yes,No,DSL,79,No,1,0,1,0,0,0,False,False,-1.1145631287986442,0.47329553267318336
Male,0,No,33,Yes,No,DSL,79,No,1,0,1,0,0,0,True,False,0.025607055362205634,0.47329553267318336
Female,0,Yes,13,Yes,No,DSL,20,No,0,1,1,0,0,0,False,False,-0.7888002190384014,-1.4875204687666492
Female,0,No,40,Yes,No,DSL,50,No,0,0,1,0,0,0,False,False,0.3106496014024181,-0.49049538328876824
Male,1,No,67,Yes,No,DSL,116,No,1,0,1,0,0,0,False,False,1.4100994218432374,1.7029598047625698
Female,0,No,16,Yes,Yes,DSL,50,Yes,0,0,1,1,0,1,True,False,-0.6666391278783103,-0.49049538328876824
Male,0,No,59,Yes,No,DSL,66,No,1,0,1,0,0,0,False,False,1.0843365120829946,0.0412513289661016
Male,1,No,8,Yes,Yes,Fiber optic,70,No,1,0,1,1,1,0,False,False,-0.9924020376385531,0.17418800702981907
Male,0,Yes,24,Yes,No,DSL,24,No,1,1,1,0,0,0,True,False,-0.3408762181180675,-1.3545837907029317
Male,0,Yes,7,Yes,No,Fiber optic,20,No,1,1,1,0,1,0,False,False,-1.0331224013585834,-1.4875204687666492
Male,0,Yes,72,Yes,No,Fiber optic,24,No,1,1,1,0,1,0,False,False,1.6137012404433893,-1.3545837907029317
Female,0,No,44,Yes,No,Fiber optic,88,No,0,0,1,0,1,0,False,False,0.47353105628253944,0.7724030583165477
Female,1,No,38,Yes,Yes,Fiber optic,75,Yes,0,0,1,1,1,1,False,False,0.22920887396235737,0.3403588546094659
Male,0,No,4,Yes,No,DSL,56,No,1,0,1,0,0,0,True,False,-1.1552834925186746,-0.29109036619319206
Male,0,No,2,Yes,Yes,Fiber optic,53,No,1,0,1,1,1,0,False,True,-1.2367242199587352,-0.3907928747409802
Female,0,No,70,No,No,DSL,50,No,0,0,0,0,0,0,False,False,1.5322605130033284,-0.49049538328876824
Female,0,No,33,Yes,No,DSL,91,No,0,0,1,0,0,0,False,False,0.025607055362205634,0.8721055668643357
Female,0,No,1,No,No,DSL,25,No,0,0,0,0,0,0,True,False,-1.2774445836787656,-1.3213496211870024
Male,0,No,39,No,Yes,Fiber optic,36,No,1,0,0,1,1,0,False,False,0.26992923768238775,-0.9557737565117794
Male,1,No,55,Yes,No,DSL,116,No,1,0,1,0,0,0,False,True,0.9214550572028734,1.7029598047625698
Male,0,Yes,52,Yes,No,Fiber optic,69,No,1,1,1,0,1,0,False,False,0.7992939660427822,0.1409538375138897
Female,0,Yes,30,No,Yes,Fiber optic,51,Yes,0,1,0,1,1,1,False,False,-0.0965540357978854,-0.4572612137728389
Male,1,No,60,Yes,No,DSL,99,No,1,0,1,0,0,0,True,False,1.125056875803025,1.1379789229917707
Male,0,Yes,50,Yes,No,Fiber optic,55,No,1,1,1,0,1,0,False,False,0.7178532386027215,-0.32432453570912145
Female,0,No,32,Yes,No,DSL,110,No,0,0,1,0,0,0,False,False,-0.015113308357824713,1.5035547876669937
Male,0,No,51,Yes,No,DSL,107,No,1,0,1,0,0,0,False,True,0.758573602322752,1.4038522791192056
Male,0,No,1,Yes,Yes,Fiber optic,74,No,1,0,1,1,1,0,False,False,-1.2774445836787656,0.3071246850935365
Female,0,Yes,69,Yes,No,DSL,26,No,0,1,1,0,0,0,False,False,1.4915401492832983,-1.288115451671073
Female,0,Yes,42,Yes,Yes,Fiber optic,94,Yes,0,1,1,1,1,1,False,False,0.3920903288424788,0.9718080754121239
Male,0,No,14,No,Yes,DSL,46,Yes,1,0,0,1,0,1,True,False,-0.748079855318371,-0.6234320613524857
Male,0,Yes,52,Yes,Yes,Fiber optic,26,No,1,1,1,1,1,0,False,False,0.7992939660427822,-1.288115451671073
Male,0,No,62,Yes,Yes,Fiber optic,108,No,1,0,1,1,1,0,False,True,1.2064976032430856,1.437086448635135
Female,0,Yes,72,Yes,No,Fiber optic,20,No,0,1,1,0,1,0,False,False,1.6137012404433893,-1.4875204687666492
Male,0,No,32,Yes,No,DSL,96,Yes,1,0,1,0,0,1,False,True,-0.015113308357824713,1.0382764144439827
Female,1,No,1,Yes,Yes,Fiber optic,70,Yes,0,0,1,1,1,1,False,False,-1.2774445836787656,0.17418800702981907
Female,1,No,72,Yes,Yes,DSL,78,No,0,0,1,1,0,0,False,True,1.6137012404433893,0.44006136315725397
Female,1,No,1,Yes,No,Fiber optic,45,Yes,0,0,1,0,1,1,False,False,-1.2774445836787656,-0.6566662308684151
Female,0,No,1,Yes,No,DSL,26,No,0,0,1,0,0,0,True,False,-1.2774445836787656,-1.288115451671073
Male,0,No,5,Yes,No,Fiber optic,104,Yes,1,0,1,0,1,1,False,False,-1.1145631287986442,1.3041497705714176
Male,0,No,63,Yes,No,Fiber optic,105,No,1,0,1,0,1,0,False,False,1.247217966963116,1.3373839400873468
Male,0,Yes,67,Yes,Yes,Fiber optic,81,No,1,1,1,1,1,0,False,False,1.4100994218432374,0.5397638717050421
Female,0,Yes,40,Yes,Yes,Fiber optic,96,No,0,1,1,1,1,0,False,False,0.3106496014024181,1.0382764144439827
Male,0,No,65,Yes,Yes,Fiber optic,94,No,1,0,1,1,1,0,False,False,1.3286586944031769,0.9718080754121239
Female,0,Yes,16,Yes,Yes,Fiber optic,20,No,0,1,1,1,1,0,True,False,-0.6666391278783103,-1.4875204687666492
Female,1,No,46,Yes,No,DSL,69,No,0,0,1,0,0,0,True,False,0.5549717837226001,0.1409538375138897
Male,0,No,11,No,No,DSL,36,No,1,0,0,0,0,0,False,True,-0.8702409464784621,-0.9557737565117794
Female,0,No,49,Yes,Yes,Fiber optic,99,No,0,0,1,1,1,0,False,True,0.6771328748826912,1.1379789229917707
Female,0,No,68,No,Yes,DSL,54,No,0,0,0,1,0,0,True,False,1.4508197855632678,-0.3575587052250508
Female,0,No,10,Yes,No,Fiber optic,19,No,0,0,1,0,1,0,False,False,-0.9109613101984924,-1.5207546382825785
Female,1,No,2,Yes,No,DSL,84,No,0,0,1,0,0,0,False,False,-1.2367242199587352,0.6394663802528302
Female,0,No,5,Yes,No,Fiber optic,69,No,0,0,1,0,1,0,True,False,-1.1145631287986442,0.1409538375138897
Male,0,Yes,53,Yes,Yes,Fiber optic,63,No,1,1,1,1,1,0,True,False,0.8400143297628127,-0.0584511795816865
Male,1,No,54,Yes,Yes,DSL,110,No,1,0,1,1,0,0,False,False,0.880734693482843,1.5035547876669937
Female,0,No,4,Yes,Yes,DSL,45,Yes,0,0,1,1,0,1,False,False,-1.1552834925186746,-0.6566662308684151
Male,1,No,15,Yes,No,DSL,76,Yes,1,0,1,0,0,1,False,False,-0.7073594915983407,0.37359302412539525
Male,0,No,10,Yes,No,DSL,20,No,1,0,1,0,0,0,False,False,-0.9109613101984924,-1.4875204687666492
Female,0,No,3,Yes,Yes,Fiber optic,55,Yes,0,0,1,1,1,1,True,False,-1.1960038562387048,-0.32432453570912145
Female,0,No,71,Yes,No,DSL,25,No,0,0,1,0,0,0,True,False,1.5729808767233588,-1.3213496211870024
Male,0,No,8,Yes,No,Fiber optic,55,No,1,0,1,0,1,0,False,False,-0.9924020376385531,-0.32432453570912145
Male,1,No,1,Yes,Yes,Fiber optic,94,Yes,1,0,1,1,1,1,False,True,-1.2774445836787656,0.9718080754121239
Female,0,Yes,64,Yes,Yes,DSL,110,No,0,1,1,1,0,0,False,True,1.2879383306831464,1.5035547876669937
Male,0,No,57,Yes,Yes,DSL,19,No,1,0,1,1,0,0,False,True,1.002895784642934,-1.5207546382825785
Female,1,No,1,Yes,No,DSL,101,Yes,0,0,1,0,0,1,False,False,-1.2774445836787656,1.2044472620236295
Female,1,No,20,Yes,No,DSL,60,No,0,0,1,0,0,0,False,True,-0.5037576729981889,-0.15815368812947458
Female,1,No,26,Yes,No,Fiber optic,66,No,0,0,1,0,1,0,False,False,-0.2594354906780068,0.0412513289661016
Female,1,No,2,Yes,Yes,DSL,80,Yes,0,0,1,1,0,1,False,True,-1.2367242199587352,0.5065297021891128
Male,0,Yes,32,Yes,Yes,Fiber optic,95,No,1,1,1,1,1,0,False,False,-0.015113308357824713,1.0050422449280532
Female,0,No,5,Yes,Yes,Fiber optic,25,No,0,0,1,1,1,0,False,False,-1.1145631287986442,-1.3213496211870024
Female,0,No,70,Yes,Yes,DSL,111,No,0,0,1,1,0,0,False,True,1.5322605130033284,1.536788957182923
Male,0,No,31,Yes,Yes,DSL,55,Yes,1,0,1,1,0,1,True,False,-0.055833672077855064,-0.32432453570912145
Female,0,No,7,Yes,Yes,Fiber optic,60,Yes,0,0,1,1,1,1,False,True,-1.0331224013585834,-0.15815368812947458
Male,0,No,1,No,Yes,Fiber optic,25,No,1,0,0,1,1,0,False,False,-1.2774445836787656,-1.3213496211870024
Male,1,No,20,Yes,No,DSL,99,Yes,1,0,1,0,0,1,False,True,-0.5037576729981889,1.1379789229917707
Male,0,No,35,Yes,No,Fiber optic,61,No,1,0,1,0,1,0,False,False,0.10704778280226633,-0.12491951861354524
Male,0,No,6,Yes,Yes,DSL,61,No,1,0,1,1,0,0,True,False,-1.0738427650786138,-0.12491951861354524
Female,0,Yes,72,Yes,No,DSL,75,No,0,1,1,0,0,0,True,False,1.6137012404433893,0.3403588546094659
Female,0,No,13,Yes,No,DSL,20,No,0,0,1,0,0,0,True,False,-0.7888002190384014,-1.4875204687666492
Female,1,No,4,Yes,No,DSL,49,No,0,0,1,0,0,0,False,False,-1.1552834925186746,-0.5237295528046976
Male,0,Yes,63,Yes,Yes,Fiber optic,19,No,1,1,1,1,1,0,False,False,1.247217966963116,-1.5207546382825785
Male,0,No,69,Yes,No,Fiber optic,85,No,1,0,1,0,1,0,False,False,1.4915401492832983,0.6727005497687596
Female,0,No,3,No,No,DSL,34,Yes,0,0,0,0,0,1,True,False,-1.1960038562387048,-1.0222420955436382
Female,1,No,71,Yes,No,DSL,81,No,0,0,1,0,0,0,False,False,1.5729808767233588,0.5397638717050421
Male,0,No,15,Yes,Yes,Fiber optic,19,No,1,0,1,1,1,0,False,False,-0.7073594915983407,-1.5207546382825785
Female,0,Yes,30,Yes,No,DSL,20,No,0,1,1,0,0,0,False,True,-0.0965540357978854,-1.4875204687666492
Female,0,No,23,Yes,Yes,DSL,83,No,0,0,1,1,0,0,False,False,-0.38159658183809786,0.6062322107369008
Male,1,No,9,Yes,Yes,Fiber optic,20,No,1,0,1,1,1,0,False,False,-0.9516816739185228,-1.4875204687666492
Male,0,No,35,Yes,No,DSL,19,No,1,0,1,0,0,0,False,False,0.10704778280226633,-1.5207546382825785
Female,0,Yes,6,Yes,No,Fiber optic,55,No,0,1,1,0,1,0,False,False,-1.0738427650786138,-0.32432453570912145
Female,0,No,1,Yes,Yes,Fiber optic,75,Yes,0,0,1,1,1,1,False,True,-1.2774445836787656,0.3403588546094659
Female,0,Yes,72,Yes,No,DSL,25,No,0,1,1,0,0,0,False,True,1.6137012404433893,-1.3213496211870024
Male,0,Yes,45,Yes,No,DSL,84,No,1,1,1,0,0,0,False,True,0.5142514200025698,0.6394663802528302
Male,0,Yes,7,Yes,Yes,DSL,90,Yes,1,1,1,1,0,1,False,False,-1.0331224013585834,0.8388713973484064
Male,0,No,70,No,No,DSL,48,No,1,0,0,0,0,0,True,False,1.5322605130033284,-0.556963722320627
Male,0,No,53,Yes,Yes,DSL,20,No,1,0,1,1,0,0,False,True,0.8400143297628127,-1.4875204687666492
Male,0,No,4,Yes,No,DSL,52,Yes,1,0,1,0,0,1,False,False,-1.1552834925186746,-0.4240270442569095
Female,0,No,72,Yes,Yes,Fiber optic,92,No,0,0,1,1,1,0,False,False,1.6137012404433893,0.9053397363802651
Male,0,Yes,72,No,Yes,DSL,45,No,1,1,0,1,0,0,False,False,1.6137012404433893,-0.6566662308684151
Male,1,No,17,Yes,No,DSL,95,No,1,0,1,0,0,0,False,False,-0.62591876415828,1.0050422449280532
Female,0,No,7,Yes,No,Fiber optic,70,No,0,0,1,0,1,0,False,False,-1.0331224013585834,0.17418800702981907
Female,0,Yes,11,Yes,No,DSL,20,Yes,0,1,1,0,0,1,True,False,-0.8702409464784621,-1.4875204687666492
Female,0,No,2,Yes,Yes,DSL,75,Yes,0,0,1,1,0,1,False,False,-1.2367242199587352,0.3403588546094659
Female,0,No,72,Yes,Yes,Fiber optic,110,No,0,0,1,1,1,0,False,False,1.6137012404433893,1.5035547876669937
Male,0,Yes,11,Yes,No,Fiber optic,78,No,1,1,1,0,1,0,False,False,-0.8702409464784621,0.44006136315725397
Male,1,No,5,Yes,No,DSL,91,Yes,1,0,1,0,0,1,False,False,-1.1145631287986442,0.8721055668643357
Male,1,No,4,Yes,No,DSL,75,Yes,1,0,1,0,0,1,False,False,-1.1552834925186746,0.3403588546094659
Male,0,No,30,Yes,No,DSL,50,No,1,0,1,0,0,0,False,False,-0.0965540357978854,-0.49049538328876824
Female,0,Yes,11,Yes,No,DSL,21,No,0,1,1,0,0,0,True,False,-0.8702409464784621,-1.45428629925072
Male,0,No,17,No,Yes,DSL,50,No,1,0,0,1,0,0,False,True,-0.62591876415828,-0.49049538328876824
Female,1,No,34,No,Yes,DSL,56,No,0,0,0,1,0,0,False,True,0.06632741908223598,-0.29109036619319206
Female,1,No,2,No,No,DSL,30,Yes,0,0,0,0,0,1,False,True,-1.2367242199587352,-1.1551787736073555
Male,0,Yes,55,Yes,Yes,Fiber optic,19,No,1,1,1,1,1,0,True,False,0.9214550572028734,-1.5207546382825785
Female,1,No,5,Yes,Yes,Fiber optic,60,No,0,0,1,1,1,0,False,False,-1.1145631287986442,-0.15815368812947458
Female,0,Yes,11,Yes,No,Fiber optic,20,No,0,1,1,0,1,0,False,False,-0.8702409464784621,-1.4875204687666492
Female,0,Yes,1,Yes,No,Fiber optic,80,Yes,0,1,1,0,1,1,False,False,-1.2774445836787656,0.5065297021891128
Female,0,No,70,Yes,No,DSL,19,No,0,0,1,0,0,0,False,False,1.5322605130033284,-1.5207546382825785
Male,1,No,2,Yes,No,DSL,75,Yes,1,0,1,0,0,1,True,False,-1.2367242199587352,0.3403588546094659
Female,0,No,7,Yes,Yes,Fiber optic,74,Yes,0,0,1,1,1,1,False,False,-1.0331224013585834,0.3071246850935365
Male,0,No,35,Yes,Yes,DSL,20,No,1,0,1,1,0,0,False,True,0.10704778280226633,-1.4875204687666492
Female,0,No,58,Yes,No,DSL,71,No,0,0,1,0,0,0,True,False,1.0436161483629645,0.20742217654574843
Female,0,Yes,72,Yes,Yes,DSL,109,No,0,1,1,1,0,0,False,False,1.6137012404433893,1.4703206181510644
Male,0,Yes,68,Yes,Yes,DSL,63,No,1,1,1,1,0,0,True,False,1.4508197855632678,-0.0584511795816865
Male,0,No,26,Yes,No,DSL,59,No,1,0,1,0,0,0,True,False,-0.2594354906780068,-0.19138785764540397
Female,0,No,12,Yes,No,DSL,45,No,0,0,1,0,0,0,True,False,-0.8295205827584317,-0.6566662308684151
Male,0,Yes,25,Yes,Yes,Fiber optic,60,No,1,1,1,1,1,0,False,True,-0.30015585439803716,-0.15815368812947458
Male,1,Yes,72,Yes,No,Fiber optic,115,No,1,1,1,0,1,0,True,False,1.6137012404433893,1.6697256352466405
Male,0,Yes,70,Yes,Yes,Fiber optic,115,No,1,1,1,1,1,0,False,False,1.5322605130033284,1.6697256352466405
Male,1,Yes,1,Yes,No,DSL,50,Yes,1,1,1,0,0,1,False,False,-1.2774445836787656,-0.49049538328876824
Male,0,No,26,Yes,Yes,DSL,87,No,1,0,1,1,0,0,True,False,-0.2594354906780068,0.7391688888006183
Female,0,Yes,2,Yes,Yes,Fiber optic,66,Yes,0,1,1,1,1,1,False,False,-1.2367242199587352,0.0412513289661016
Female,0,Yes,28,Yes,Yes,Fiber optic,20,No,0,1,1,1,1,0,False,False,-0.1779947632379461,-1.4875204687666492
Female,0,Yes,6,Yes,Yes,DSL,20,No,0,1,1,1,0,0,False,True,-1.0738427650786138,-1.4875204687666492
Female,0,Yes,58,No,No,Fiber optic,60,No,0,1,0,0,1,0,False,False,1.0436161483629645,-0.15815368812947458
Female,1,No,29,No,Yes,Fiber optic,45,No,0,0,0,1,1,0,False,False,-0.13727439951791576,-0.6566662308684151
Male,0,No,16,Yes,No,DSL,71,No,1,0,1,0,0,0,False,True,-0.6666391278783103,0.20742217654574843
Male,1,No,43,Yes,No,DSL,101,Yes,1,0,1,0,0,1,False,False,0.43281069256250915,1.2044472620236295
Male,0,No,52,Yes,No,DSL,75,No,1,0,1,0,0,0,False,False,0.7992939660427822,0.3403588546094659
Female,0,Yes,72,Yes,No,Fiber optic,119,No,0,1,1,0,1,0,True,False,1.6137012404433893,1.802662313310358
Male,0,Yes,71,Yes,No,Fiber optic,19,No,1,1,1,0,1,0,False,False,1.5729808767233588,-1.5207546382825785
Male,0,No,65,Yes,Yes,DSL,20,No,1,0,1,1,0,0,False,False,1.3286586944031769,-1.4875204687666492
Female,0,No,49,Yes,Yes,DSL,84,No,0,0,1,1,0,0,True,False,0.6771328748826912,0.6394663802528302
Male,0,No,52,Yes,Yes,Fiber optic,84,No,1,0,1,1,1,0,False,True,0.7992939660427822,0.6394663802528302
Male,0,No,2,Yes,No,Fiber optic,20,Yes,1,0,1,0,1,1,True,False,-1.2367242199587352,-1.4875204687666492
Male,0,Yes,71,Yes,No,Fiber optic,109,No,1,1,1,0,1,0,False,False,1.5729808767233588,1.4703206181510644
Male,0,No,54,Yes,Yes,Fiber optic,89,No,1,0,1,1,1,0,True,False,0.880734693482843,0.805637227832477
Female,0,Yes,15,Yes,Yes,DSL,76,No,0,1,1,1,0,0,False,True,-0.7073594915983407,0.37359302412539525
Male,0,No,9,No,Yes,Fiber optic,25,No,1,0,0,1,1,0,False,False,-0.9516816739185228,-1.3213496211870024
Male,1,No,50,Yes,No,DSL,105,No,1,0,1,0,0,0,False,True,0.7178532386027215,1.3373839400873468
Male,0,Yes,19,Yes,No,DSL,84,Yes,1,1,1,0,0,1,False,False,-0.5444780367182193,0.6394663802528302
Female,1,No,70,Yes,No,DSL,104,No,0,0,1,0,0,0,False,False,1.5322605130033284,1.3041497705714176
Female,1,No,72,Yes,Yes,DSL,107,No,0,0,1,1,0,0,False,True,1.6137012404433893,1.4038522791192056
Male,1,No,52,Yes,No,DSL,105,No,1,0,1,0,0,0,False,False,0.7992939660427822,1.3373839400873468
Female,0,Yes,15,Yes,No,DSL,46,No,0,1,1,0,0,0,False,True,-0.7073594915983407,-0.6234320613524857
Female,0,Yes,72,Yes,Yes,Fiber optic,77,No,0,1,1,1,1,0,False,False,1.6137012404433893,0.40682719364132464
Male,1,No,3,Yes,Yes,Fiber optic,81,Yes,1,0,1,1,1,1,True,False,-1.1960038562387048,0.5397638717050421
Male,0,No,58,Yes,No,DSL,99,No,1,0,1,0,0,0,False,False,1.0436161483629645,1.1379789229917707
Female,0,No,1,Yes,No,Fiber optic,20,No,0,0,1,0,1,0,True,False,-1.2774445836787656,-1.4875204687666492
Male,0,No,35,Yes,Yes,DSL,90,No,1,0,1,1,0,0,False,True,0.10704778280226633,0.8388713973484064
Female,0,Yes,50,Yes,No,DSL,84,Yes,0,1,1,0,0,1,False,False,0.7178532386027215,0.6394663802528302
Male,0,No,41,Yes,Yes,Fiber optic,20,No,1,0,1,1,1,0,False,False,0.35136996512244845,-1.4875204687666492
Male,0,Yes,72,Yes,No,Fiber optic,64,No,1,1,1,0,1,0,False,False,1.6137012404433893,-0.025217010065757134
Female,0,No,30,Yes,No,DSL,69,No,0,0,1,0,0,0,False,False,-0.0965540357978854,0.1409538375138897
Female,0,Yes,2,No,No,Fiber optic,24,Yes,0,1,0,0,1,1,False,False,-1.2367242199587352,-1.3545837907029317
Male,0,No,15,No,Yes,Fiber optic,30,Yes,1,0,0,1,1,1,True,False,-0.7073594915983407,-1.1551787736073555
Male,0,Yes,37,Yes,No,Fiber optic,59,No,1,1,1,0,1,0,False,False,0.18848851024232702,-0.19138785764540397
Male,0,Yes,72,Yes,Yes,DSL,75,No,1,1,1,1,0,0,False,False,1.6137012404433893,0.3403588546094659
Male,0,Yes,72,Yes,No,Fiber optic,25,No,1,1,1,0,1,0,False,False,1.6137012404433893,-1.3213496211870024
Male,0,No,70,Yes,No,DSL,114,No,1,0,1,0,0,0,False,True,1.5322605130033284,1.6364914657307112
Female,0,No,1,Yes,Yes,Fiber optic,20,Yes,0,0,1,1,1,1,False,False,-1.2774445836787656,-1.4875204687666492
Male,0,No,23,Yes,No,Fiber optic,84,No,1,0,1,0,1,0,False,False,-0.38159658183809786,0.6394663802528302
Female,0,No,8,Yes,No,DSL,75,No,0,0,1,0,0,0,False,True,-0.9924020376385531,0.3403588546094659
Male,0,No,2,Yes,Yes,DSL,46,Yes,1,0,1,1,0,1,True,False,-1.2367242199587352,-0.6234320613524857
Female,0,Yes,26,No,Yes,Fiber optic,39,No,0,1,0,1,1,0,False,False,-0.2594354906780068,-0.8560712479639913
Male,0,Yes,52,Yes,Yes,DSL,20,No,1,1,1,1,0,0,False,False,0.7992939660427822,-1.4875204687666492
Female,0,Yes,23,No,Yes,DSL,35,No,0,1,0,1,0,0,False,False,-0.38159658183809786,-0.9890079260277087
Female,0,No,15,Yes,No,DSL,99,Yes,0,0,1,0,0,1,False,False,-0.7073594915983407,1.1379789229917707
Male,0,No,40,Yes,No,DSL,50,No,1,0,1,0,0,0,False,True,0.3106496014024181,-0.49049538328876824
Male,0,No,27,Yes,Yes,Fiber optic,59,No,1,0,1,1,1,0,False,False,-0.21871512695797646,-0.19138785764540397
Female,0,No,37,Yes,No,DSL,20,No,0,0,1,0,0,0,False,False,0.18848851024232702,-1.4875204687666492
Male,0,No,45,Yes,No,DSL,112,No,1,0,1,0,0,0,False,False,0.5142514200025698,1.5700231266988525
Female,0,No,5,Yes,Yes,DSL,70,Yes,0,0,1,1,0,1,False,True,-1.1145631287986442,0.17418800702981907
Female,0,No,71,Yes,Yes,Fiber optic,24,No,0,0,1,1,1,0,True,False,1.5729808767233588,-1.3545837907029317
Male,0,No,4,Yes,Yes,Fiber optic,54,Yes,1,0,1,1,1,1,False,False,-1.1552834925186746,-0.3575587052250508
Female,0,Yes,38,Yes,Yes,DSL,20,No,0,1,1,1,0,0,False,True,0.22920887396235737,-1.4875204687666492
Male,0,Yes,3,Yes,Yes,Fiber optic,56,No,1,1,1,1,1,0,False,False,-1.1960038562387048,-0.29109036619319206
Male,0,No,17,Yes,No,DSL,19,No,1,0,1,0,0,0,False,False,-0.62591876415828,-1.5207546382825785
Male,0,Yes,70,Yes,No,Fiber optic,90,No,1,1,1,0,1,0,False,False,1.5322605130033284,0.8388713973484064
Male,0,No,1,Yes,Yes,DSL,45,No,1,0,1,1,0,0,False,True,-1.2774445836787656,-0.6566662308684151
Female,0,Yes,71,Yes,No,Fiber optic,100,No,0,1,1,0,1,0,True,False,1.5729808767233588,1.1712130925077
Male,0,No,37,Yes,Yes,Fiber optic,91,No,1,0,1,1,1,0,True,False,0.18848851024232702,0.8721055668643357
Male,0,No,64,Yes,Yes,Fiber optic,70,No,1,0,1,1,1,0,False,False,1.2879383306831464,0.17418800702981907
Female,1,No,37,Yes,No,DSL,90,No,0,0,1,0,0,0,True,False,0.18848851024232702,0.8388713973484064
Male,0,Yes,65,Yes,Yes,Fiber optic,109,Yes,1,1,1,1,1,1,False,False,1.3286586944031769,1.4703206181510644
Female,0,Yes,23,Yes,No,DSL,49,No,0,1,1,0,0,0,False,False,-0.38159658183809786,-0.5237295528046976
Female,0,No,22,Yes,No,DSL,79,Yes,0,0,1,0,0,1,False,False,-0.4223169455581282,0.47329553267318336
Female,1,No,26,Yes,Yes,DSL,61,No,0,0,1,1,0,0,False,False,-0.2594354906780068,-0.12491951861354524
Female,0,No,25,Yes,No,DSL,80,Yes,0,0,1,0,0,1,False,False,-0.30015585439803716,0.5065297021891128
Female,0,No,60,Yes,No,DSL,97,No,0,0,1,0,0,0,False,False,1.125056875803025,1.071510583959912
Female,0,No,1,Yes,No,DSL,96,Yes,0,0,1,0,0,1,False,False,-1.2774445836787656,1.0382764144439827
Female,0,No,71,Yes,No,Fiber optic,89,No,0,0,1,0,1,0,False,False,1.5729808767233588,0.805637227832477
Female,1,No,27,Yes,Yes,Fiber optic,85,Yes,0,0,1,1,1,1,False,False,-0.21871512695797646,0.6727005497687596
Female,0,No,3,Yes,Yes,Fiber optic,89,Yes,0,0,1,1,1,1,True,False,-1.1960038562387048,0.805637227832477
Male,0,Yes,58,Yes,Yes,Fiber optic,95,No,1,1,1,1,1,0,False,False,1.0436161483629645,1.0050422449280532
Female,0,No,14,Yes,No,DSL,75,Yes,0,0,1,0,0,1,False,False,-0.748079855318371,0.3403588546094659
Male,0,Yes,71,Yes,Yes,Fiber optic,71,No,1,1,1,1,1,0,False,True,1.5729808767233588,0.20742217654574843
Female,0,Yes,2,No,No,Fiber optic,29,No,0,1,0,0,1,0,False,False,-1.2367242199587352,-1.188412943123285
Female,0,No,40,Yes,No,DSL,21,No,0,0,1,0,0,0,False,False,0.3106496014024181,-1.45428629925072
Male,0,Yes,68,Yes,No,Fiber optic,25,No,1,1,1,0,1,0,False,False,1.4508197855632678,-1.3213496211870024
Female,1,No,57,Yes,No,Fiber optic,101,No,0,0,1,0,1,0,False,True,1.002895784642934,1.2044472620236295
Female,0,No,45,Yes,No,DSL,87,Yes,0,0,1,0,0,1,False,False,0.5142514200025698,0.7391688888006183
Male,0,Yes,70,Yes,Yes,DSL,117,No,1,1,1,1,0,0,False,True,1.5322605130033284,1.7361939742784993
Male,0,No,68,Yes,No,DSL,108,No,1,0,1,0,0,0,True,False,1.4508197855632678,1.437086448635135
Female,0,No,52,Yes,No,DSL,103,No,0,0,1,0,0,0,False,True,0.7992939660427822,1.270915601055488
Female,0,No,72,Yes,No,Fiber optic,115,No,0,0,1,0,1,0,True,False,1.6137012404433893,1.6697256352466405
Male,1,No,24,Yes,No,DSL,76,Yes,1,0,1,0,0,1,False,False,-0.3408762181180675,0.37359302412539525
Male,0,Yes,67,Yes,No,Fiber optic,60,No,1,1,1,0,1,0,False,False,1.4100994218432374,-0.15815368812947458
Female,0,No,68,No,No,DSL,64,No,0,0,0,0,0,0,False,False,1.4508197855632678,-0.025217010065757134
Male,0,Yes,23,Yes,Yes,Fiber optic,20,No,1,1,1,1,1,0,False,False,-0.38159658183809786,-1.4875204687666492
Male,0,No,71,No,No,Fiber optic,49,Yes,1,0,0,0,1,1,False,True,1.5729808767233588,-0.5237295528046976
Female,0,No,1,No,No,Fiber optic,24,No,0,0,0,0,1,0,True,False,-1.2774445836787656,-1.3545837907029317
Female,0,Yes,71,Yes,Yes,Fiber optic,20,No,0,1,1,1,1,0,False,False,1.5729808767233588,-1.4875204687666492
Male,1,No,69,Yes,Yes,DSL,111,No,1,0,1,1,0,0,False,True,1.4915401492832983,1.536788957182923
Female,1,No,40,Yes,Yes,Fiber optic,99,Yes,0,0,1,1,1,1,True,False,0.3106496014024181,1.1379789229917707
Female,1,No,18,Yes,Yes,Fiber optic,85,No,0,0,1,1,1,0,False,True,-0.5851984004382496,0.6727005497687596
Male,0,No,22,Yes,Yes,DSL,95,Yes,1,0,1,1,0,1,False,True,-0.4223169455581282,1.0050422449280532
Male,0,Yes,69,No,No,DSL,39,No,1,1,0,0,0,0,True,False,1.4915401492832983,-0.8560712479639913
Female,1,No,62,Yes,No,DSL,84,No,0,0,1,0,0,0,False,False,1.2064976032430856,0.6394663802528302
Female,0,No,56,Yes,Yes,Fiber optic,20,No,0,0,1,1,1,0,False,False,0.9621754209229036,-1.4875204687666492
Female,0,No,7,Yes,Yes,Fiber optic,20,No,0,0,1,1,1,0,False,True,-1.0331224013585834,-1.4875204687666492
Male,0,No,1,Yes,No,DSL,19,No,1,0,1,0,0,0,False,True,-1.2774445836787656,-1.5207546382825785
Male,0,Yes,6,Yes,No,Fiber optic,20,No,1,1,1,0,1,0,False,True,-1.0738427650786138,-1.4875204687666492
Male,0,No,2,Yes,No,DSL,86,Yes,1,0,1,0,0,1,False,True,-1.2367242199587352,0.7059347192846889
Male,1,No,16,Yes,No,DSL,55,No,1,0,1,0,0,0,True,False,-0.6666391278783103,-0.32432453570912145
Male,0,No,2,Yes,No,DSL,20,No,1,0,1,0,0,0,True,False,-1.2367242199587352,-1.4875204687666492
Female,0,No,72,Yes,Yes,Fiber optic,86,No,0,0,1,1,1,0,False,True,1.6137012404433893,0.7059347192846889
Female,0,Yes,7,No,No,DSL,35,No,0,1,0,0,0,0,True,False,-1.0331224013585834,-0.9890079260277087
Female,0,Yes,19,No,No,DSL,25,No,0,1,0,0,0,0,False,False,-0.5444780367182193,-1.3213496211870024
Female,0,No,14,Yes,Yes,Fiber optic,78,No,0,0,1,1,1,0,False,True,-0.748079855318371,0.44006136315725397
Male,0,No,64,Yes,No,DSL,106,Yes,1,0,1,0,0,1,False,True,1.2879383306831464,1.3706181096032763
Female,0,No,25,Yes,No,Fiber optic,78,No,0,0,1,0,1,0,False,False,-0.30015585439803716,0.44006136315725397
Male,0,Yes,70,Yes,No,DSL,86,No,1,1,1,0,0,0,True,False,1.5322605130033284,0.7059347192846889
Male,0,No,66,Yes,Yes,Fiber optic,19,No,1,0,1,1,1,0,False,False,1.369379058123207,-1.5207546382825785
Male,0,Yes,1,Yes,No,DSL,72,Yes,1,1,1,0,0,1,False,True,-1.2774445836787656,0.2406563460616778
Female,0,No,53,Yes,Yes,DSL,91,No,0,0,1,1,0,0,True,False,0.8400143297628127,0.8721055668643357
Female,0,No,6,Yes,Yes,DSL,56,Yes,0,0,1,1,0,1,False,True,-1.0738427650786138,-0.29109036619319206
Female,0,No,59,Yes,No,Fiber optic,96,No,0,0,1,0,1,0,False,False,1.0843365120829946,1.0382764144439827
Male,0,No,31,Yes,Yes,DSL,78,Yes,1,0,1,1,0,1,False,True,-0.055833672077855064,0.44006136315725397
Male,0,No,3,Yes,Yes,Fiber optic,74,Yes,1,0,1,1,1,1,False,True,-1.1960038562387048,0.3071246850935365
Female,0,Yes,15,Yes,No,DSL,69,Yes,0,1,1,0,0,1,False,False,-0.7073594915983407,0.1409538375138897
Male,0,No,48,Yes,Yes,DSL,106,Yes,1,0,1,1,0,1,False,True,0.6364125111626608,1.3706181096032763
Male,0,Yes,2,Yes,No,Fiber optic,57,Yes,1,1,1,0,1,1,False,False,-1.2367242199587352,-0.2578561966772627
Male,1,No,70,Yes,Yes,Fiber optic,103,Yes,1,0,1,1,1,1,False,False,1.5322605130033284,1.270915601055488
Female,0,No,2,Yes,No,DSL,91,Yes,0,0,1,0,0,1,True,False,-1.2367242199587352,0.8721055668643357
Male,0,No,47,Yes,No,DSL,111,Yes,1,0,1,0,0,1,False,False,0.5956921474426305,1.536788957182923
Female,0,Yes,24,Yes,Yes,Fiber optic,21,No,0,1,1,1,1,0,False,True,-0.3408762181180675,-1.45428629925072
Male,0,No,31,Yes,No,DSL,94,No,1,0,1,0,0,0,False,True,-0.055833672077855064,0.9718080754121239
Female,0,No,54,Yes,No,DSL,111,Yes,0,0,1,0,0,1,False,True,0.880734693482843,1.536788957182923
Male,0,No,1,Yes,No,DSL,55,No,1,0,1,0,0,0,False,True,-1.2774445836787656,-0.32432453570912145
Female,0,Yes,12,No,Yes,Fiber optic,33,No,0,1,0,1,1,0,False,False,-0.8295205827584317,-1.0554762650595675
Female,0,No,2,Yes,No,DSL,19,No,0,0,1,0,0,0,False,False,-1.2367242199587352,-1.5207546382825785
Male,0,No,48,Yes,Yes,Fiber optic,71,No,1,0,1,1,1,0,True,False,0.6364125111626608,0.20742217654574843
Female,1,No,1,Yes,No,DSL,74,Yes,0,0,1,0,0,1,True,False,-1.2774445836787656,0.3071246850935365
Male,0,No,71,Yes,Yes,Fiber optic,65,No,1,0,1,1,1,0,False,False,1.5729808767233588,0.008017159450172232
Male,0,No,1,Yes,Yes,Fiber optic,20,Yes,1,0,1,1,1,1,False,False,-1.2774445836787656,-1.4875204687666492
Male,0,Yes,56,Yes,Yes,Fiber optic,25,No,1,1,1,1,1,0,False,False,0.9621754209229036,-1.3213496211870024
Male,0,No,2,Yes,No,DSL,20,No,1,0,1,0,0,0,True,False,-1.2367242199587352,-1.4875204687666492
Female,1,No,66,Yes,Yes,DSL,81,Yes,0,0,1,1,0,1,True,False,1.369379058123207,0.5397638717050421
Male,0,Yes,50,Yes,Yes,Fiber optic,20,No,1,1,1,1,1,0,False,False,0.7178532386027215,-1.4875204687666492
Female,1,No,63,Yes,Yes,Fiber optic,90,No,0,0,1,1,1,0,True,False,1.247217966963116,0.8388713973484064
Male,0,No,1,Yes,No,DSL,45,Yes,1,0,1,0,0,1,False,True,-1.2774445836787656,-0.6566662308684151
Female,0,No,6,No,No,DSL,49,No,0,0,0,0,0,0,False,False,-1.0738427650786138,-0.5237295528046976
Female,0,No,5,Yes,Yes,DSL,51,No,0,0,1,1,0,0,False,False,-1.1145631287986442,-0.4572612137728389
Female,0,Yes,35,Yes,No,DSL,72,Yes,0,1,1,0,0,1,False,False,0.10704778280226633,0.2406563460616778
Female,0,No,71,Yes,No,DSL,119,No,0,0,1,0,0,0,False,False,1.5729808767233588,1.802662313310358
Female,0,No,42,Yes,No,Fiber optic,66,No,0,0,1,0,1,0,True,False,0.3920903288424788,0.0412513289661016
Female,0,No,64,Yes,No,DSL,19,No,0,0,1,0,0,0,True,False,1.2879383306831464,-1.5207546382825785
Male,0,No,1,Yes,No,DSL,50,No,1,0,1,0,0,0,False,False,-1.2774445836787656,-0.49049538328876824
Male,0,No,1,Yes,Yes,DSL,70,Yes,1,0,1,1,0,1,False,True,-1.2774445836787656,0.17418800702981907
Male,0,No,69,Yes,No,DSL,107,No,1,0,1,0,0,0,False,False,1.4915401492832983,1.4038522791192056
Male,0,No,33,Yes,No,Fiber optic,93,No,1,0,1,0,1,0,False,False,0.025607055362205634,0.9385739058961945
Female,0,Yes,20,Yes,No,DSL,20,No,0,1,1,0,0,0,True,False,-0.5037576729981889,-1.4875204687666492
Male,0,Yes,13,Yes,Yes,Fiber optic,24,No,1,1,1,1,1,0,True,False,-0.7888002190384014,-1.3545837907029317
Female,0,No,28,Yes,No,DSL,56,No,0,0,1,0,0,0,False,False,-0.1779947632379461,-0.29109036619319206
Female,0,Yes,72,Yes,No,DSL,81,No,0,1,1,0,0,0,False,True,1.6137012404433893,0.5397638717050421
Male,0,No,9,Yes,No,DSL,70,No,1,0,1,0,0,0,True,False,-0.9516816739185228,0.17418800702981907
Female,0,No,72,Yes,No,DSL,108,No,0,0,1,0,0,0,False,False,1.6137012404433893,1.437086448635135
Female,1,No,52,Yes,Yes,DSL,60,No,0,0,1,1,0,0,False,True,0.7992939660427822,-0.15815368812947458
Female,0,No,34,Yes,No,DSL,61,No,0,0,1,0,0,0,True,False,0.06632741908223598,-0.12491951861354524
Male,0,Yes,71,Yes,No,DSL,100,No,1,1,1,0,0,0,False,False,1.5729808767233588,1.1712130925077
Female,0,No,6,Yes,No,DSL,20,No,0,0,1,0,0,0,False,False,-1.0738427650786138,-1.4875204687666492
Female,0,No,31,Yes,No,Fiber optic,64,No,0,0,1,0,1,0,False,False,-0.055833672077855064,-0.025217010065757134
Female,1,No,1,Yes,No,DSL,91,Yes,0,0,1,0,0,1,False,True,-1.2774445836787656,0.8721055668643357
Female,0,Yes,49,Yes,No,DSL,25,No,0,1,1,0,0,0,False,False,0.6771328748826912,-1.3213496211870024
Female,0,No,27,Yes,Yes,Fiber optic,20,No,0,0,1,1,1,0,False,False,-0.21871512695797646,-1.4875204687666492
Female,0,No,53,Yes,No,DSL,93,No,0,0,1,0,0,0,False,True,0.8400143297628127,0.9385739058961945
Female,1,No,35,Yes,No,DSL,100,Yes,0,0,1,0,0,1,False,False,0.10704778280226633,1.1712130925077
Male,0,No,2,Yes,No,DSL,96,Yes,1,0,1,0,0,1,False,True,-1.2367242199587352,1.0382764144439827
Female,0,No,46,No,No,DSL,44,No,0,0,0,0,0,0,True,False,0.5549717837226001,-0.6899004003843444
Female,0,No,35,Yes,No,DSL,19,No,0,0,1,0,0,0,False,False,0.10704778280226633,-1.5207546382825785
Male,0,No,9,Yes,Yes,Fiber optic,74,No,1,0,1,1,1,0,True,False,-0.9516816739185228,0.3071246850935365
Male,0,No,64,Yes,Yes,Fiber optic,104,No,1,0,1,1,1,0,False,False,1.2879383306831464,1.3041497705714176
Female,0,No,13,Yes,No,DSL,79,Yes,0,0,1,0,0,1,False,True,-0.7888002190384014,0.47329553267318336
Female,0,No,55,Yes,No,Fiber optic,82,No,0,0,1,0,1,0,False,False,0.9214550572028734,0.5729980412209714
Female,0,Yes,51,Yes,No,DSL,94,No,0,1,1,0,0,0,False,False,0.758573602322752,0.9718080754121239
Female,0,Yes,5,Yes,Yes,DSL,24,No,0,1,1,1,0,0,False,True,-1.1145631287986442,-1.3545837907029317
Male,0,Yes,20,Yes,No,DSL,70,Yes,1,1,1,0,0,1,False,False,-0.5037576729981889,0.17418800702981907
Female,0,Yes,23,Yes,No,DSL,26,No,0,1,1,0,0,0,False,True,-0.38159658183809786,-1.288115451671073
Male,1,Yes,61,Yes,No,DSL,99,No,1,1,1,0,0,0,True,False,1.1657772395230555,1.1379789229917707
Female,0,Yes,54,Yes,Yes,Fiber optic,70,No,0,1,1,1,1,0,False,False,0.880734693482843,0.17418800702981907
Male,0,No,15,Yes,No,DSL,76,Yes,1,0,1,0,0,1,False,False,-0.7073594915983407,0.37359302412539525
Female,0,Yes,64,Yes,Yes,Fiber optic,25,No,0,1,1,1,1,0,False,False,1.2879383306831464,-1.3213496211870024
Female,0,Yes,18,Yes,Yes,Fiber optic,65,No,0,1,1,1,1,0,False,False,-0.5851984004382496,0.008017159450172232
Male,0,No,52,Yes,No,Fiber optic,103,No,1,0,1,0,1,0,False,False,0.7992939660427822,1.270915601055488
Male,0,No,17,Yes,Yes,Fiber optic,20,No,1,0,1,1,1,0,False,False,-0.62591876415828,-1.4875204687666492
Female,0,Yes,27,Yes,Yes,Fiber optic,20,No,0,1,1,1,1,0,False,False,-0.21871512695797646,-1.4875204687666492
Female,0,No,58,Yes,Yes,Fiber optic,111,No,0,0,1,1,1,0,False,False,1.0436161483629645,1.536788957182923
Female,0,Yes,68,Yes,No,Fiber optic,109,No,0,1,1,0,1,0,False,False,1.4508197855632678,1.4703206181510644
Male,0,No,1,Yes,Yes,DSL,19,No,1,0,1,1,0,0,False,True,-1.2774445836787656,-1.5207546382825785
Female,0,No,55,Yes,No,DSL,66,No,0,0,1,0,0,0,False,True,0.9214550572028734,0.0412513289661016
Female,0,No,1,Yes,No,DSL,45,No,0,0,1,0,0,0,False,False,-1.2774445836787656,-0.6566662308684151
Female,0,No,72,Yes,Yes,Fiber optic,84,No,0,0,1,1,1,0,False,False,1.6137012404433893,0.6394663802528302
Female,0,No,6,No,Yes,Fiber optic,45,No,0,0,0,1,1,0,False,False,-1.0738427650786138,-0.6566662308684151
Female,0,No,60,Yes,No,Fiber optic,100,No,0,0,1,0,1,0,True,False,1.125056875803025,1.1712130925077
Male,0,Yes,61,Yes,Yes,DSL,106,Yes,1,1,1,1,0,1,False,False,1.1657772395230555,1.3706181096032763
Female,0,No,2,Yes,No,DSL,21,Yes,0,0,1,0,0,1,False,True,-1.2367242199587352,-1.45428629925072
Male,0,No,63,Yes,No,Fiber optic,72,No,1,0,1,0,1,0,False,False,1.247217966963116,0.2406563460616778
Female,0,No,17,Yes,No,Fiber optic,84,No,0,0,1,0,1,0,False,False,-0.62591876415828,0.6394663802528302
Male,1,No,58,Yes,No,DSL,99,Yes,1,0,1,0,0,1,False,False,1.0436161483629645,1.1379789229917707
Female,0,Yes,26,Yes,No,DSL,50,No,0,1,1,0,0,0,False,True,-0.2594354906780068,-0.49049538328876824
Female,0,Yes,53,No,No,DSL,49,No,0,1,0,0,0,0,False,True,0.8400143297628127,-0.5237295528046976
Female,0,No,25,Yes,No,DSL,19,No,0,0,1,0,0,0,True,False,-0.30015585439803716,-1.5207546382825785
Female,0,No,1,Yes,Yes,DSL,82,Yes,0,0,1,1,0,1,False,True,-1.2774445836787656,0.5729980412209714
Female,0,Yes,24,Yes,Yes,DSL,21,No,0,1,1,1,0,0,False,False,-0.3408762181180675,-1.45428629925072
Female,0,No,2,Yes,No,DSL,69,No,0,0,1,0,0,0,False,True,-1.2367242199587352,0.1409538375138897
Male,0,No,1,Yes,No,Fiber optic,20,Yes,1,0,1,0,1,1,True,False,-1.2774445836787656,-1.4875204687666492
Female,0,No,67,Yes,No,Fiber optic,75,No,0,0,1,0,1,0,False,False,1.4100994218432374,0.3403588546094659
Male,0,No,17,No,Yes,DSL,55,No,1,0,0,1,0,0,True,False,-0.62591876415828,-0.32432453570912145
Male,0,No,11,Yes,Yes,DSL,70,No,1,0,1,1,0,0,False,False,-0.8702409464784621,0.17418800702981907
Male,0,No,51,Yes,No,Fiber optic,25,No,1,0,1,0,1,0,False,False,0.758573602322752,-1.3213496211870024
Female,0,No,3,Yes,No,Fiber optic,70,No,0,0,1,0,1,0,False,True,-1.1960038562387048,0.17418800702981907
Female,1,No,1,Yes,Yes,DSL,79,Yes,0,0,1,1,0,1,False,True,-1.2774445836787656,0.47329553267318336
Female,0,Yes,1,Yes,Yes,DSL,70,Yes,0,1,1,1,0,1,False,True,-1.2774445836787656,0.17418800702981907
Female,1,No,72,Yes,No,DSL,84,No,0,0,1,0,0,0,False,False,1.6137012404433893,0.6394663802528302
Male,0,No,19,Yes,Yes,Fiber optic,65,No,1,0,1,1,1,0,False,False,-0.5444780367182193,0.008017159450172232
Male,0,No,65,Yes,No,DSL,26,No,1,0,1,0,0,0,False,True,1.3286586944031769,-1.288115451671073
Female,0,No,45,Yes,Yes,Fiber optic,100,No,0,0,1,1,1,0,False,False,0.5142514200025698,1.1712130925077
Male,0,No,5,Yes,No,DSL,89,No,1,0,1,0,0,0,True,False,-1.1145631287986442,0.805637227832477
Female,0,No,56,No,No,DSL,45,No,0,0,0,0,0,0,False,False,0.9621754209229036,-0.6566662308684151
Female,1,No,4,Yes,Yes,Fiber optic,74,No,0,0,1,1,1,0,True,False,-1.1552834925186746,0.3071246850935365
Female,0,No,64,Yes,Yes,DSL,86,No,0,0,1,1,0,0,True,False,1.2879383306831464,0.7059347192846889
Female,0,Yes,41,Yes,Yes,Fiber optic,20,No,0,1,1,1,1,0,True,False,0.35136996512244845,-1.4875204687666492
Female,0,No,35,Yes,No,Fiber optic,61,No,0,0,1,0,1,0,False,False,0.10704778280226633,-0.12491951861354524
Female,0,No,1,No,Yes,Fiber optic,25,Yes,0,0,0,1,1,1,False,False,-1.2774445836787656,-1.3213496211870024
Female,1,No,3,Yes,No,DSL,79,Yes,0,0,1,0,0,1,True,False,-1.1960038562387048,0.47329553267318336
Male,1,No,61,Yes,No,DSL,25,No,1,0,1,0,0,0,False,False,1.1657772395230555,-1.3213496211870024
Male,1,No,1,Yes,No,Fiber optic,74,Yes,1,0,1,0,1,1,False,False,-1.2774445836787656,0.3071246850935365
Female,0,Yes,35,Yes,No,DSL,56,No,0,1,1,0,0,0,False,False,0.10704778280226633,-0.29109036619319206
Female,0,Yes,69,Yes,No,DSL,113,No,0,1,1,0,0,0,False,False,1.4915401492832983,1.6032572962147817
Female,0,No,64,Yes,Yes,DSL,68,No,0,0,1,1,0,0,False,True,1.2879383306831464,0.10771966799796033
Male,0,Yes,51,Yes,Yes,Fiber optic,110,No,1,1,1,1,1,0,False,False,0.758573602322752,1.5035547876669937
Male,0,Yes,17,Yes,Yes,DSL,20,No,1,1,1,1,0,0,False,True,-0.62591876415828,-1.4875204687666492
Female,0,Yes,69,No,No,DSL,44,No,0,1,0,0,0,0,False,True,1.4915401492832983,-0.6899004003843444
Male,0,Yes,1,No,Yes,Fiber optic,31,Yes,1,1,0,1,1,1,True,False,-1.2774445836787656,-1.1219446040914263
Female,0,Yes,21,Yes,Yes,Fiber optic,65,No,0,1,1,1,1,0,False,False,-0.46303730927815856,0.008017159450172232
Female,0,No,54,Yes,Yes,Fiber optic,97,No,0,0,1,1,1,0,False,False,0.880734693482843,1.071510583959912
Male,0,No,1,No,No,Fiber optic,23,Yes,1,0,0,0,1,1,False,False,-1.2774445836787656,-1.3878179602188612
Male,0,No,4,Yes,No,Fiber optic,70,Yes,1,0,1,0,1,1,False,False,-1.1552834925186746,0.17418800702981907
Male,0,Yes,0,Yes,Yes,Fiber optic,62,No,1,1,1,1,1,0,False,True,-1.318164947398796,-0.09168534909761586
Male,0,No,7,Yes,Yes,Fiber optic,70,No,1,0,1,1,1,0,False,False,-1.0331224013585834,0.17418800702981907
Male,0,Yes,32,Yes,No,Fiber optic,19,No,1,1,1,0,1,0,True,False,-0.015113308357824713,-1.5207546382825785
Male,0,Yes,72,Yes,No,DSL,20,No,1,1,1,0,0,0,False,True,1.6137012404433893,-1.4875204687666492
Male,0,No,19,No,No,DSL,40,Yes,1,0,0,0,0,1,False,False,-0.5444780367182193,-0.8228370784480619
Male,0,Yes,10,Yes,Yes,Fiber optic,20,No,1,1,1,1,1,0,False,False,-0.9109613101984924,-1.4875204687666492
Male,1,No,21,Yes,No,DSL,69,Yes,1,0,1,0,0,1,False,True,-0.46303730927815856,0.1409538375138897
Female,1,No,45,Yes,Yes,Fiber optic,70,No,0,0,1,1,1,0,False,False,0.5142514200025698,0.17418800702981907
Male,1,No,32,Yes,Yes,Fiber optic,20,No,1,0,1,1,1,0,False,False,-0.015113308357824713,-1.4875204687666492
Female,0,No,40,Yes,Yes,Fiber optic,106,No,0,0,1,1,1,0,False,True,0.3106496014024181,1.3706181096032763
Female,0,No,47,No,Yes,Fiber optic,42,No,0,0,0,1,1,0,False,False,0.5956921474426305,-0.7563687394162032
Female,0,No,36,No,No,DSL,53,No,0,0,0,0,0,0,True,False,0.14776814652229667,-0.3907928747409802
Female,0,Yes,69,Yes,No,DSL,105,No,0,1,1,0,0,0,False,False,1.4915401492832983,1.3373839400873468
Female,0,No,71,Yes,Yes,Fiber optic,81,No,0,0,1,1,1,0,True,False,1.5729808767233588,0.5397638717050421
Female,0,No,71,Yes,No,Fiber optic,25,No,0,0,1,0,1,0,False,False,1.5729808767233588,-1.3213496211870024
Male,0,No,35,No,Yes,DSL,53,No,1,0,0,1,0,0,False,False,0.10704778280226633,-0.3907928747409802
Male,0,No,3,Yes,Yes,DSL,55,No,1,0,1,1,0,0,False,True,-1.1960038562387048,-0.32432453570912145
Male,1,No,72,Yes,Yes,DSL,110,No,1,0,1,1,0,0,True,False,1.6137012404433893,1.5035547876669937
Male,0,Yes,72,Yes,Yes,DSL,91,No,1,1,1,1,0,0,True,False,1.6137012404433893,0.8721055668643357
Female,0,Yes,68,Yes,No,DSL,73,No,0,1,1,0,0,0,False,False,1.4508197855632678,0.2738905155776072
Female,0,No,42,No,No,DSL,55,No,0,0,0,0,0,0,False,False,0.3920903288424788,-0.32432453570912145
Male,1,No,21,Yes,Yes,Fiber optic,20,No,1,0,1,1,1,0,False,False,-0.46303730927815856,-1.4875204687666492
Female,1,No,8,Yes,Yes,Fiber optic,92,Yes,0,0,1,1,1,1,False,False,-0.9924020376385531,0.9053397363802651
Male,1,No,10,Yes,Yes,Fiber optic,75,No,1,0,1,1,1,0,False,False,-0.9109613101984924,0.3403588546094659
Female,0,No,71,Yes,Yes,DSL,107,No,0,0,1,1,0,0,False,False,1.5729808767233588,1.4038522791192056
Female,1,No,46,Yes,No,DSL,91,No,0,0,1,0,0,0,True,False,0.5549717837226001,0.8721055668643357
Female,0,Yes,3,Yes,No,Fiber optic,80,No,0,1,1,0,1,0,False,False,-1.1960038562387048,0.5065297021891128
Female,1,No,12,Yes,No,DSL,91,Yes,0,0,1,0,0,1,True,False,-0.8295205827584317,0.8721055668643357
Female,0,No,26,No,Yes,Fiber optic,48,No,0,0,0,1,1,0,True,False,-0.2594354906780068,-0.556963722320627
Male,0,No,3,Yes,No,Fiber optic,50,No,1,0,1,0,1,0,True,False,-1.1960038562387048,-0.49049538328876824
Female,0,No,49,Yes,No,DSL,74,No,0,0,1,0,0,0,False,False,0.6771328748826912,0.3071246850935365
Male,0,No,33,Yes,No,Fiber optic,81,No,1,0,1,0,1,0,False,True,0.025607055362205634,0.5397638717050421
Male,0,No,42,Yes,Yes,Fiber optic,94,No,1,0,1,1,1,0,False,False,0.3920903288424788,0.9718080754121239
Male,0,Yes,31,Yes,Yes,DSL,75,No,1,1,1,1,0,0,False,False,-0.055833672077855064,0.3403588546094659
Male,1,Yes,68,Yes,Yes,Fiber optic,107,No,1,1,1,1,1,0,False,False,1.4508197855632678,1.4038522791192056
Male,1,Yes,66,Yes,No,DSL,116,No,1,1,1,0,0,0,False,False,1.369379058123207,1.7029598047625698
Male,0,Yes,58,Yes,No,DSL,20,No,1,1,1,0,0,0,False,False,1.0436161483629645,-1.4875204687666492
Male,0,Yes,35,Yes,No,DSL,20,No,1,1,1,0,0,0,False,False,0.10704778280226633,-1.4875204687666492
Male,0,No,1,Yes,Yes,DSL,20,No,1,0,1,1,0,0,False,False,-1.2774445836787656,-1.4875204687666492
Female,0,No,40,Yes,No,DSL,75,No,0,0,1,0,0,0,False,False,0.3106496014024181,0.3403588546094659
Female,0,No,13,Yes,No,Fiber optic,76,No,0,0,1,0,1,0,False,False,-0.7888002190384014,0.37359302412539525
Male,0,No,57,Yes,No,DSL,56,No,1,0,1,0,0,0,False,False,1.002895784642934,-0.29109036619319206
Female,0,No,1,Yes,Yes,Fiber optic,75,Yes,0,0,1,1,1,1,False,True,-1.2774445836787656,0.3403588546094659
Male,0,No,1,Yes,Yes,Fiber optic,46,Yes,1,0,1,1,1,1,False,False,-1.2774445836787656,-0.6234320613524857
Female,0,No,46,Yes,Yes,Fiber optic,54,Yes,0,0,1,1,1,1,True,False,0.5549717837226001,-0.3575587052250508
Female,1,Yes,40,Yes,No,DSL,95,Yes,0,1,1,0,0,1,False,False,0.3106496014024181,1.0050422449280532
Male,0,Yes,21,Yes,No,Fiber optic,78,Yes,1,1,1,0,1,1,False,True,-0.46303730927815856,0.44006136315725397
Female,0,No,6,Yes,Yes,Fiber optic,98,Yes,0,0,1,1,1,1,False,False,-1.0738427650786138,1.1047447534758412
Male,0,Yes,59,Yes,Yes,Fiber optic,111,No,1,1,1,1,1,0,False,False,1.0843365120829946,1.536788957182923
Male,0,No,15,Yes,No,DSL,59,Yes,1,0,1,0,0,1,True,False,-0.7073594915983407,-0.19138785764540397
Female,0,No,27,Yes,No,Fiber optic,95,Yes,0,0,1,0,1,1,False,False,-0.21871512695797646,1.0050422449280532
Male,0,No,71,Yes,No,DSL,116,No,1,0,1,0,0,0,False,False,1.5729808767233588,1.7029598047625698
Female,0,No,45,Yes,No,Fiber optic,89,No,0,0,1,0,1,0,False,False,0.5142514200025698,0.805637227832477
Male,0,No,4,Yes,No,DSL,21,No,1,0,1,0,0,0,False,False,-1.1552834925186746,-1.45428629925072
Female,0,No,1,Yes,Yes,DSL,20,Yes,0,0,1,1,0,1,True,False,-1.2774445836787656,-1.4875204687666492
Male,0,Yes,47,Yes,Yes,Fiber optic,99,Yes,1,1,1,1,1,1,True,False,0.5956921474426305,1.1379789229917707
Male,0,No,34,Yes,Yes,Fiber optic,50,No,1,0,1,1,1,0,False,False,0.06632741908223598,-0.49049538328876824
Female,0,Yes,18,Yes,No,DSL,54,No,0,1,1,0,0,0,False,False,-0.5851984004382496,-0.3575587052250508
Female,0,No,8,Yes,Yes,Fiber optic,54,No,0,0,1,1,1,0,False,False,-0.9924020376385531,-0.3575587052250508
Male,0,No,7,No,Yes,Fiber optic,36,No,1,0,0,1,1,0,False,False,-1.0331224013585834,-0.9557737565117794
Male,0,Yes,5,Yes,Yes,Fiber optic,84,Yes,1,1,1,1,1,1,False,False,-1.1145631287986442,0.6394663802528302
Female,0,No,39,Yes,Yes,Fiber optic,59,No,0,0,1,1,1,0,False,False,0.26992923768238775,-0.19138785764540397
Male,0,Yes,29,Yes,Yes,Fiber optic,21,No,1,1,1,1,1,0,False,True,-0.13727439951791576,-1.45428629925072
Female,0,No,1,Yes,No,DSL,55,Yes,0,0,1,0,0,1,False,False,-1.2774445836787656,-0.32432453570912145
Male,0,Yes,31,No,Yes,Fiber optic,25,No,1,1,0,1,1,0,True,False,-0.055833672077855064,-1.3213496211870024
Male,0,No,2,No,Yes,Fiber optic,24,No,1,0,0,1,1,0,False,False,-1.2367242199587352,-1.3545837907029317
Male,0,No,63,Yes,No,DSL,71,No,1,0,1,0,0,0,True,False,1.247217966963116,0.20742217654574843
Male,0,No,20,Yes,No,DSL,79,No,1,0,1,0,0,0,True,False,-0.5037576729981889,0.47329553267318336
Female,0,No,71,Yes,No,DSL,83,No,0,0,1,0,0,0,False,True,1.5729808767233588,0.6062322107369008
Female,0,No,66,Yes,No,Fiber optic,61,No,0,0,1,0,1,0,False,False,1.369379058123207,-0.12491951861354524
Male,0,No,8,Yes,No,DSL,45,Yes,1,0,1,0,0,1,True,False,-0.9924020376385531,-0.6566662308684151
Female,0,No,2,Yes,No,Fiber optic,96,Yes,0,0,1,0,1,1,False,True,-1.2367242199587352,1.0382764144439827
Male,0,No,3,No,Yes,Fiber optic,35,No,1,0,0,1,1,0,False,False,-1.1960038562387048,-0.9890079260277087
Female,0,No,47,Yes,No,DSL,20,No,0,0,1,0,0,0,False,False,0.5956921474426305,-1.4875204687666492
Male,0,No,2,No,Yes,Fiber optic,49,Yes,1,0,0,1,1,1,True,False,-1.2367242199587352,-0.5237295528046976
Male,0,No,1,Yes,No,DSL,74,No,1,0,1,0,0,0,False,False,-1.2774445836787656,0.3071246850935365
Female,0,No,7,Yes,No,DSL,20,No,0,0,1,0,0,0,True,False,-1.0331224013585834,-1.4875204687666492
Male,0,Yes,69,Yes,Yes,DSL,105,No,1,1,1,1,0,0,True,False,1.4915401492832983,1.3373839400873468
Male,0,No,5,Yes,No,DSL,105,No,1,0,1,0,0,0,False,False,-1.1145631287986442,1.3373839400873468
Female,0,No,71,Yes,Yes,Fiber optic,20,No,0,0,1,1,1,0,False,False,1.5729808767233588,-1.4875204687666492
Female,0,No,1,Yes,No,Fiber optic,74,Yes,0,0,1,0,1,1,False,False,-1.2774445836787656,0.3071246850935365
Female,0,Yes,14,Yes,No,DSL,90,Yes,0,1,1,0,0,1,True,False,-0.748079855318371,0.8388713973484064
Female,0,No,29,Yes,Yes,Fiber optic,19,No,0,0,1,1,1,0,False,False,-0.13727439951791576,-1.5207546382825785
Male,0,No,56,Yes,No,DSL,82,No,1,0,1,0,0,0,False,False,0.9621754209229036,0.5729980412209714
Male,1,No,6,Yes,No,Fiber optic,96,Yes,1,0,1,0,1,1,False,False,-1.0738427650786138,1.0382764144439827
Male,1,No,1,No,Yes,Fiber optic,40,Yes,1,0,0,1,1,1,False,False,-1.2774445836787656,-0.8228370784480619
Female,0,Yes,46,Yes,Yes,Fiber optic,91,No,0,1,1,1,1,0,False,False,0.5549717837226001,0.8721055668643357
Male,0,No,20,Yes,No,DSL,108,No,1,0,1,0,0,0,False,False,-0.5037576729981889,1.437086448635135
Female,1,No,20,Yes,No,DSL,86,Yes,0,0,1,0,0,1,False,True,-0.5037576729981889,0.7059347192846889
Female,1,No,37,Yes,Yes,DSL,76,Yes,0,0,1,1,0,1,True,False,0.18848851024232702,0.37359302412539525
Female,0,Yes,24,Yes,Yes,Fiber optic,20,No,0,1,1,1,1,0,True,False,-0.3408762181180675,-1.4875204687666492
Male,0,Yes,29,Yes,No,Fiber optic,95,Yes,1,1,1,0,1,1,False,False,-0.13727439951791576,1.0050422449280532
Female,0,No,21,Yes,Yes,Fiber optic,104,Yes,0,0,1,1,1,1,False,False,-0.46303730927815856,1.3041497705714176
Male,0,Yes,19,Yes,No,DSL,103,Yes,1,1,1,0,0,1,False,True,-0.5444780367182193,1.270915601055488
Female,0,No,54,Yes,No,DSL,81,No,0,0,1,0,0,0,False,True,0.880734693482843,0.5397638717050421
Male,0,No,2,Yes,No,Fiber optic,19,Yes,1,0,1,0,1,1,False,False,-1.2367242199587352,-1.5207546382825785
Female,1,No,27,Yes,No,Fiber optic,104,Yes,0,0,1,0,1,1,False,False,-0.21871512695797646,1.3041497705714176
Male,0,No,46,No,Yes,DSL,61,No,1,0,0,1,0,0,False,True,0.5549717837226001,-0.12491951861354524
Female,0,No,18,Yes,No,DSL,20,No,0,0,1,0,0,0,False,True,-0.5851984004382496,-1.4875204687666492
Female,0,Yes,52,Yes,Yes,Fiber optic,20,No,0,1,1,1,1,0,False,False,0.7992939660427822,-1.4875204687666492
Female,0,Yes,43,Yes,No,DSL,56,Yes,0,1,1,0,0,1,False,False,0.43281069256250915,-0.29109036619319206
Female,0,No,3,Yes,No,DSL,20,No,0,0,1,0,0,0,False,True,-1.1960038562387048,-1.4875204687666492
Male,0,No,4,Yes,Yes,DSL,45,No,1,0,1,1,0,0,True,False,-1.1552834925186746,-0.6566662308684151
Male,0,Yes,6,Yes,Yes,Fiber optic,84,Yes,1,1,1,1,1,1,False,False,-1.0738427650786138,0.6394663802528302
Male,1,No,35,Yes,Yes,Fiber optic,101,No,1,0,1,1,1,0,True,False,0.10704778280226633,1.2044472620236295
Female,0,Yes,68,No,No,DSL,60,No,0,1,0,0,0,0,False,False,1.4508197855632678,-0.15815368812947458
Female,0,No,5,Yes,No,DSL,96,Yes,0,0,1,0,0,1,False,False,-1.1145631287986442,1.0382764144439827
Female,0,No,3,Yes,No,DSL,45,No,0,0,1,0,0,0,False,False,-1.1960038562387048,-0.6566662308684151
Female,1,No,4,Yes,Yes,DSL,73,No,0,0,1,1,0,0,True,False,-1.1552834925186746,0.2738905155776072
Female,0,No,4,Yes,No,DSL,25,No,0,0,1,0,0,0,False,False,-1.1552834925186746,-1.3213496211870024
Female,0,No,2,Yes,No,DSL,80,Yes,0,0,1,0,0,1,False,False,-1.2367242199587352,0.5065297021891128
Male,0,Yes,40,Yes,Yes,Fiber optic,110,No,1,1,1,1,1,0,False,False,0.3106496014024181,1.5035547876669937
Male,0,No,10,Yes,No,DSL,95,No,1,0,1,0,0,0,False,False,-0.9109613101984924,1.0050422449280532
Male,1,No,24,Yes,No,Fiber optic,80,No,1,0,1,0,1,0,False,False,-0.3408762181180675,0.5065297021891128
Female,1,No,72,Yes,No,DSL,107,No,0,0,1,0,0,0,False,True,1.6137012404433893,1.4038522791192056
Female,0,No,24,Yes,No,DSL,99,Yes,0,0,1,0,0,1,False,False,-0.3408762181180675,1.1379789229917707
Female,0,No,72,Yes,No,DSL,87,No,0,0,1,0,0,0,False,True,1.6137012404433893,0.7391688888006183
Female,0,No,1,Yes,No,Fiber optic,52,Yes,0,0,1,0,1,1,False,False,-1.2774445836787656,-0.4240270442569095
Female,0,No,18,Yes,Yes,DSL,88,Yes,0,0,1,1,0,1,False,False,-0.5851984004382496,0.7724030583165477
Male,0,No,4,No,No,DSL,40,No,1,0,0,0,0,0,False,False,-1.1552834925186746,-0.8228370784480619
Male,1,No,36,Yes,No,Fiber optic,91,Yes,1,0,1,0,1,1,False,False,0.14776814652229667,0.8721055668643357
Female,0,No,11,Yes,No,DSL,75,No,0,0,1,0,0,0,False,True,-0.8702409464784621,0.3403588546094659
Male,0,No,1,Yes,Yes,DSL,70,Yes,1,0,1,1,0,1,False,False,-1.2774445836787656,0.17418800702981907
Male,0,No,42,Yes,No,DSL,80,No,1,0,1,0,0,0,False,True,0.3920903288424788,0.5065297021891128
Female,1,No,16,Yes,Yes,DSL,85,Yes,0,0,1,1,0,1,False,True,-0.6666391278783103,0.6727005497687596
Male,0,No,50,Yes,Yes,Fiber optic,114,No,1,0,1,1,1,0,False,False,0.7178532386027215,1.6364914657307112
Female,0,No,1,No,No,DSL,25,Yes,0,0,0,0,0,1,False,False,-1.2774445836787656,-1.3213496211870024
Female,0,Yes,38,Yes,No,Fiber optic,20,No,0,1,1,0,1,0,False,False,0.22920887396235737,-1.4875204687666492
Male,1,Yes,24,Yes,No,DSL,80,No,1,1,1,0,0,0,False,True,-0.3408762181180675,0.5065297021891128
Male,0,Yes,31,Yes,No,DSL,60,No,1,1,1,0,0,0,False,True,-0.055833672077855064,-0.15815368812947458
Male,0,Yes,8,Yes,No,Fiber optic,19,No,1,1,1,0,1,0,False,False,-0.9924020376385531,-1.5207546382825785
Female,1,No,43,Yes,No,DSL,108,Yes,0,0,1,0,0,1,False,False,0.43281069256250915,1.437086448635135
Female,0,No,57,Yes,Yes,Fiber optic,70,No,0,0,1,1,1,0,False,True,1.002895784642934,0.17418800702981907
Female,0,Yes,13,Yes,No,DSL,21,No,0,1,1,0,0,0,False,True,-0.7888002190384014,-1.45428629925072
Male,0,No,40,Yes,Yes,Fiber optic,90,No,1,0,1,1,1,0,True,False,0.3106496014024181,0.8388713973484064
Male,0,Yes,23,Yes,No,Fiber optic,20,No,1,1,1,0,1,0,False,False,-0.38159658183809786,-1.4875204687666492
Female,0,Yes,72,Yes,No,DSL,84,No,0,1,1,0,0,0,False,False,1.6137012404433893,0.6394663802528302
Female,0,No,55,Yes,Yes,Fiber optic,84,No,0,0,1,1,1,0,False,False,0.9214550572028734,0.6394663802528302
Male,0,No,48,Yes,Yes,DSL,111,No,1,0,1,1,0,0,False,True,0.6364125111626608,1.536788957182923
Male,0,No,1,Yes,Yes,DSL,75,Yes,1,0,1,1,0,1,False,True,-1.2774445836787656,0.3403588546094659
Female,0,Yes,36,Yes,No,Fiber optic,97,Yes,0,1,1,0,1,1,False,False,0.14776814652229667,1.071510583959912
Male,0,No,11,Yes,No,DSL,69,No,1,0,1,0,0,0,False,False,-0.8702409464784621,0.1409538375138897
Female,0,No,1,Yes,No,Fiber optic,85,No,0,0,1,0,1,0,True,False,-1.2774445836787656,0.6727005497687596
Female,0,No,53,Yes,No,Fiber optic,98,Yes,0,0,1,0,1,1,False,False,0.8400143297628127,1.1047447534758412
Male,0,No,70,No,Yes,DSL,51,No,1,0,0,1,0,0,False,False,1.5322605130033284,-0.4572612137728389
Male,0,No,12,Yes,Yes,Fiber optic,96,No,1,0,1,1,1,0,False,False,-0.8295205827584317,1.0382764144439827
Male,0,No,22,Yes,No,DSL,95,Yes,1,0,1,0,0,1,False,False,-0.4223169455581282,1.0050422449280532
Female,0,Yes,55,Yes,No,DSL,69,No,0,1,1,0,0,0,True,False,0.9214550572028734,0.1409538375138897
Female,1,No,28,Yes,Yes,Fiber optic,64,No,0,0,1,1,1,0,False,False,-0.1779947632379461,-0.025217010065757134
Female,0,Yes,58,Yes,No,DSL,20,No,0,1,1,0,0,0,False,False,1.0436161483629645,-1.4875204687666492
Male,0,No,19,Yes,No,Fiber optic,20,No,1,0,1,0,1,0,False,False,-0.5444780367182193,-1.4875204687666492
Female,0,No,19,Yes,Yes,Fiber optic,95,Yes,0,0,1,1,1,1,False,False,-0.5444780367182193,1.0050422449280532
Male,0,No,31,Yes,No,Fiber optic,72,No,1,0,1,0,1,0,False,False,-0.055833672077855064,0.2406563460616778
Female,0,No,13,Yes,No,DSL,89,Yes,0,0,1,0,0,1,False,True,-0.7888002190384014,0.805637227832477
Male,0,No,1,Yes,No,DSL,20,Yes,1,0,1,0,0,1,False,False,-1.2774445836787656,-1.4875204687666492
Male,0,Yes,1,Yes,Yes,Fiber optic,71,Yes,1,1,1,1,1,1,False,False,-1.2774445836787656,0.20742217654574843
Female,1,No,18,Yes,No,DSL,74,No,0,0,1,0,0,0,False,False,-0.5851984004382496,0.3071246850935365
Male,0,No,13,Yes,No,DSL,20,No,1,0,1,0,0,0,False,True,-0.7888002190384014,-1.4875204687666492
Female,0,Yes,2,Yes,No,DSL,20,No,0,1,1,0,0,0,False,False,-1.2367242199587352,-1.4875204687666492
Male,0,No,70,Yes,No,DSL,65,No,1,0,1,0,0,0,False,False,1.5322605130033284,0.008017159450172232
Male,1,No,44,Yes,No,Fiber optic,19,No,1,0,1,0,1,0,True,False,0.47353105628253944,-1.5207546382825785
Female,0,Yes,4,Yes,No,DSL,21,No,0,1,1,0,0,0,True,False,-1.1552834925186746,-1.45428629925072
Male,0,No,65,Yes,No,Fiber optic,76,No,1,0,1,0,1,0,False,False,1.3286586944031769,0.37359302412539525
Female,1,No,71,Yes,No,DSL,100,No,0,0,1,0,0,0,True,False,1.5729808767233588,1.1712130925077
Female,0,Yes,64,Yes,No,Fiber optic,54,No,0,1,1,0,1,0,True,False,1.2879383306831464,-0.3575587052250508
Female,0,No,28,Yes,No,DSL,92,Yes,0,0,1,0,0,1,False,False,-0.1779947632379461,0.9053397363802651
Female,1,No,16,Yes,No,Fiber optic,96,Yes,0,0,1,0,1,1,False,False,-0.6666391278783103,1.0382764144439827
Female,0,Yes,70,Yes,Yes,DSL,114,Yes,0,1,1,1,0,1,True,False,1.5322605130033284,1.6364914657307112
Female,0,Yes,39,Yes,No,DSL,82,No,0,1,1,0,0,0,False,False,0.26992923768238775,0.5729980412209714
Male,0,No,19,Yes,Yes,DSL,45,No,1,0,1,1,0,0,True,False,-0.5444780367182193,-0.6566662308684151
Female,0,No,60,Yes,Yes,DSL,105,No,0,0,1,1,0,0,False,False,1.125056875803025,1.3373839400873468
Male,0,No,51,Yes,No,DSL,90,No,1,0,1,0,0,0,False,True,0.758573602322752,0.8388713973484064
Female,1,No,56,Yes,Yes,DSL,110,No,0,0,1,1,0,0,True,False,0.9621754209229036,1.5035547876669937
Male,0,No,66,Yes,Yes,Fiber optic,105,Yes,1,0,1,1,1,1,False,True,1.369379058123207,1.3373839400873468
Female,0,Yes,58,No,Yes,DSL,56,No,0,1,0,1,0,0,False,True,1.0436161483629645,-0.29109036619319206
Female,0,Yes,69,Yes,Yes,Fiber optic,59,No,0,1,1,1,1,0,True,False,1.4915401492832983,-0.19138785764540397
Female,0,No,27,Yes,No,DSL,56,No,0,0,1,0,0,0,False,False,-0.21871512695797646,-0.29109036619319206
Female,0,No,1,Yes,No,DSL,49,No,0,0,1,0,0,0,False,True,-1.2774445836787656,-0.5237295528046976
Female,0,No,6,Yes,No,DSL,20,No,0,0,1,0,0,0,False,False,-1.0738427650786138,-1.4875204687666492
Female,0,No,7,No,No,Fiber optic,25,No,0,0,0,0,1,0,False,False,-1.0331224013585834,-1.3213496211870024
Male,1,No,8,Yes,No,DSL,70,Yes,1,0,1,0,0,1,False,False,-0.9924020376385531,0.17418800702981907
Male,0,Yes,15,Yes,Yes,DSL,70,No,1,1,1,1,0,0,False,True,-0.7073594915983407,0.17418800702981907
Male,0,No,9,Yes,No,Fiber optic,20,No,1,0,1,0,1,0,False,False,-0.9516816739185228,-1.4875204687666492
Male,0,No,12,Yes,No,Fiber optic,67,No,1,0,1,0,1,0,False,False,-0.8295205827584317,0.07448549848203097
Female,0,No,25,Yes,Yes,Fiber optic,71,No,0,0,1,1,1,0,False,True,-0.30015585439803716,0.20742217654574843
Female,0,Yes,28,Yes,No,DSL,81,Yes,0,1,1,0,0,1,False,True,-0.1779947632379461,0.5397638717050421
Female,0,No,49,Yes,No,DSL,101,No,0,0,1,0,0,0,False,True,0.6771328748826912,1.2044472620236295
Male,1,No,57,No,Yes,Fiber optic,45,Yes,1,0,0,1,1,1,False,False,1.002895784642934,-0.6566662308684151
Male,0,No,11,Yes,Yes,Fiber optic,21,No,1,0,1,1,1,0,True,False,-0.8702409464784621,-1.45428629925072
Female,0,Yes,37,Yes,No,Fiber optic,95,No,0,1,1,0,1,0,False,False,0.18848851024232702,1.0050422449280532
Male,0,No,40,Yes,Yes,DSL,101,Yes,1,0,1,1,0,1,False,False,0.3106496014024181,1.2044472620236295
Male,0,No,54,No,Yes,Fiber optic,45,No,1,0,0,1,1,0,True,False,0.880734693482843,-0.6566662308684151
Male,0,No,12,Yes,No,DSL,85,No,1,0,1,0,0,0,False,True,-0.8295205827584317,0.6727005497687596
Male,0,No,4,Yes,No,Fiber optic,55,No,1,0,1,0,1,0,False,True,-1.1552834925186746,-0.32432453570912145
Male,0,Yes,66,Yes,No,Fiber optic,103,No,1,1,1,0,1,0,False,False,1.369379058123207,1.270915601055488
Male,0,Yes,70,No,No,DSL,60,No,1,1,0,0,0,0,True,False,1.5322605130033284,-0.15815368812947458
Female,0,No,1,Yes,Yes,Fiber optic,75,Yes,0,0,1,1,1,1,True,False,-1.2774445836787656,0.3403588546094659
Male,0,No,58,Yes,No,DSL,103,Yes,1,0,1,0,0,1,False,True,1.0436161483629645,1.270915601055488
Male,1,No,47,Yes,Yes,DSL,86,No,1,0,1,1,0,0,False,True,0.5956921474426305,0.7059347192846889
Female,1,No,4,Yes,Yes,Fiber optic,79,Yes,0,0,1,1,1,1,True,False,-1.1552834925186746,0.47329553267318336
Female,0,Yes,57,Yes,No,DSL,59,No,0,1,1,0,0,0,False,False,1.002895784642934,-0.19138785764540397
Female,0,No,15,Yes,No,DSL,94,No,0,0,1,0,0,0,False,True,-0.7073594915983407,0.9718080754121239
Female,0,No,24,Yes,No,DSL,90,No,0,0,1,0,0,0,True,False,-0.3408762181180675,0.8388713973484064
Female,0,No,20,Yes,No,DSL,19,No,0,0,1,0,0,0,False,True,-0.5037576729981889,-1.5207546382825785
Male,1,No,61,Yes,Yes,DSL,98,No,1,0,1,1,0,0,False,False,1.1657772395230555,1.1047447534758412
Female,0,No,16,No,No,Fiber optic,50,Yes,0,0,0,0,1,1,False,False,-0.6666391278783103,-0.49049538328876824
Female,0,No,72,Yes,Yes,DSL,98,No,0,0,1,1,0,0,False,True,1.6137012404433893,1.1047447534758412
Female,1,No,14,No,No,DSL,40,No,0,0,0,0,0,0,False,False,-0.748079855318371,-0.8228370784480619
Male,0,No,2,Yes,Yes,Fiber optic,46,Yes,1,0,1,1,1,1,False,False,-1.2367242199587352,-0.6234320613524857
Male,0,Yes,64,Yes,No,DSL,92,No,1,1,1,0,0,0,True,False,1.2879383306831464,0.9053397363802651
Male,0,No,30,Yes,Yes,Fiber optic,20,No,1,0,1,1,1,0,False,True,-0.0965540357978854,-1.4875204687666492
Male,0,No,64,Yes,Yes,Fiber optic,89,No,1,0,1,1,1,0,True,False,1.2879383306831464,0.805637227832477
Male,0,No,61,Yes,No,Fiber optic,112,Yes,1,0,1,0,1,1,False,False,1.1657772395230555,1.5700231266988525
Female,0,Yes,50,Yes,Yes,DSL,84,No,0,1,1,1,0,0,False,False,0.7178532386027215,0.6394663802528302
Female,0,No,47,Yes,No,Fiber optic,95,No,0,0,1,0,1,0,False,False,0.5956921474426305,1.0050422449280532
Male,0,No,51,Yes,Yes,Fiber optic,60,No,1,0,1,1,1,0,False,False,0.758573602322752,-0.15815368812947458
Female,0,No,37,Yes,No,DSL,91,No,0,0,1,0,0,0,False,True,0.18848851024232702,0.8721055668643357
Female,1,No,64,Yes,Yes,Fiber optic,97,No,0,0,1,1,1,0,False,False,1.2879383306831464,1.071510583959912
Male,0,No,60,No,Yes,Fiber optic,60,No,1,0,0,1,1,0,False,False,1.125056875803025,-0.15815368812947458
Male,0,No,1,Yes,Yes,Fiber optic,20,No,1,0,1,1,1,0,True,False,-1.2774445836787656,-1.4875204687666492
Male,0,No,14,Yes,No,DSL,82,No,1,0,1,0,0,0,False,False,-0.748079855318371,0.5729980412209714
Female,0,No,1,Yes,No,DSL,76,Yes,0,0,1,0,0,1,False,True,-1.2774445836787656,0.37359302412539525
Female,0,Yes,17,Yes,No,DSL,88,Yes,0,1,1,0,0,1,True,False,-0.62591876415828,0.7724030583165477
Male,0,No,63,Yes,Yes,DSL,104,No,1,0,1,1,0,0,True,False,1.247217966963116,1.3041497705714176
Female,0,Yes,72,Yes,No,DSL,26,No,0,1,1,0,0,0,True,False,1.6137012404433893,-1.288115451671073
Male,0,Yes,29,Yes,Yes,Fiber optic,101,No,1,1,1,1,1,0,False,True,-0.13727439951791576,1.2044472620236295
Female,0,Yes,18,Yes,No,DSL,62,No,0,1,1,0,0,0,False,False,-0.5851984004382496,-0.09168534909761586
Male,1,No,38,Yes,No,DSL,70,Yes,1,0,1,0,0,1,True,False,0.22920887396235737,0.17418800702981907
Male,1,No,26,Yes,Yes,DSL,19,No,1,0,1,1,0,0,False,True,-0.2594354906780068,-1.5207546382825785
Male,1,No,70,Yes,No,DSL,105,No,1,0,1,0,0,0,False,False,1.5322605130033284,1.3373839400873468
Female,0,No,7,Yes,No,Fiber optic,79,Yes,0,0,1,0,1,1,False,False,-1.0331224013585834,0.47329553267318336
Female,0,No,22,Yes,Yes,Fiber optic,21,No,0,0,1,1,1,0,False,False,-0.4223169455581282,-1.45428629925072
Female,0,Yes,25,Yes,Yes,Fiber optic,55,No,0,1,1,1,1,0,False,False,-0.30015585439803716,-0.32432453570912145
Male,0,No,33,No,Yes,DSL,39,No,1,0,0,1,0,0,True,False,0.025607055362205634,-0.8560712479639913
Male,1,No,27,Yes,No,Fiber optic,96,Yes,1,0,1,0,1,1,False,False,-0.21871512695797646,1.0382764144439827
Male,0,Yes,15,Yes,Yes,Fiber optic,75,Yes,1,1,1,1,1,1,False,False,-0.7073594915983407,0.3403588546094659
Female,0,No,41,Yes,No,DSL,25,No,0,0,1,0,0,0,False,False,0.35136996512244845,-1.3213496211870024
Male,0,No,38,Yes,Yes,Fiber optic,95,No,1,0,1,1,1,0,False,False,0.22920887396235737,1.0050422449280532
Male,1,No,44,Yes,No,Fiber optic,89,No,1,0,1,0,1,0,False,False,0.47353105628253944,0.805637227832477
Male,0,Yes,66,Yes,No,DSL,20,No,1,1,1,0,0,0,False,False,1.369379058123207,-1.4875204687666492
Male,0,Yes,19,Yes,No,DSL,21,No,1,1,1,0,0,0,False,True,-0.5444780367182193,-1.45428629925072
Male,0,No,17,Yes,No,DSL,90,Yes,1,0,1,0,0,1,True,False,-0.62591876415828,0.8388713973484064
Male,0,No,7,Yes,No,DSL,75,No,1,0,1,0,0,0,False,False,-1.0331224013585834,0.3403588546094659
Female,1,No,21,Yes,Yes,Fiber optic,72,No,0,0,1,1,1,0,False,False,-0.46303730927815856,0.2406563460616778
Male,0,No,61,Yes,Yes,DSL,94,Yes,1,0,1,1,0,1,False,False,1.1657772395230555,0.9718080754121239
Female,0,No,4,Yes,Yes,Fiber optic,51,No,0,0,1,1,1,0,False,False,-1.1552834925186746,-0.4572612137728389
Male,0,Yes,58,Yes,Yes,DSL,75,No,1,1,1,1,0,0,False,True,1.0436161483629645,0.3403588546094659
Female,0,Yes,21,No,Yes,DSL,56,Yes,0,1,0,1,0,1,False,False,-0.46303730927815856,-0.29109036619319206
Male,0,Yes,60,Yes,Yes,Fiber optic,20,No,1,1,1,1,1,0,False,False,1.125056875803025,-1.4875204687666492
Female,0,No,43,Yes,No,Fiber optic,26,No,0,0,1,0,1,0,False,False,0.43281069256250915,-1.288115451671073
Male,1,No,36,Yes,Yes,Fiber optic,85,Yes,1,0,1,1,1,1,False,False,0.14776814652229667,0.6727005497687596
Female,1,No,57,No,Yes,Fiber optic,55,No,0,0,0,1,1,0,False,False,1.002895784642934,-0.32432453570912145
Male,0,No,24,Yes,Yes,Fiber optic,55,No,1,0,1,1,1,0,False,False,-0.3408762181180675,-0.32432453570912145
Male,0,Yes,68,Yes,No,DSL,105,No,1,1,1,0,0,0,False,True,1.4508197855632678,1.3373839400873468
Male,0,No,72,Yes,Yes,DSL,95,No,1,0,1,1,0,0,True,False,1.6137012404433893,1.0050422449280532
Male,0,No,9,No,Yes,Fiber optic,40,No,1,0,0,1,1,0,False,False,-0.9516816739185228,-0.8228370784480619
Male,0,Yes,66,Yes,Yes,Fiber optic,80,No,1,1,1,1,1,0,False,False,1.369379058123207,0.5065297021891128
Female,0,No,8,Yes,No,DSL,74,No,0,0,1,0,0,0,False,False,-0.9924020376385531,0.3071246850935365
Female,0,Yes,50,Yes,No,Fiber optic,103,No,0,1,1,0,1,0,True,False,0.7178532386027215,1.270915601055488
Female,0,No,10,Yes,Yes,DSL,76,No,0,0,1,1,0,0,False,True,-0.9109613101984924,0.37359302412539525
Male,0,No,54,No,Yes,Fiber optic,30,No,1,0,0,1,1,0,False,False,0.880734693482843,-1.1551787736073555
Female,0,No,1,Yes,Yes,DSL,80,Yes,0,0,1,1,0,1,False,True,-1.2774445836787656,0.5065297021891128
Male,0,No,71,Yes,No,Fiber optic,109,No,1,0,1,0,1,0,False,False,1.5729808767233588,1.4703206181510644
Male,0,Yes,4,Yes,Yes,Fiber optic,101,Yes,1,1,1,1,1,1,False,False,-1.1552834925186746,1.2044472620236295
Male,0,No,33,Yes,Yes,DSL,55,No,1,0,1,1,0,0,False,True,0.025607055362205634,-0.32432453570912145
Male,1,No,10,Yes,Yes,Fiber optic,87,Yes,1,0,1,1,1,1,True,False,-0.9109613101984924,0.7391688888006183
Female,0,No,72,No,No,DSL,49,No,0,0,0,0,0,0,False,False,1.6137012404433893,-0.5237295528046976
Female,1,No,1,Yes,Yes,DSL,21,Yes,0,0,1,1,0,1,True,False,-1.2774445836787656,-1.45428629925072
Female,0,No,67,Yes,Yes,DSL,26,No,0,0,1,1,0,0,False,True,1.4100994218432374,-1.288115451671073
Female,0,No,22,Yes,Yes,DSL,80,No,0,0,1,1,0,0,False,True,-0.4223169455581282,0.5065297021891128
Male,0,No,62,Yes,No,DSL,97,Yes,1,0,1,0,0,1,False,True,1.2064976032430856,1.071510583959912
Female,1,No,21,No,Yes,DSL,42,Yes,0,0,0,1,0,1,False,False,-0.46303730927815856,-0.7563687394162032
Female,0,Yes,68,Yes,No,Fiber optic,112,No,0,1,1,0,1,0,False,False,1.4508197855632678,1.5700231266988525
Male,0,No,7,Yes,Yes,DSL,98,Yes,1,0,1,1,0,1,False,False,-1.0331224013585834,1.1047447534758412
Female,0,No,58,Yes,Yes,DSL,80,No,0,0,1,1,0,0,True,False,1.0436161483629645,0.5065297021891128
Female,0,Yes,23,Yes,No,DSL,84,No,0,1,1,0,0,0,False,True,-0.38159658183809786,0.6394663802528302
Male,1,No,71,Yes,No,DSL,24,No,1,0,1,0,0,0,False,False,1.5729808767233588,-1.3545837907029317
Female,0,No,41,Yes,Yes,Fiber optic,86,No,0,0,1,1,1,0,False,False,0.35136996512244845,0.7059347192846889
Female,0,Yes,0,No,No,DSL,56,No,0,1,0,0,0,0,False,True,-1.318164947398796,-0.29109036619319206
Male,0,No,61,No,No,DSL,62,No,1,0,0,0,0,0,True,False,1.1657772395230555,-0.09168534909761586
Female,0,Yes,46,Yes,Yes,Fiber optic,100,No,0,1,1,1,1,0,False,True,0.5549717837226001,1.1712130925077
Female,0,No,6,Yes,No,DSL,21,No,0,0,1,0,0,0,False,False,-1.0738427650786138,-1.45428629925072
Male,0,No,7,Yes,Yes,DSL,94,Yes,1,0,1,1,0,1,True,False,-1.0331224013585834,0.9718080754121239
Male,0,No,21,Yes,Yes,Fiber optic,74,No,1,0,1,1,1,0,False,False,-0.46303730927815856,0.3071246850935365
Female,1,No,13,Yes,No,DSL,95,Yes,0,0,1,0,0,1,False,True,-0.7888002190384014,1.0050422449280532
Female,0,Yes,22,Yes,Yes,Fiber optic,83,Yes,0,1,1,1,1,1,False,True,-0.4223169455581282,0.6062322107369008
Female,0,No,26,Yes,No,DSL,69,No,0,0,1,0,0,0,True,False,-0.2594354906780068,0.1409538375138897
Male,0,No,4,No,No,DSL,42,No,1,0,0,0,0,0,False,True,-1.1552834925186746,-0.7563687394162032
Female,0,Yes,63,Yes,Yes,Fiber optic,20,No,0,1,1,1,1,0,True,False,1.247217966963116,-1.4875204687666492
Male,1,No,5,Yes,Yes,Fiber optic,80,Yes,1,0,1,1,1,1,False,False,-1.1145631287986442,0.5065297021891128
Female,0,No,6,Yes,No,DSL,20,No,0,0,1,0,0,0,False,False,-1.0738427650786138,-1.4875204687666492
Female,0,No,55,Yes,Yes,Fiber optic,94,No,0,0,1,1,1,0,False,False,0.9214550572028734,0.9718080754121239
Male,0,Yes,51,Yes,Yes,Fiber optic,76,No,1,1,1,1,1,0,False,False,0.758573602322752,0.37359302412539525
Female,0,Yes,56,Yes,Yes,Fiber optic,69,No,0,1,1,1,1,0,False,True,0.9621754209229036,0.1409538375138897
Male,0,No,18,Yes,No,Fiber optic,20,No,1,0,1,0,1,0,False,False,-0.5851984004382496,-1.4875204687666492
Male,0,No,72,Yes,No,DSL,106,No,1,0,1,0,0,0,False,False,1.6137012404433893,1.3706181096032763
Female,0,Yes,19,Yes,Yes,DSL,50,No,0,1,1,1,0,0,False,True,-0.5444780367182193,-0.49049538328876824
Male,1,No,22,Yes,Yes,Fiber optic,97,Yes,1,0,1,1,1,1,False,False,-0.4223169455581282,1.071510583959912
Female,0,No,41,No,Yes,DSL,35,No,0,0,0,1,0,0,False,True,0.35136996512244845,-0.9890079260277087
Male,0,Yes,5,Yes,Yes,DSL,19,No,1,1,1,1,0,0,True,False,-1.1145631287986442,-1.5207546382825785
Female,0,No,57,Yes,Yes,DSL,74,No,0,0,1,1,0,0,False,False,1.002895784642934,0.3071246850935365
Male,1,No,29,Yes,Yes,DSL,101,No,1,0,1,1,0,0,True,False,-0.13727439951791576,1.2044472620236295
Female,0,Yes,33,Yes,No,DSL,94,Yes,0,1,1,0,0,1,False,True,0.025607055362205634,0.9718080754121239
Female,0,No,72,Yes,No,DSL,98,No,0,0,1,0,0,0,False,False,1.6137012404433893,1.1047447534758412
Male,0,No,31,Yes,No,DSL,89,No,1,0,1,0,0,0,False,True,-0.055833672077855064,0.805637227832477
Male,1,No,52,Yes,No,DSL,104,No,1,0,1,0,0,0,True,False,0.7992939660427822,1.3041497705714176
Male,0,Yes,35,Yes,No,Fiber optic,20,No,1,1,1,0,1,0,False,False,0.10704778280226633,-1.4875204687666492
Female,0,Yes,7,Yes,No,Fiber optic,20,No,0,1,1,0,1,0,False,False,-1.0331224013585834,-1.4875204687666492
Female,0,No,22,Yes,No,Fiber optic,55,No,0,0,1,0,1,0,False,False,-0.4223169455581282,-0.32432453570912145
Male,0,No,6,Yes,No,DSL,75,Yes,1,0,1,0,0,1,True,False,-1.0738427650786138,0.3403588546094659
Female,0,No,60,No,No,DSL,38,No,0,0,0,0,0,0,False,True,1.125056875803025,-0.8893054174799206
Male,0,Yes,24,Yes,Yes,Fiber optic,20,No,1,1,1,1,1,0,False,False,-0.3408762181180675,-1.4875204687666492
Female,1,No,31,Yes,Yes,Fiber optic,74,No,0,0,1,1,1,0,False,False,-0.055833672077855064,0.3071246850935365
Male,0,No,26,Yes,Yes,DSL,86,No,1,0,1,1,0,0,False,False,-0.2594354906780068,0.7059347192846889
Male,0,Yes,1,Yes,Yes,DSL,70,Yes,1,1,1,1,0,1,False,False,-1.2774445836787656,0.17418800702981907
Male,0,Yes,40,Yes,No,DSL,20,No,1,1,1,0,0,0,False,True,0.3106496014024181,-1.4875204687666492
Male,0,Yes,10,Yes,Yes,Fiber optic,20,No,1,1,1,1,1,0,True,False,-0.9109613101984924,-1.4875204687666492
Female,0,Yes,70,Yes,Yes,DSL,19,No,0,1,1,1,0,0,False,False,1.5322605130033284,-1.5207546382825785
Male,0,No,3,Yes,No,Fiber optic,55,Yes,1,0,1,0,1,1,False,False,-1.1960038562387048,-0.32432453570912145
Male,1,No,46,Yes,Yes,Fiber optic,85,Yes,1,0,1,1,1,1,True,False,0.5549717837226001,0.6727005497687596
Male,0,No,59,Yes,No,DSL,110,Yes,1,0,1,0,0,1,False,False,1.0843365120829946,1.5035547876669937
Female,1,No,48,Yes,No,DSL,71,No,0,0,1,0,0,0,False,False,0.6364125111626608,0.20742217654574843
Male,0,No,59,Yes,Yes,Fiber optic,19,Yes,1,0,1,1,1,1,False,True,1.0843365120829946,-1.5207546382825785
Female,0,No,29,No,No,DSL,31,Yes,0,0,0,0,0,1,False,False,-0.13727439951791576,-1.1219446040914263
Female,1,No,8,Yes,No,DSL,20,Yes,0,0,1,0,0,1,False,False,-0.9924020376385531,-1.4875204687666492
Female,0,Yes,9,Yes,Yes,Fiber optic,20,No,0,1,1,1,1,0,True,False,-0.9516816739185228,-1.4875204687666492
Female,0,No,8,Yes,No,Fiber optic,58,No,0,0,1,0,1,0,False,False,-0.9924020376385531,-0.22462202716133334
Female,0,No,28,Yes,No,DSL,90,Yes,0,0,1,0,0,1,False,False,-0.1779947632379461,0.8388713973484064
Female,0,Yes,20,Yes,Yes,DSL,76,No,0,1,1,1,0,0,False,False,-0.5037576729981889,0.37359302412539525
Female,1,No,56,Yes,No,Fiber optic,105,Yes,0,0,1,0,1,1,False,False,0.9621754209229036,1.3373839400873468
Female,0,No,49,No,Yes,DSL,41,No,0,0,0,1,0,0,False,True,0.6771328748826912,-0.7896029089321326
Female,0,No,5,Yes,No,Fiber optic,89,Yes,0,0,1,0,1,1,True,False,-1.1145631287986442,0.805637227832477
Female,0,No,18,Yes,No,DSL,90,Yes,0,0,1,0,0,1,False,True,-0.5851984004382496,0.8388713973484064
Male,0,Yes,71,Yes,Yes,Fiber optic,90,No,1,1,1,1,1,0,False,True,1.5729808767233588,0.8388713973484064
Male,0,No,20,Yes,Yes,Fiber optic,89,Yes,1,0,1,1,1,1,False,False,-0.5037576729981889,0.805637227832477
Male,0,No,40,No,No,DSL,42,Yes,1,0,0,0,0,1,False,True,0.3106496014024181,-0.7563687394162032
Female,0,No,18,Yes,Yes,Fiber optic,61,No,0,0,1,1,1,0,False,False,-0.5851984004382496,-0.12491951861354524
Female,0,Yes,38,Yes,No,Fiber optic,20,No,0,1,1,0,1,0,False,True,0.22920887396235737,-1.4875204687666492
Female,1,No,67,Yes,Yes,Fiber optic,106,No,0,0,1,1,1,0,False,False,1.4100994218432374,1.3706181096032763
Female,0,Yes,17,Yes,No,DSL,55,No,0,1,1,0,0,0,True,False,-0.62591876415828,-0.32432453570912145
Male,0,No,1,No,Yes,Fiber optic,35,Yes,1,0,0,1,1,1,False,True,-1.2774445836787656,-0.9890079260277087
Male,0,No,68,Yes,No,DSL,25,No,1,0,1,0,0,0,True,False,1.4508197855632678,-1.3213496211870024
Male,0,No,35,Yes,No,DSL,83,No,1,0,1,0,0,0,False,False,0.10704778280226633,0.6062322107369008
Female,0,No,3,Yes,No,DSL,76,Yes,0,0,1,0,0,1,True,False,-1.1960038562387048,0.37359302412539525
Female,0,No,8,Yes,No,Fiber optic,90,No,0,0,1,0,1,0,False,True,-0.9924020376385531,0.8388713973484064
Male,0,No,29,Yes,No,DSL,71,No,1,0,1,0,0,0,False,True,-0.13727439951791576,0.20742217654574843
Female,0,No,2,No,No,DSL,35,Yes,0,0,0,0,0,1,False,False,-1.2367242199587352,-0.9890079260277087
Female,1,No,53,Yes,Yes,DSL,74,No,0,0,1,1,0,0,True,False,0.8400143297628127,0.3071246850935365
Male,0,Yes,1,No,Yes,DSL,25,Yes,1,1,0,1,0,1,False,True,-1.2774445836787656,-1.3213496211870024
Female,0,No,7,Yes,Yes,Fiber optic,75,No,0,0,1,1,1,0,False,False,-1.0331224013585834,0.3403588546094659
Female,0,Yes,4,Yes,No,DSL,20,No,0,1,1,0,0,0,False,False,-1.1552834925186746,-1.4875204687666492
Female,0,No,29,Yes,Yes,DSL,76,No,0,0,1,1,0,0,False,True,-0.13727439951791576,0.37359302412539525
Female,0,No,3,Yes,Yes,Fiber optic,75,Yes,0,0,1,1,1,1,True,False,-1.1960038562387048,0.3403588546094659
Female,1,No,1,No,No,DSL,26,Yes,0,0,0,0,0,1,True,False,-1.2774445836787656,-1.288115451671073
Male,0,No,7,No,Yes,Fiber optic,35,No,1,0,0,1,1,0,False,True,-1.0331224013585834,-0.9890079260277087
Female,0,No,52,Yes,No,DSL,111,Yes,0,0,1,0,0,1,True,False,0.7992939660427822,1.536788957182923
Male,0,Yes,72,Yes,Yes,Fiber optic,92,No,1,1,1,1,1,0,False,False,1.6137012404433893,0.9053397363802651
Male,0,No,55,Yes,Yes,Fiber optic,97,Yes,1,0,1,1,1,1,False,False,0.9214550572028734,1.071510583959912
Male,0,No,1,Yes,No,Fiber optic,20,No,1,0,1,0,1,0,False,False,-1.2774445836787656,-1.4875204687666492
Female,0,No,6,Yes,No,Fiber optic,20,No,0,0,1,0,1,0,False,False,-1.0738427650786138,-1.4875204687666492
Female,0,Yes,29,Yes,No,DSL,20,No,0,1,1,0,0,0,False,True,-0.13727439951791576,-1.4875204687666492
Male,0,Yes,42,No,No,DSL,48,No,1,1,0,0,0,0,False,False,0.3920903288424788,-0.556963722320627
Female,0,No,30,No,Yes,Fiber optic,40,No,0,0,0,1,1,0,False,True,-0.0965540357978854,-0.8228370784480619
Male,0,No,1,Yes,Yes,DSL,51,Yes,1,0,1,1,0,1,False,True,-1.2774445836787656,-0.4572612137728389
Male,0,No,72,Yes,Yes,DSL,86,No,1,0,1,1,0,0,False,False,1.6137012404433893,0.7059347192846889
Female,0,No,4,Yes,Yes,DSL,51,Yes,0,0,1,1,0,1,False,True,-1.1552834925186746,-0.4572612137728389
Male,0,Yes,1,No,No,Fiber optic,25,No,1,1,0,0,1,0,False,False,-1.2774445836787656,-1.3213496211870024
Female,0,No,1,Yes,No,DSL,69,Yes,0,0,1,0,0,1,True,False,-1.2774445836787656,0.1409538375138897
Male,0,No,1,Yes,Yes,Fiber optic,74,Yes,1,0,1,1,1,1,True,False,-1.2774445836787656,0.3071246850935365
Male,0,No,62,Yes,Yes,DSL,80,No,1,0,1,1,0,0,False,False,1.2064976032430856,0.5065297021891128
Female,0,No,15,Yes,No,Fiber optic,101,Yes,0,0,1,0,1,1,False,False,-0.7073594915983407,1.2044472620236295
Male,0,Yes,1,Yes,No,DSL,19,No,1,1,1,0,0,0,False,False,-1.2774445836787656,-1.5207546382825785
Female,0,No,68,Yes,Yes,DSL,20,No,0,0,1,1,0,0,False,True,1.4508197855632678,-1.4875204687666492
Female,0,No,7,Yes,No,Fiber optic,75,No,0,0,1,0,1,0,False,False,-1.0331224013585834,0.3403588546094659
Female,0,No,72,Yes,Yes,Fiber optic,88,No,0,0,1,1,1,0,True,False,1.6137012404433893,0.7724030583165477
Male,0,No,72,Yes,No,DSL,87,No,1,0,1,0,0,0,False,True,1.6137012404433893,0.7391688888006183
Female,0,No,30,Yes,No,DSL,94,Yes,0,0,1,0,0,1,False,False,-0.0965540357978854,0.9718080754121239
Male,0,No,1,Yes,No,Fiber optic,84,Yes,1,0,1,0,1,1,False,False,-1.2774445836787656,0.6394663802528302
Female,0,No,39,No,No,DSL,41,No,0,0,0,0,0,0,True,False,0.26992923768238775,-0.7896029089321326
Male,0,No,62,Yes,Yes,DSL,92,No,1,0,1,1,0,0,False,False,1.2064976032430856,0.9053397363802651
Female,0,No,53,Yes,Yes,DSL,109,No,0,0,1,1,0,0,False,True,0.8400143297628127,1.4703206181510644
Male,0,No,66,Yes,Yes,DSL,104,Yes,1,0,1,1,0,1,False,True,1.369379058123207,1.3041497705714176
Female,1,Yes,59,Yes,Yes,Fiber optic,89,No,0,1,1,1,1,0,False,False,1.0843365120829946,0.805637227832477
Male,0,No,15,Yes,Yes,DSL,96,No,1,0,1,1,0,0,False,False,-0.7073594915983407,1.0382764144439827
Male,0,No,9,Yes,No,DSL,96,Yes,1,0,1,0,0,1,False,True,-0.9516816739185228,1.0382764144439827
Female,0,No,32,No,Yes,DSL,30,No,0,0,0,1,0,0,True,False,-0.015113308357824713,-1.1551787736073555
Female,0,Yes,17,Yes,Yes,Fiber optic,65,Yes,0,1,1,1,1,1,False,False,-0.62591876415828,0.008017159450172232
Male,0,Yes,55,Yes,No,DSL,55,No,1,1,1,0,0,0,False,False,0.9214550572028734,-0.32432453570912145
Male,0,No,17,No,No,Fiber optic,26,No,1,0,0,0,1,0,False,False,-0.62591876415828,-1.288115451671073
Female,1,No,69,Yes,No,DSL,87,No,0,0,1,0,0,0,False,True,1.4915401492832983,0.7391688888006183
Male,0,No,66,Yes,No,DSL,75,No,1,0,1,0,0,0,False,True,1.369379058123207,0.3403588546094659
Male,1,No,16,Yes,No,DSL,74,No,1,0,1,0,0,0,False,False,-0.6666391278783103,0.3071246850935365
Male,0,Yes,70,Yes,Yes,DSL,80,No,1,1,1,1,0,0,False,True,1.5322605130033284,0.5065297021891128
Female,0,No,50,Yes,Yes,DSL,19,No,0,0,1,1,0,0,False,True,0.7178532386027215,-1.5207546382825785
Female,0,No,3,Yes,No,Fiber optic,20,No,0,0,1,0,1,0,False,False,-1.1960038562387048,-1.4875204687666492
Male,0,No,17,Yes,Yes,Fiber optic,66,No,1,0,1,1,1,0,False,False,-0.62591876415828,0.0412513289661016
Male,0,Yes,20,Yes,Yes,Fiber optic,97,No,1,1,1,1,1,0,False,False,-0.5037576729981889,1.071510583959912
Male,0,Yes,71,Yes,Yes,Fiber optic,20,No,1,1,1,1,1,0,True,False,1.5729808767233588,-1.4875204687666492
Female,0,No,34,Yes,Yes,Fiber optic,105,No,0,0,1,1,1,0,False,False,0.06632741908223598,1.3373839400873468
Female,0,Yes,43,Yes,No,Fiber optic,25,No,0,1,1,0,1,0,True,False,0.43281069256250915,-1.3213496211870024
Male,1,No,50,Yes,No,DSL,102,No,1,0,1,0,0,0,False,False,0.7178532386027215,1.2376814315395588
Female,0,Yes,41,Yes,No,DSL,102,No,0,1,1,0,0,0,False,True,0.35136996512244845,1.2376814315395588
Male,0,No,54,Yes,No,DSL,80,No,1,0,1,0,0,0,False,True,0.880734693482843,0.5065297021891128
Female,0,No,64,Yes,No,DSL,19,No,0,0,1,0,0,0,False,False,1.2879383306831464,-1.5207546382825785
Male,0,Yes,31,Yes,Yes,Fiber optic,54,No,1,1,1,1,1,0,False,True,-0.055833672077855064,-0.3575587052250508
Male,1,No,11,Yes,Yes,Fiber optic,78,No,1,0,1,1,1,0,False,False,-0.8702409464784621,0.44006136315725397
Female,0,No,4,Yes,No,DSL,86,Yes,0,0,1,0,0,1,False,True,-1.1552834925186746,0.7059347192846889
Female,0,Yes,21,No,No,DSL,53,No,0,1,0,0,0,0,False,False,-0.46303730927815856,-0.3907928747409802
Female,0,Yes,35,Yes,Yes,Fiber optic,24,No,0,1,1,1,1,0,False,False,0.10704778280226633,-1.3545837907029317
Female,0,Yes,58,Yes,Yes,Fiber optic,99,No,0,1,1,1,1,0,False,False,1.0436161483629645,1.1379789229917707
Male,0,Yes,20,Yes,No,Fiber optic,20,No,1,1,1,0,1,0,False,False,-0.5037576729981889,-1.4875204687666492
Female,0,No,60,Yes,No,DSL,25,No,0,0,1,0,0,0,False,True,1.125056875803025,-1.3213496211870024
Female,0,Yes,41,Yes,Yes,DSL,20,No,0,1,1,1,0,0,False,False,0.35136996512244845,-1.4875204687666492
Female,0,No,15,Yes,Yes,Fiber optic,51,No,0,0,1,1,1,0,False,False,-0.7073594915983407,-0.4572612137728389
Male,0,No,1,Yes,No,DSL,44,No,1,0,1,0,0,0,False,False,-1.2774445836787656,-0.6899004003843444
Male,0,No,66,Yes,Yes,DSL,100,Yes,1,0,1,1,0,1,True,False,1.369379058123207,1.1712130925077
Female,1,Yes,1,Yes,Yes,Fiber optic,69,Yes,0,1,1,1,1,1,False,False,-1.2774445836787656,0.1409538375138897
Male,0,Yes,2,Yes,No,DSL,44,No,1,1,1,0,0,0,False,True,-1.2367242199587352,-0.6899004003843444
Female,0,No,32,Yes,Yes,DSL,84,Yes,0,0,1,1,0,1,False,False,-0.015113308357824713,0.6394663802528302
Female,1,No,72,Yes,No,DSL,78,No,0,0,1,0,0,0,False,False,1.6137012404433893,0.44006136315725397
Male,0,No,62,Yes,No,DSL,96,No,1,0,1,0,0,0,False,False,1.2064976032430856,1.0382764144439827
Male,1,No,9,Yes,No,DSL,80,No,1,0,1,0,0,0,False,False,-0.9516816739185228,0.5065297021891128
Male,0,No,4,Yes,No,DSL,86,No,1,0,1,0,0,0,False,False,-1.1552834925186746,0.7059347192846889
Male,0,Yes,30,Yes,No,Fiber optic,82,No,1,1,1,0,1,0,False,False,-0.0965540357978854,0.5729980412209714
Male,0,No,40,Yes,No,DSL,104,Yes,1,0,1,0,0,1,False,False,0.3106496014024181,1.3041497705714176
Male,0,Yes,33,Yes,Yes,Fiber optic,20,No,1,1,1,1,1,0,False,False,0.025607055362205634,-1.4875204687666492
Male,0,No,63,Yes,Yes,DSL,80,No,1,0,1,1,0,0,False,True,1.247217966963116,0.5065297021891128
Female,0,Yes,64,Yes,Yes,Fiber optic,20,No,0,1,1,1,1,0,False,True,1.2879383306831464,-1.4875204687666492
Male,0,No,5,Yes,Yes,DSL,97,No,1,0,1,1,0,0,True,False,-1.1145631287986442,1.071510583959912
Female,0,No,7,Yes,No,DSL,20,Yes,0,0,1,0,0,1,False,False,-1.0331224013585834,-1.4875204687666492
Male,0,No,10,Yes,No,DSL,80,No,1,0,1,0,0,0,False,True,-0.9109613101984924,0.5065297021891128
Female,0,Yes,63,Yes,No,DSL,101,Yes,0,1,1,0,0,1,True,False,1.247217966963116,1.2044472620236295
Male,0,Yes,20,No,No,DSL,39,No,1,1,0,0,0,0,True,False,-0.5037576729981889,-0.8560712479639913
Female,0,No,38,Yes,No,DSL,84,No,0,0,1,0,0,0,True,False,0.22920887396235737,0.6394663802528302
Female,1,No,66,Yes,No,DSL,108,No,0,0,1,0,0,0,False,True,1.369379058123207,1.437086448635135
Male,0,No,13,Yes,No,DSL,91,Yes,1,0,1,0,0,1,True,False,-0.7888002190384014,0.8721055668643357
Female,0,No,24,Yes,No,DSL,66,No,0,0,1,0,0,0,False,False,-0.3408762181180675,0.0412513289661016
Male,1,No,23,Yes,Yes,DSL,104,No,1,0,1,1,0,0,False,False,-0.38159658183809786,1.3041497705714176
Female,1,Yes,32,Yes,No,DSL,91,No,0,1,1,0,0,0,False,False,-0.015113308357824713,0.8721055668643357
Female,0,Yes,51,No,No,DSL,60,No,0,1,0,0,0,0,False,False,0.758573602322752,-0.15815368812947458
Female,0,No,40,Yes,No,DSL,19,No,0,0,1,0,0,0,False,False,0.3106496014024181,-1.5207546382825785
Female,0,No,22,Yes,No,DSL,59,No,0,0,1,0,0,0,False,False,-0.4223169455581282,-0.19138785764540397
Male,0,Yes,1,Yes,No,DSL,70,No,1,1,1,0,0,0,False,True,-1.2774445836787656,0.17418800702981907
Female,1,No,6,Yes,No,DSL,89,No,0,0,1,0,0,0,False,False,-1.0738427650786138,0.805637227832477
Male,0,No,1,Yes,No,DSL,20,Yes,1,0,1,0,0,1,False,True,-1.2774445836787656,-1.4875204687666492
Female,0,No,4,Yes,No,Fiber optic,20,No,0,0,1,0,1,0,False,False,-1.1552834925186746,-1.4875204687666492
Female,0,No,60,Yes,No,Fiber optic,106,Yes,0,0,1,0,1,1,False,False,1.125056875803025,1.3706181096032763
Male,1,No,72,No,No,DSL,65,No,1,0,0,0,0,0,False,True,1.6137012404433893,0.008017159450172232
Female,0,No,42,Yes,No,DSL,60,No,0,0,1,0,0,0,False,False,0.3920903288424788,-0.15815368812947458
Female,0,No,2,Yes,No,DSL,62,No,0,0,1,0,0,0,False,False,-1.2367242199587352,-0.09168534909761586
Male,0,No,69,No,Yes,DSL,60,No,1,0,0,1,0,0,True,False,1.4915401492832983,-0.15815368812947458
Male,0,No,2,Yes,No,DSL,86,Yes,1,0,1,0,0,1,True,False,-1.2367242199587352,0.7059347192846889
Female,1,No,1,No,Yes,Fiber optic,36,Yes,0,0,0,1,1,1,True,False,-1.2774445836787656,-0.9557737565117794
Male,0,No,31,Yes,Yes,Fiber optic,66,No,1,0,1,1,1,0,True,False,-0.055833672077855064,0.0412513289661016
Male,0,Yes,16,Yes,No,Fiber optic,20,No,1,1,1,0,1,0,False,False,-0.6666391278783103,-1.4875204687666492
Female,0,No,15,Yes,No,DSL,20,No,0,0,1,0,0,0,False,False,-0.7073594915983407,-1.4875204687666492
Female,0,Yes,2,Yes,Yes,DSL,94,Yes,0,1,1,1,0,1,False,True,-1.2367242199587352,0.9718080754121239
Female,1,No,17,Yes,No,DSL,93,No,0,0,1,0,0,0,False,False,-0.62591876415828,0.9385739058961945
Male,0,Yes,6,Yes,Yes,Fiber optic,94,Yes,1,1,1,1,1,1,False,False,-1.0738427650786138,0.9718080754121239
Female,0,Yes,61,Yes,No,DSL,60,No,0,1,1,0,0,0,False,True,1.1657772395230555,-0.15815368812947458
Female,0,No,1,Yes,No,DSL,19,No,0,0,1,0,0,0,False,True,-1.2774445836787656,-1.5207546382825785
Male,0,No,19,Yes,Yes,DSL,88,No,1,0,1,1,0,0,False,True,-0.5444780367182193,0.7724030583165477
Male,0,Yes,44,No,Yes,Fiber optic,54,No,1,1,0,1,1,0,False,True,0.47353105628253944,-0.3575587052250508
Female,0,No,70,Yes,Yes,Fiber optic,112,No,0,0,1,1,1,0,True,False,1.5322605130033284,1.5700231266988525
Male,0,Yes,63,Yes,Yes,DSL,25,No,1,1,1,1,0,0,False,True,1.247217966963116,-1.3213496211870024
Female,0,Yes,58,Yes,No,DSL,44,No,0,1,1,0,0,0,False,False,1.0436161483629645,-0.6899004003843444
Female,0,No,53,Yes,No,Fiber optic,74,No,0,0,1,0,1,0,False,False,0.8400143297628127,0.3071246850935365
Male,0,No,59,No,Yes,Fiber optic,44,No,1,0,0,1,1,0,False,False,1.0843365120829946,-0.6899004003843444
Male,0,No,69,Yes,No,DSL,104,Yes,1,0,1,0,0,1,False,False,1.4915401492832983,1.3041497705714176
Male,0,No,26,Yes,No,DSL,49,No,1,0,1,0,0,0,False,False,-0.2594354906780068,-0.5237295528046976
Male,0,Yes,23,Yes,Yes,Fiber optic,57,No,1,1,1,1,1,0,False,False,-0.38159658183809786,-0.2578561966772627
Female,0,No,42,Yes,No,DSL,55,No,0,0,1,0,0,0,True,False,0.3920903288424788,-0.32432453570912145
Female,1,No,1,Yes,No,DSL,51,Yes,0,0,1,0,0,1,False,False,-1.2774445836787656,-0.4572612137728389
Female,0,No,6,No,No,DSL,48,Yes,0,0,0,0,0,1,False,True,-1.0738427650786138,-0.556963722320627
Male,0,No,58,Yes,Yes,Fiber optic,21,No,1,0,1,1,1,0,False,False,1.0436161483629645,-1.45428629925072
Male,0,No,3,Yes,No,DSL,102,Yes,1,0,1,0,0,1,True,False,-1.1960038562387048,1.2376814315395588
Female,0,No,41,Yes,No,DSL,20,No,0,0,1,0,0,0,False,False,0.35136996512244845,-1.4875204687666492
Female,0,No,58,Yes,No,DSL,61,No,0,0,1,0,0,0,False,False,1.0436161483629645,-0.12491951861354524
Male,1,No,51,Yes,No,DSL,94,Yes,1,0,1,0,0,1,False,False,0.758573602322752,0.9718080754121239
Female,0,No,64,Yes,No,DSL,111,No,0,0,1,0,0,0,False,False,1.2879383306831464,1.536788957182923
Female,0,Yes,19,Yes,Yes,DSL,26,No,0,1,1,1,0,0,False,False,-0.5444780367182193,-1.288115451671073
Male,0,Yes,60,Yes,No,DSL,79,No,1,1,1,0,0,0,False,False,1.125056875803025,0.47329553267318336
Male,0,Yes,69,Yes,Yes,DSL,114,No,1,1,1,1,0,0,False,True,1.4915401492832983,1.6364914657307112
Female,0,Yes,3,Yes,Yes,DSL,81,No,0,1,1,1,0,0,False,False,-1.1960038562387048,0.5397638717050421
Male,0,No,7,Yes,No,DSL,95,Yes,1,0,1,0,0,1,False,False,-1.0331224013585834,1.0050422449280532
Female,0,No,19,Yes,No,Fiber optic,73,Yes,0,0,1,0,1,1,False,False,-0.5444780367182193,0.2738905155776072
Female,0,No,1,Yes,No,Fiber optic,77,Yes,0,0,1,0,1,1,False,False,-1.2774445836787656,0.40682719364132464
Female,0,No,62,Yes,No,DSL,24,No,0,0,1,0,0,0,False,True,1.2064976032430856,-1.3545837907029317
Female,0,No,1,Yes,No,DSL,50,Yes,0,0,1,0,0,1,True,False,-1.2774445836787656,-0.49049538328876824
Male,1,No,1,Yes,Yes,DSL,74,Yes,1,0,1,1,0,1,False,True,-1.2774445836787656,0.3071246850935365
Female,0,No,28,Yes,No,Fiber optic,60,No,0,0,1,0,1,0,False,False,-0.1779947632379461,-0.15815368812947458
Male,0,No,69,Yes,Yes,Fiber optic,92,No,1,0,1,1,1,0,False,False,1.4915401492832983,0.9053397363802651
Male,1,No,30,Yes,Yes,DSL,80,Yes,1,0,1,1,0,1,True,False,-0.0965540357978854,0.5065297021891128
Female,1,No,40,No,No,DSL,39,Yes,0,0,0,0,0,1,True,False,0.3106496014024181,-0.8560712479639913
Female,0,No,1,Yes,No,DSL,20,No,0,0,1,0,0,0,False,False,-1.2774445836787656,-1.4875204687666492
Male,0,No,45,Yes,No,DSL,101,Yes,1,0,1,0,0,1,False,True,0.5142514200025698,1.2044472620236295
Male,0,Yes,22,Yes,No,DSL,79,No,1,1,1,0,0,0,True,False,-0.4223169455581282,0.47329553267318336
Female,0,Yes,47,Yes,No,DSL,20,No,0,1,1,0,0,0,False,False,0.5956921474426305,-1.4875204687666492
Female,0,No,2,Yes,Yes,Fiber optic,20,No,0,0,1,1,1,0,False,True,-1.2367242199587352,-1.4875204687666492
Female,0,No,13,No,No,DSL,35,Yes,0,0,0,0,0,1,True,False,-0.7888002190384014,-0.9890079260277087
Female,0,No,20,Yes,Yes,Fiber optic,19,No,0,0,1,1,1,0,True,False,-0.5037576729981889,-1.5207546382825785
Male,0,No,48,Yes,Yes,DSL,19,No,1,0,1,1,0,0,False,False,0.6364125111626608,-1.5207546382825785
Male,0,No,67,Yes,No,DSL,101,No,1,0,1,0,0,0,False,False,1.4100994218432374,1.2044472620236295
Male,0,No,70,Yes,Yes,Fiber optic,99,No,1,0,1,1,1,0,False,False,1.5322605130033284,1.1379789229917707
Female,0,No,64,Yes,Yes,DSL,99,No,0,0,1,1,0,0,False,True,1.2879383306831464,1.1379789229917707
Female,0,No,34,Yes,No,DSL,98,Yes,0,0,1,0,0,1,False,False,0.06632741908223598,1.1047447534758412
Female,0,No,72,Yes,No,DSL,91,No,0,0,1,0,0,0,False,False,1.6137012404433893,0.8721055668643357
Female,0,Yes,23,Yes,No,DSL,70,No,0,1,1,0,0,0,False,False,-0.38159658183809786,0.17418800702981907
Female,1,No,15,Yes,Yes,DSL,89,No,0,0,1,1,0,0,False,True,-0.7073594915983407,0.805637227832477
Male,0,No,22,Yes,Yes,DSL,101,Yes,1,0,1,1,0,1,False,False,-0.4223169455581282,1.2044472620236295
Male,0,Yes,41,Yes,No,DSL,70,No,1,1,1,0,0,0,False,True,0.35136996512244845,0.17418800702981907
Female,0,No,68,Yes,Yes,Fiber optic,82,No,0,0,1,1,1,0,False,False,1.4508197855632678,0.5729980412209714
Female,0,Yes,70,Yes,Yes,DSL,106,No,0,1,1,1,0,0,False,True,1.5322605130033284,1.3706181096032763
Male,0,Yes,71,Yes,Yes,Fiber optic,87,No,1,1,1,1,1,0,False,False,1.5729808767233588,0.7391688888006183
Male,0,Yes,71,Yes,Yes,Fiber optic,85,No,1,1,1,1,1,0,False,False,1.5729808767233588,0.6727005497687596
Male,0,No,1,Yes,No,DSL,44,No,1,0,1,0,0,0,False,False,-1.2774445836787656,-0.6899004003843444
Male,0,No,1,Yes,No,Fiber optic,55,Yes,1,0,1,0,1,1,False,False,-1.2774445836787656,-0.32432453570912145
Male,0,Yes,3,Yes,No,DSL,21,No,1,1,1,0,0,0,False,False,-1.1960038562387048,-1.45428629925072
Female,0,No,40,Yes,Yes,Fiber optic,93,No,0,0,1,1,1,0,True,False,0.3106496014024181,0.9385739058961945
Female,0,No,3,No,No,DSL,51,Yes,0,0,0,0,0,1,False,False,-1.1960038562387048,-0.4572612137728389
Female,0,No,67,Yes,No,DSL,26,No,0,0,1,0,0,0,True,False,1.4100994218432374,-1.288115451671073
Female,0,No,18,Yes,No,Fiber optic,75,No,0,0,1,0,1,0,False,False,-0.5851984004382496,0.3403588546094659
Female,0,Yes,20,Yes,No,DSL,20,No,0,1,1,0,0,0,True,False,-0.5037576729981889,-1.4875204687666492
Female,0,No,3,Yes,No,DSL,74,Yes,0,0,1,0,0,1,True,False,-1.1960038562387048,0.3071246850935365
Male,0,No,71,Yes,No,DSL,116,No,1,0,1,0,0,0,False,True,1.5729808767233588,1.7029598047625698
Female,0,No,25,No,No,DSL,34,Yes,0,0,0,0,0,1,False,False,-0.30015585439803716,-1.0222420955436382
Female,1,No,32,Yes,No,DSL,91,No,0,0,1,0,0,0,False,False,-0.015113308357824713,0.8721055668643357
Male,0,Yes,46,Yes,Yes,DSL,20,No,1,1,1,1,0,0,True,False,0.5549717837226001,-1.4875204687666492
Female,0,Yes,68,Yes,No,DSL,19,No,0,1,1,0,0,0,False,False,1.4508197855632678,-1.5207546382825785
Female,0,Yes,48,Yes,No,DSL,80,No,0,1,1,0,0,0,False,True,0.6364125111626608,0.5065297021891128
Female,0,Yes,2,Yes,Yes,DSL,70,Yes,0,1,1,1,0,1,False,False,-1.2367242199587352,0.17418800702981907
Male,0,No,56,Yes,No,DSL,93,No,1,0,1,0,0,0,False,False,0.9621754209229036,0.9385739058961945
Male,0,No,5,Yes,No,DSL,79,Yes,1,0,1,0,0,1,False,True,-1.1145631287986442,0.47329553267318336
Female,0,No,3,Yes,Yes,Fiber optic,75,No,0,0,1,1,1,0,False,False,-1.1960038562387048,0.3403588546094659
Female,0,Yes,64,Yes,Yes,Fiber optic,93,No,0,1,1,1,1,0,True,False,1.2879383306831464,0.9385739058961945
Male,0,Yes,47,Yes,No,Fiber optic,90,No,1,1,1,0,1,0,False,False,0.5956921474426305,0.8388713973484064
Male,0,No,63,Yes,Yes,Fiber optic,67,No,1,0,1,1,1,0,False,True,1.247217966963116,0.07448549848203097
Male,0,No,27,Yes,Yes,Fiber optic,19,No,1,0,1,1,1,0,False,False,-0.21871512695797646,-1.5207546382825785
Female,1,Yes,47,Yes,No,DSL,71,Yes,0,1,1,0,0,1,False,False,0.5956921474426305,0.20742217654574843
Female,0,No,59,Yes,Yes,Fiber optic,24,No,0,0,1,1,1,0,False,False,1.0843365120829946,-1.3545837907029317
Male,0,Yes,4,Yes,No,Fiber optic,19,No,1,1,1,0,1,0,False,False,-1.1552834925186746,-1.5207546382825785
Female,0,No,72,Yes,Yes,Fiber optic,115,No,0,0,1,1,1,0,False,False,1.6137012404433893,1.6697256352466405
Female,0,No,13,Yes,Yes,Fiber optic,55,No,0,0,1,1,1,0,False,False,-0.7888002190384014,-0.32432453570912145
Male,1,Yes,66,Yes,Yes,Fiber optic,108,No,1,1,1,1,1,0,False,True,1.369379058123207,1.437086448635135
Female,0,No,42,Yes,Yes,DSL,21,No,0,0,1,1,0,0,False,False,0.3920903288424788,-1.45428629925072
Female,0,No,10,Yes,Yes,Fiber optic,20,No,0,0,1,1,1,0,False,False,-0.9109613101984924,-1.4875204687666492
Female,1,No,15,Yes,No,DSL,74,Yes,0,0,1,0,0,1,False,False,-0.7073594915983407,0.3071246850935365
Female,0,No,45,Yes,Yes,Fiber optic,95,No,0,0,1,1,1,0,False,False,0.5142514200025698,1.0050422449280532
Female,0,No,48,Yes,Yes,DSL,74,No,0,0,1,1,0,0,True,False,0.6364125111626608,0.3071246850935365
Female,0,No,1,No,No,Fiber optic,25,No,0,0,0,0,1,0,True,False,-1.2774445836787656,-1.3213496211870024
Female,0,No,27,Yes,No,Fiber optic,76,No,0,0,1,0,1,0,False,False,-0.21871512695797646,0.37359302412539525
Male,0,No,5,Yes,No,DSL,19,Yes,1,0,1,0,0,1,True,False,-1.1145631287986442,-1.5207546382825785
Male,0,Yes,23,Yes,No,DSL,87,No,1,1,1,0,0,0,False,False,-0.38159658183809786,0.7391688888006183
Male,1,Yes,11,Yes,Yes,DSL,75,No,1,1,1,1,0,0,False,False,-0.8702409464784621,0.3403588546094659
Female,1,No,35,Yes,Yes,DSL,102,No,0,0,1,1,0,0,True,False,0.10704778280226633,1.2376814315395588
Male,0,No,67,Yes,No,Fiber optic,89,No,1,0,1,0,1,0,True,False,1.4100994218432374,0.805637227832477
Male,0,Yes,33,Yes,No,DSL,75,No,1,1,1,0,0,0,False,True,0.025607055362205634,0.3403588546094659
Male,0,Yes,72,Yes,No,Fiber optic,114,No,1,1,1,0,1,0,False,False,1.6137012404433893,1.6364914657307112
Female,0,No,67,Yes,No,DSL,110,No,0,0,1,0,0,0,True,False,1.4100994218432374,1.5035547876669937
Female,0,No,33,Yes,Yes,Fiber optic,20,No,0,0,1,1,1,0,False,False,0.025607055362205634,-1.4875204687666492
Female,0,No,47,Yes,No,DSL,59,No,0,0,1,0,0,0,False,True,0.5956921474426305,-0.19138785764540397
Male,1,No,13,Yes,Yes,Fiber optic,98,Yes,1,0,1,1,1,1,False,False,-0.7888002190384014,1.1047447534758412
Male,0,Yes,18,Yes,No,DSL,83,No,1,1,1,0,0,0,False,True,-0.5851984004382496,0.6062322107369008
Female,0,No,72,Yes,Yes,Fiber optic,112,No,0,0,1,1,1,0,False,False,1.6137012404433893,1.5700231266988525
Female,1,No,11,Yes,Yes,Fiber optic,90,Yes,0,0,1,1,1,1,False,False,-0.8702409464784621,0.8388713973484064
Male,1,No,7,No,No,DSL,44,No,1,0,0,0,0,0,False,True,-1.0331224013585834,-0.6899004003843444
Female,0,No,59,Yes,No,DSL,99,No,0,0,1,0,0,0,False,True,1.0843365120829946,1.1379789229917707
Female,1,Yes,32,Yes,Yes,Fiber optic,100,No,0,1,1,1,1,0,False,False,-0.015113308357824713,1.1712130925077
Female,0,No,67,Yes,Yes,Fiber optic,25,No,0,0,1,1,1,0,False,False,1.4100994218432374,-1.3213496211870024
Female,0,No,51,Yes,No,DSL,88,No,0,0,1,0,0,0,False,False,0.758573602322752,0.7724030583165477
Female,1,No,59,Yes,Yes,DSL,94,No,0,0,1,1,0,0,True,False,1.0843365120829946,0.9718080754121239
Female,0,Yes,48,No,Yes,Fiber optic,39,No,0,1,0,1,1,0,False,False,0.6364125111626608,-0.8560712479639913
Female,1,No,1,Yes,No,DSL,71,Yes,0,0,1,0,0,1,False,False,-1.2774445836787656,0.20742217654574843
Male,0,No,23,Yes,Yes,Fiber optic,19,No,1,0,1,1,1,0,False,True,-0.38159658183809786,-1.5207546382825785
Male,0,Yes,38,Yes,No,Fiber optic,95,Yes,1,1,1,0,1,1,False,False,0.22920887396235737,1.0050422449280532
Male,0,Yes,19,Yes,Yes,Fiber optic,20,No,1,1,1,1,1,0,True,False,-0.5444780367182193,-1.4875204687666492
Male,1,No,3,Yes,No,DSL,76,Yes,1,0,1,0,0,1,False,True,-1.1960038562387048,0.37359302412539525
Male,1,No,58,Yes,Yes,Fiber optic,99,No,1,0,1,1,1,0,False,False,1.0436161483629645,1.1379789229917707
Male,0,No,2,Yes,Yes,DSL,50,No,1,0,1,1,0,0,True,False,-1.2367242199587352,-0.49049538328876824
Male,0,No,5,Yes,No,Fiber optic,75,No,1,0,1,0,1,0,False,False,-1.1145631287986442,0.3403588546094659
Female,0,No,72,Yes,No,DSL,101,No,0,0,1,0,0,0,False,False,1.6137012404433893,1.2044472620236295
Female,1,No,44,Yes,No,DSL,110,No,0,0,1,0,0,0,True,False,0.47353105628253944,1.5035547876669937
Male,0,No,16,Yes,No,Fiber optic,20,Yes,1,0,1,0,1,1,False,False,-0.6666391278783103,-1.4875204687666492
Male,0,No,12,No,No,DSL,51,No,1,0,0,0,0,0,False,True,-0.8295205827584317,-0.4572612137728389
Female,0,No,6,Yes,Yes,Fiber optic,90,Yes,0,0,1,1,1,1,False,True,-1.0738427650786138,0.8388713973484064
Female,1,No,72,Yes,No,DSL,108,No,0,0,1,0,0,0,False,False,1.6137012404433893,1.437086448635135
Female,0,No,23,Yes,Yes,Fiber optic,25,No,0,0,1,1,1,0,False,False,-0.38159658183809786,-1.3213496211870024
Male,0,No,38,Yes,No,Fiber optic,70,Yes,1,0,1,0,1,1,False,False,0.22920887396235737,0.17418800702981907
Male,0,No,47,Yes,No,DSL,95,No,1,0,1,0,0,0,False,False,0.5956921474426305,1.0050422449280532
Female,0,No,54,Yes,No,DSL,20,No,0,0,1,0,0,0,False,True,0.880734693482843,-1.4875204687666492
Male,0,No,15,Yes,No,Fiber optic,69,No,1,0,1,0,1,0,False,True,-0.7073594915983407,0.1409538375138897
Female,1,No,20,Yes,Yes,Fiber optic,94,Yes,0,0,1,1,1,1,False,False,-0.5037576729981889,0.9718080754121239
Female,0,Yes,16,Yes,Yes,Fiber optic,73,No,0,1,1,1,1,0,True,False,-0.6666391278783103,0.2738905155776072
Male,0,No,1,Yes,Yes,DSL,69,Yes,1,0,1,1,0,1,False,False,-1.2774445836787656,0.1409538375138897
Male,0,No,1,No,No,Fiber optic,25,Yes,1,0,0,0,1,1,False,False,-1.2774445836787656,-1.3213496211870024
Male,0,No,46,Yes,Yes,Fiber optic,20,No,1,0,1,1,1,0,False,False,0.5549717837226001,-1.4875204687666492
Male,0,No,69,Yes,Yes,DSL,98,No,1,0,1,1,0,0,False,True,1.4915401492832983,1.1047447534758412
Male,0,Yes,49,Yes,Yes,Fiber optic,84,Yes,1,1,1,1,1,1,False,False,0.6771328748826912,0.6394663802528302
Male,0,No,53,No,Yes,DSL,55,No,1,0,0,1,0,0,False,False,0.8400143297628127,-0.32432453570912145
Male,0,Yes,7,Yes,Yes,Fiber optic,19,No,1,1,1,1,1,0,False,False,-1.0331224013585834,-1.5207546382825785
Female,0,No,42,Yes,No,DSL,50,Yes,0,0,1,0,0,1,True,False,0.3920903288424788,-0.49049538328876824
Male,0,Yes,17,Yes,No,DSL,50,No,1,1,1,0,0,0,False,False,-0.62591876415828,-0.49049538328876824
Female,1,No,2,Yes,Yes,DSL,82,No,0,0,1,1,0,0,False,False,-1.2367242199587352,0.5729980412209714
Female,0,Yes,72,Yes,Yes,Fiber optic,104,No,0,1,1,1,1,0,False,False,1.6137012404433893,1.3041497705714176
Female,0,No,28,Yes,No,DSL,20,No,0,0,1,0,0,0,False,True,-0.1779947632379461,-1.4875204687666492
Male,0,No,1,No,No,DSL,50,Yes,1,0,0,0,0,1,False,False,-1.2774445836787656,-0.49049538328876824
Female,0,No,15,Yes,Yes,Fiber optic,86,Yes,0,0,1,1,1,1,True,False,-0.7073594915983407,0.7059347192846889
Female,1,No,67,Yes,No,DSL,107,No,0,0,1,0,0,0,True,False,1.4100994218432374,1.4038522791192056
Female,0,No,11,Yes,No,Fiber optic,100,Yes,0,0,1,0,1,1,False,True,-0.8702409464784621,1.1712130925077
Male,0,Yes,56,Yes,No,Fiber optic,103,No,1,1,1,0,1,0,False,False,0.9621754209229036,1.270915601055488
Male,0,No,22,Yes,Yes,Fiber optic,55,No,1,0,1,1,1,0,False,False,-0.4223169455581282,-0.32432453570912145
Male,1,No,19,No,No,Fiber optic,34,No,1,0,0,0,1,0,True,False,-0.5444780367182193,-1.0222420955436382
Female,0,Yes,44,Yes,Yes,Fiber optic,20,No,0,1,1,1,1,0,False,True,0.47353105628253944,-1.4875204687666492
Male,0,No,10,No,Yes,Fiber optic,36,No,1,0,0,1,1,0,True,False,-0.9109613101984924,-0.9557737565117794
Female,0,No,18,Yes,No,DSL,71,No,0,0,1,0,0,0,True,False,-0.5851984004382496,0.20742217654574843
Male,0,No,30,Yes,No,DSL,19,No,1,0,1,0,0,0,False,True,-0.0965540357978854,-1.5207546382825785
Male,0,No,26,No,No,Fiber optic,36,No,1,0,0,0,1,0,True,False,-0.2594354906780068,-0.9557737565117794
Female,0,No,58,Yes,Yes,DSL,109,Yes,0,0,1,1,0,1,False,False,1.0436161483629645,1.4703206181510644
Male,0,No,1,No,No,DSL,30,Yes,1,0,0,0,0,1,False,False,-1.2774445836787656,-1.1551787736073555
Female,0,No,9,Yes,No,Fiber optic,66,Yes,0,0,1,0,1,1,False,False,-0.9516816739185228,0.0412513289661016
Female,0,No,50,Yes,No,DSL,82,No,0,0,1,0,0,0,False,False,0.7178532386027215,0.5729980412209714
Male,0,No,46,No,No,DSL,31,No,1,0,0,0,0,0,True,False,0.5549717837226001,-1.1219446040914263
Female,0,No,3,Yes,No,DSL,45,No,0,0,1,0,0,0,False,False,-1.1960038562387048,-0.6566662308684151
Female,0,No,11,Yes,Yes,Fiber optic,51,No,0,0,1,1,1,0,False,False,-0.8702409464784621,-0.4572612137728389
Male,0,No,37,Yes,No,Fiber optic,70,No,1,0,1,0,1,0,False,False,0.18848851024232702,0.17418800702981907
Male,0,No,22,Yes,No,Fiber optic,54,Yes,1,0,1,0,1,1,False,False,-0.4223169455581282,-0.3575587052250508
Male,0,No,67,Yes,Yes,Fiber optic,26,No,1,0,1,1,1,0,False,False,1.4100994218432374,-1.288115451671073
Male,0,No,1,Yes,Yes,DSL,20,No,1,0,1,1,0,0,False,True,-1.2774445836787656,-1.4875204687666492
Female,0,No,19,Yes,No,DSL,56,No,0,0,1,0,0,0,False,True,-0.5444780367182193,-0.29109036619319206
Female,1,No,9,Yes,Yes,DSL,75,Yes,0,0,1,1,0,1,False,False,-0.9516816739185228,0.3403588546094659
Male,0,No,70,Yes,No,Fiber optic,99,No,1,0,1,0,1,0,False,False,1.5322605130033284,1.1379789229917707
Male,0,No,1,Yes,No,DSL,50,No,1,0,1,0,0,0,True,False,-1.2774445836787656,-0.49049538328876824
Female,0,No,39,No,Yes,Fiber optic,41,No,0,0,0,1,1,0,False,True,0.26992923768238775,-0.7896029089321326
Male,0,No,2,Yes,No,DSL,71,Yes,1,0,1,0,0,1,False,False,-1.2367242199587352,0.20742217654574843
Female,1,No,49,Yes,No,DSL,44,No,0,0,1,0,0,0,False,False,0.6771328748826912,-0.6899004003843444
Male,0,No,7,Yes,No,Fiber optic,64,No,1,0,1,0,1,0,False,False,-1.0331224013585834,-0.025217010065757134
Male,0,Yes,1,Yes,Yes,Fiber optic,46,Yes,1,1,1,1,1,1,False,False,-1.2774445836787656,-0.6234320613524857
Female,0,No,61,Yes,No,DSL,101,No,0,0,1,0,0,0,False,True,1.1657772395230555,1.2044472620236295
Male,0,No,1,Yes,No,DSL,43,Yes,1,0,1,0,0,1,False,True,-1.2774445836787656,-0.7231345699002738
Female,1,No,40,Yes,Yes,Fiber optic,92,No,0,0,1,1,1,0,False,False,0.3106496014024181,0.9053397363802651
Female,0,No,71,Yes,Yes,Fiber optic,24,No,0,0,1,1,1,0,False,False,1.5729808767233588,-1.3545837907029317
Male,0,No,24,Yes,Yes,DSL,90,Yes,1,0,1,1,0,1,False,False,-0.3408762181180675,0.8388713973484064
Female,0,No,14,Yes,Yes,Fiber optic,50,No,0,0,1,1,1,0,False,False,-0.748079855318371,-0.49049538328876824
Female,1,No,61,Yes,Yes,Fiber optic,94,No,0,0,1,1,1,0,False,False,1.1657772395230555,0.9718080754121239
Female,1,No,44,Yes,Yes,DSL,75,No,0,0,1,1,0,0,False,False,0.47353105628253944,0.3403588546094659
Female,0,No,70,Yes,Yes,DSL,20,No,0,0,1,1,0,0,False,True,1.5322605130033284,-1.4875204687666492
Female,0,No,18,Yes,Yes,Fiber optic,74,No,0,0,1,1,1,0,False,False,-0.5851984004382496,0.3071246850935365
Male,0,Yes,12,Yes,Yes,DSL,74,Yes,1,1,1,1,0,1,False,True,-0.8295205827584317,0.3071246850935365
Male,1,No,66,Yes,No,DSL,107,No,1,0,1,0,0,0,False,False,1.369379058123207,1.4038522791192056
Male,0,Yes,61,Yes,Yes,DSL,21,No,1,1,1,1,0,0,False,True,1.1657772395230555,-1.45428629925072
Female,0,No,42,Yes,No,DSL,86,No,0,0,1,0,0,0,True,False,0.3920903288424788,0.7059347192846889
Female,0,No,54,Yes,No,DSL,95,No,0,0,1,0,0,0,True,False,0.880734693482843,1.0050422449280532
Male,0,No,3,Yes,Yes,Fiber optic,20,No,1,0,1,1,1,0,False,False,-1.1960038562387048,-1.4875204687666492
Male,0,No,69,Yes,Yes,DSL,54,No,1,0,1,1,0,0,False,True,1.4915401492832983,-0.3575587052250508
Female,0,No,3,Yes,Yes,Fiber optic,20,No,0,0,1,1,1,0,True,False,-1.1960038562387048,-1.4875204687666492
Female,0,No,7,Yes,Yes,Fiber optic,75,Yes,0,0,1,1,1,1,False,False,-1.0331224013585834,0.3403588546094659
Female,0,No,57,Yes,No,Fiber optic,20,No,0,0,1,0,1,0,False,False,1.002895784642934,-1.4875204687666492
Male,1,No,14,Yes,Yes,DSL,75,Yes,1,0,1,1,0,1,False,False,-0.748079855318371,0.3403588546094659
Male,0,No,11,No,Yes,Fiber optic,42,Yes,1,0,0,1,1,1,False,True,-0.8702409464784621,-0.7563687394162032
Male,0,No,4,Yes,No,DSL,20,No,1,0,1,0,0,0,True,False,-1.1552834925186746,-1.4875204687666492
Male,0,No,43,Yes,No,DSL,94,No,1,0,1,0,0,0,False,False,0.43281069256250915,0.9718080754121239
Male,0,No,62,Yes,No,Fiber optic,74,No,1,0,1,0,1,0,False,False,1.2064976032430856,0.3071246850935365
Female,0,No,12,Yes,Yes,Fiber optic,96,Yes,0,0,1,1,1,1,False,False,-0.8295205827584317,1.0382764144439827
Male,0,Yes,11,Yes,No,DSL,20,No,1,1,1,0,0,0,True,False,-0.8702409464784621,-1.4875204687666492
Female,0,No,19,Yes,No,Fiber optic,60,No,0,0,1,0,1,0,False,False,-0.5444780367182193,-0.15815368812947458
Male,0,No,44,Yes,No,DSL,106,No,1,0,1,0,0,0,True,False,0.47353105628253944,1.3706181096032763
Female,1,Yes,11,Yes,Yes,Fiber optic,78,No,0,1,1,1,1,0,False,False,-0.8702409464784621,0.44006136315725397
Male,0,Yes,72,Yes,Yes,DSL,81,No,1,1,1,1,0,0,False,True,1.6137012404433893,0.5397638717050421
Female,0,No,43,Yes,No,Fiber optic,105,Yes,0,0,1,0,1,1,False,False,0.43281069256250915,1.3373839400873468
Male,0,No,3,Yes,Yes,DSL,20,Yes,1,0,1,1,0,1,False,False,-1.1960038562387048,-1.4875204687666492
Female,1,No,5,Yes,No,DSL,81,No,0,0,1,0,0,0,False,False,-1.1145631287986442,0.5397638717050421
Male,0,No,2,No,No,Fiber optic,30,Yes,1,0,0,0,1,1,False,False,-1.2367242199587352,-1.1551787736073555
Male,0,Yes,68,Yes,Yes,Fiber optic,86,No,1,1,1,1,1,0,False,False,1.4508197855632678,0.7059347192846889
Male,1,No,33,Yes,No,Fiber optic,94,Yes,1,0,1,0,1,1,False,False,0.025607055362205634,0.9718080754121239
Female,0,No,11,No,No,DSL,36,No,0,0,0,0,0,0,False,False,-0.8702409464784621,-0.9557737565117794
Male,1,No,69,Yes,Yes,DSL,90,Yes,1,0,1,1,0,1,True,False,1.4915401492832983,0.8388713973484064
Female,0,No,66,Yes,No,DSL,105,No,0,0,1,0,0,0,False,True,1.369379058123207,1.3373839400873468
Male,0,Yes,29,Yes,No,DSL,76,No,1,1,1,0,0,0,False,False,-0.13727439951791576,0.37359302412539525
Male,0,Yes,8,Yes,No,DSL,45,No,1,1,1,0,0,0,False,True,-0.9924020376385531,-0.6566662308684151
Male,1,No,72,No,Yes,DSL,64,No,1,0,0,1,0,0,False,True,1.6137012404433893,-0.025217010065757134
Female,0,Yes,8,Yes,Yes,DSL,45,No,0,1,1,1,0,0,False,False,-0.9924020376385531,-0.6566662308684151
Female,0,No,32,Yes,No,DSL,104,No,0,0,1,0,0,0,False,False,-0.015113308357824713,1.3041497705714176
Female,0,Yes,56,Yes,No,Fiber optic,20,No,0,1,1,0,1,0,False,False,0.9621754209229036,-1.4875204687666492
Male,0,No,10,Yes,No,DSL,81,Yes,1,0,1,0,0,1,False,False,-0.9109613101984924,0.5397638717050421
Female,0,No,44,Yes,No,Fiber optic,62,No,0,0,1,0,1,0,False,False,0.47353105628253944,-0.09168534909761586
Female,0,Yes,23,Yes,Yes,Fiber optic,84,Yes,0,1,1,1,1,1,False,False,-0.38159658183809786,0.6394663802528302
Female,0,No,4,No,Yes,Fiber optic,48,No,0,0,0,1,1,0,False,False,-1.1552834925186746,-0.556963722320627
Female,0,Yes,36,Yes,Yes,Fiber optic,51,No,0,1,1,1,1,0,True,False,0.14776814652229667,-0.4572612137728389
Male,0,No,47,Yes,Yes,Fiber optic,83,Yes,1,0,1,1,1,1,True,False,0.5956921474426305,0.6062322107369008
Female,0,Yes,2,No,Yes,Fiber optic,30,No,0,1,0,1,1,0,False,False,-1.2367242199587352,-1.1551787736073555
Female,0,Yes,52,Yes,No,Fiber optic,20,No,0,1,1,0,1,0,False,False,0.7992939660427822,-1.4875204687666492
Female,0,No,5,Yes,Yes,Fiber optic,91,Yes,0,0,1,1,1,1,False,False,-1.1145631287986442,0.8721055668643357
Female,0,Yes,64,Yes,Yes,Fiber optic,66,No,0,1,1,1,1,0,False,False,1.2879383306831464,0.0412513289661016
Male,0,No,2,Yes,No,DSL,50,No,1,0,1,0,0,0,True,False,-1.2367242199587352,-0.49049538328876824
Female,0,No,8,Yes,Yes,Fiber optic,20,No,0,0,1,1,1,0,False,False,-0.9924020376385531,-1.4875204687666492
Female,0,No,1,Yes,No,DSL,70,Yes,0,0,1,0,0,1,False,False,-1.2774445836787656,0.17418800702981907
Male,0,No,1,No,Yes,DSL,45,Yes,1,0,0,1,0,1,False,True,-1.2774445836787656,-0.6566662308684151
Male,0,Yes,60,Yes,No,DSL,60,No,1,1,1,0,0,0,False,False,1.125056875803025,-0.15815368812947458
Male,0,No,20,Yes,No,DSL,91,No,1,0,1,0,0,0,False,True,-0.5037576729981889,0.8721055668643357
Male,0,Yes,22,Yes,Yes,DSL,51,No,1,1,1,1,0,0,True,False,-0.4223169455581282,-0.4572612137728389
Male,0,Yes,54,Yes,Yes,Fiber optic,71,No,1,1,1,1,1,0,True,False,0.880734693482843,0.20742217654574843
Male,0,No,1,Yes,No,DSL,81,No,1,0,1,0,0,0,False,False,-1.2774445836787656,0.5397638717050421
Male,0,No,13,Yes,Yes,Fiber optic,19,No,1,0,1,1,1,0,False,True,-0.7888002190384014,-1.5207546382825785
Female,1,Yes,24,Yes,Yes,DSL,97,No,0,1,1,1,0,0,False,False,-0.3408762181180675,1.071510583959912
Female,1,No,6,Yes,No,DSL,74,No,0,0,1,0,0,0,False,True,-1.0738427650786138,0.3071246850935365
Male,1,No,38,Yes,No,Fiber optic,103,No,1,0,1,0,1,0,False,False,0.22920887396235737,1.270915601055488
Female,0,No,12,Yes,No,DSL,85,No,0,0,1,0,0,0,True,False,-0.8295205827584317,0.6727005497687596
Male,0,No,26,No,No,DSL,45,No,1,0,0,0,0,0,False,True,-0.2594354906780068,-0.6566662308684151
Female,0,Yes,6,No,No,DSL,41,No,0,1,0,0,0,0,False,False,-1.0738427650786138,-0.7896029089321326
Male,0,Yes,67,Yes,Yes,DSL,87,Yes,1,1,1,1,0,1,True,False,1.4100994218432374,0.7391688888006183
Male,1,No,62,Yes,Yes,Fiber optic,104,Yes,1,0,1,1,1,1,False,False,1.2064976032430856,1.3041497705714176
Male,0,Yes,50,No,No,DSL,39,No,1,1,0,0,0,0,False,False,0.7178532386027215,-0.8560712479639913
Male,0,Yes,72,No,Yes,DSL,66,No,1,1,0,1,0,0,False,True,1.6137012404433893,0.0412513289661016
Female,1,Yes,31,Yes,No,DSL,99,Yes,0,1,1,0,0,1,False,False,-0.055833672077855064,1.1379789229917707
Male,0,No,72,Yes,No,DSL,92,No,1,0,1,0,0,0,True,False,1.6137012404433893,0.9053397363802651
Male,0,No,51,No,Yes,DSL,44,No,1,0,0,1,0,0,False,False,0.758573602322752,-0.6899004003843444
Female,0,No,1,Yes,Yes,Fiber optic,20,No,0,0,1,1,1,0,False,False,-1.2774445836787656,-1.4875204687666492
Female,0,Yes,60,Yes,Yes,Fiber optic,115,No,0,1,1,1,1,0,True,False,1.125056875803025,1.6697256352466405
Female,0,Yes,24,Yes,No,DSL,20,No,0,1,1,0,0,0,False,True,-0.3408762181180675,-1.4875204687666492
Female,0,No,2,Yes,No,DSL,81,Yes,0,0,1,0,0,1,True,False,-1.2367242199587352,0.5397638717050421
Female,0,No,4,Yes,No,Fiber optic,78,Yes,0,0,1,0,1,1,False,False,-1.1552834925186746,0.44006136315725397
Female,0,No,67,Yes,No,DSL,66,No,0,0,1,0,0,0,False,False,1.4100994218432374,0.0412513289661016
Female,0,No,69,Yes,Yes,Fiber optic,106,No,0,0,1,1,1,0,False,False,1.4915401492832983,1.3706181096032763
Female,0,No,1,Yes,Yes,Fiber optic,70,Yes,0,0,1,1,1,1,False,False,-1.2774445836787656,0.17418800702981907
Male,0,No,67,Yes,Yes,DSL,25,No,1,0,1,1,0,0,False,True,1.4100994218432374,-1.3213496211870024
Male,0,No,1,Yes,No,DSL,90,Yes,1,0,1,0,0,1,False,True,-1.2774445836787656,0.8388713973484064
Male,1,No,67,Yes,No,DSL,84,No,1,0,1,0,0,0,False,False,1.4100994218432374,0.6394663802528302
Female,1,No,27,Yes,Yes,Fiber optic,86,No,0,0,1,1,1,0,False,False,-0.21871512695797646,0.7059347192846889
Female,0,No,41,Yes,No,DSL,106,No,0,0,1,0,0,0,False,False,0.35136996512244845,1.3706181096032763
Male,0,Yes,64,Yes,No,DSL,109,No,1,1,1,0,0,0,True,False,1.2879383306831464,1.4703206181510644
Female,0,No,1,Yes,Yes,DSL,70,Yes,0,0,1,1,0,1,False,True,-1.2774445836787656,0.17418800702981907
Male,0,No,6,Yes,No,DSL,45,Yes,1,0,1,0,0,1,False,False,-1.0738427650786138,-0.6566662308684151
Male,0,Yes,72,No,No,Fiber optic,65,No,1,1,0,0,1,0,False,False,1.6137012404433893,0.008017159450172232
Female,0,Yes,57,Yes,Yes,Fiber optic,70,Yes,0,1,1,1,1,1,True,False,1.002895784642934,0.17418800702981907
Male,0,No,70,Yes,No,DSL,73,No,1,0,1,0,0,0,False,False,1.5322605130033284,0.2738905155776072
Male,1,No,10,Yes,No,DSL,86,Yes,1,0,1,0,0,1,False,False,-0.9109613101984924,0.7059347192846889
Male,0,No,1,Yes,Yes,Fiber optic,56,Yes,1,0,1,1,1,1,True,False,-1.2774445836787656,-0.29109036619319206
Female,1,No,71,Yes,Yes,Fiber optic,90,No,0,0,1,1,1,0,False,False,1.5729808767233588,0.8388713973484064
Female,0,Yes,3,No,Yes,DSL,40,No,0,1,0,1,0,0,False,True,-1.1960038562387048,-0.8228370784480619
Female,0,No,63,Yes,Yes,DSL,24,No,0,0,1,1,0,0,False,False,1.247217966963116,-1.3545837907029317
Female,0,No,25,Yes,No,Fiber optic,75,No,0,0,1,0,1,0,False,False,-0.30015585439803716,0.3403588546094659
Male,0,Yes,62,Yes,No,DSL,24,No,1,1,1,0,0,0,False,True,1.2064976032430856,-1.3545837907029317
Female,0,No,55,Yes,Yes,Fiber optic,95,No,0,0,1,1,1,0,False,False,0.9214550572028734,1.0050422449280532
Male,0,Yes,52,Yes,No,Fiber optic,79,No,1,1,1,0,1,0,False,False,0.7992939660427822,0.47329553267318336
Female,0,Yes,16,Yes,Yes,Fiber optic,81,Yes,0,1,1,1,1,1,True,False,-0.6666391278783103,0.5397638717050421
Female,0,Yes,29,Yes,Yes,DSL,88,No,0,1,1,1,0,0,False,True,-0.13727439951791576,0.7724030583165477
Female,0,No,2,No,Yes,DSL,35,Yes,0,0,0,1,0,1,False,True,-1.2367242199587352,-0.9890079260277087
Male,0,No,8,Yes,No,DSL,71,No,1,0,1,0,0,0,False,True,-0.9924020376385531,0.20742217654574843
Female,0,No,5,Yes,No,Fiber optic,85,No,0,0,1,0,1,0,False,False,-1.1145631287986442,0.6727005497687596
Male,0,No,9,Yes,Yes,Fiber optic,20,No,1,0,1,1,1,0,False,False,-0.9516816739185228,-1.4875204687666492
Female,1,No,32,Yes,Yes,Fiber optic,74,Yes,0,0,1,1,1,1,False,False,-0.015113308357824713,0.3071246850935365
Male,0,Yes,72,Yes,No,Fiber optic,84,No,1,1,1,0,1,0,False,True,1.6137012404433893,0.6394663802528302
Male,0,Yes,7,No,No,DSL,50,No,1,1,0,0,0,0,True,False,-1.0331224013585834,-0.49049538328876824
Male,1,No,18,Yes,Yes,Fiber optic,58,No,1,0,1,1,1,0,True,False,-0.5851984004382496,-0.22462202716133334
Female,0,No,48,Yes,Yes,Fiber optic,105,No,0,0,1,1,1,0,False,False,0.6364125111626608,1.3373839400873468
Female,1,No,71,Yes,Yes,Fiber optic,96,No,0,0,1,1,1,0,False,False,1.5729808767233588,1.0382764144439827
Male,0,No,1,Yes,No,DSL,70,Yes,1,0,1,0,0,1,False,True,-1.2774445836787656,0.17418800702981907
Male,0,No,69,Yes,No,DSL,105,No,1,0,1,0,0,0,True,False,1.4915401492832983,1.3373839400873468
Male,0,No,60,Yes,No,DSL,20,No,1,0,1,0,0,0,False,False,1.125056875803025,-1.4875204687666492
Male,1,No,1,No,No,DSL,25,Yes,1,0,0,0,0,1,False,False,-1.2774445836787656,-1.3213496211870024
Male,0,No,1,Yes,No,Fiber optic,49,No,1,0,1,0,1,0,False,False,-1.2774445836787656,-0.5237295528046976
Male,0,No,38,Yes,No,DSL,92,No,1,0,1,0,0,0,True,False,0.22920887396235737,0.9053397363802651
Female,0,No,4,Yes,No,Fiber optic,20,No,0,0,1,0,1,0,False,False,-1.1552834925186746,-1.4875204687666492
Male,0,No,31,Yes,No,DSL,99,No,1,0,1,0,0,0,False,True,-0.055833672077855064,1.1379789229917707
Female,1,No,14,Yes,Yes,Fiber optic,79,No,0,0,1,1,1,0,False,True,-0.748079855318371,0.47329553267318336
Female,1,No,71,Yes,No,DSL,110,No,0,0,1,0,0,0,False,True,1.5729808767233588,1.5035547876669937
Male,0,No,2,Yes,No,DSL,81,Yes,1,0,1,0,0,1,True,False,-1.2367242199587352,0.5397638717050421
Male,0,Yes,64,Yes,No,Fiber optic,93,No,1,1,1,0,1,0,False,True,1.2879383306831464,0.9385739058961945
Female,0,No,9,Yes,Yes,DSL,81,No,0,0,1,1,0,0,True,False,-0.9516816739185228,0.5397638717050421
Female,0,No,56,Yes,Yes,Fiber optic,106,No,0,0,1,1,1,0,False,True,0.9621754209229036,1.3706181096032763
Female,0,No,11,Yes,No,DSL,94,No,0,0,1,0,0,0,False,False,-0.8702409464784621,0.9718080754121239
Male,0,Yes,72,Yes,Yes,Fiber optic,19,No,1,1,1,1,1,0,False,False,1.6137012404433893,-1.5207546382825785
Female,0,No,1,Yes,Yes,DSL,20,No,0,0,1,1,0,0,False,False,-1.2774445836787656,-1.4875204687666492
Male,0,No,60,Yes,No,DSL,109,No,1,0,1,0,0,0,False,True,1.125056875803025,1.4703206181510644
Male,1,No,33,No,Yes,Fiber optic,50,No,1,0,0,1,1,0,False,True,0.025607055362205634,-0.49049538328876824
Male,0,Yes,72,Yes,No,DSL,20,No,1,1,1,0,0,0,False,False,1.6137012404433893,-1.4875204687666492
Female,0,No,26,Yes,Yes,DSL,87,No,0,0,1,1,0,0,False,True,-0.2594354906780068,0.7391688888006183
Female,0,No,3,Yes,Yes,DSL,86,Yes,0,0,1,1,0,1,False,True,-1.1960038562387048,0.7059347192846889
Female,0,Yes,22,No,No,Fiber optic,39,No,0,1,0,0,1,0,False,False,-0.4223169455581282,-0.8560712479639913
Female,1,No,22,Yes,No,DSL,64,No,0,0,1,0,0,0,False,True,-0.4223169455581282,-0.025217010065757134
Female,0,No,1,Yes,No,DSL,54,Yes,0,0,1,0,0,1,True,False,-1.2774445836787656,-0.3575587052250508
Male,0,Yes,27,Yes,No,Fiber optic,55,No,1,1,1,0,1,0,False,False,-0.21871512695797646,-0.32432453570912145
Female,0,No,1,Yes,Yes,DSL,70,Yes,0,0,1,1,0,1,True,False,-1.2774445836787656,0.17418800702981907
Female,0,No,41,Yes,No,DSL,106,Yes,0,0,1,0,0,1,False,False,0.35136996512244845,1.3706181096032763
Female,1,No,14,Yes,Yes,DSL,74,Yes,0,0,1,1,0,1,False,False,-0.748079855318371,0.3071246850935365
Male,0,No,7,Yes,Yes,DSL,69,Yes,1,0,1,1,0,1,True,False,-1.0331224013585834,0.1409538375138897
Female,0,No,32,Yes,Yes,DSL,54,No,0,0,1,1,0,0,False,True,-0.015113308357824713,-0.3575587052250508
Male,0,Yes,41,Yes,No,DSL,68,No,1,1,1,0,0,0,True,False,0.35136996512244845,0.10771966799796033
Female,1,Yes,4,Yes,No,DSL,46,Yes,0,1,1,0,0,1,True,False,-1.1552834925186746,-0.6234320613524857
Male,0,No,56,Yes,No,Fiber optic,26,No,1,0,1,0,1,0,False,False,0.9621754209229036,-1.288115451671073
Female,1,No,33,Yes,Yes,Fiber optic,110,Yes,0,0,1,1,1,1,True,False,0.025607055362205634,1.5035547876669937
Male,1,No,2,Yes,Yes,Fiber optic,66,Yes,1,0,1,1,1,1,True,False,-1.2367242199587352,0.0412513289661016
Male,0,No,28,Yes,No,Fiber optic,106,Yes,1,0,1,0,1,1,True,False,-0.1779947632379461,1.3706181096032763
Female,0,Yes,1,Yes,Yes,Fiber optic,54,No,0,1,1,1,1,0,False,False,-1.2774445836787656,-0.3575587052250508
Male,0,Yes,1,Yes,No,Fiber optic,19,No,1,1,1,0,1,0,False,False,-1.2774445836787656,-1.5207546382825785
Female,0,No,2,Yes,Yes,Fiber optic,70,Yes,0,0,1,1,1,1,False,False,-1.2367242199587352,0.17418800702981907
Male,1,No,4,Yes,No,DSL,74,Yes,1,0,1,0,0,1,False,False,-1.1552834925186746,0.3071246850935365
Male,0,No,34,Yes,Yes,Fiber optic,105,No,1,0,1,1,1,0,False,True,0.06632741908223598,1.3373839400873468
Female,0,No,64,Yes,Yes,Fiber optic,58,No,0,0,1,1,1,0,True,False,1.2879383306831464,-0.22462202716133334
Male,0,No,7,Yes,No,DSL,19,No,1,0,1,0,0,0,True,False,-1.0331224013585834,-1.5207546382825785
Male,0,Yes,51,Yes,Yes,DSL,84,No,1,1,1,1,0,0,False,True,0.758573602322752,0.6394663802528302
Male,0,No,21,Yes,No,Fiber optic,20,No,1,0,1,0,1,0,False,False,-0.46303730927815856,-1.4875204687666492
Female,0,No,21,Yes,No,DSL,71,No,0,0,1,0,0,0,False,True,-0.46303730927815856,0.20742217654574843
Male,1,No,57,Yes,Yes,Fiber optic,91,No,1,0,1,1,1,0,False,False,1.002895784642934,0.8721055668643357
Male,0,No,6,Yes,Yes,DSL,76,Yes,1,0,1,1,0,1,False,True,-1.0738427650786138,0.37359302412539525
Female,0,No,8,Yes,No,DSL,49,No,0,0,1,0,0,0,False,True,-0.9924020376385531,-0.5237295528046976
Male,0,Yes,18,No,No,Fiber optic,26,No,1,1,0,0,1,0,False,False,-0.5851984004382496,-1.288115451671073
Male,1,No,7,Yes,No,DSL,70,Yes,1,0,1,0,0,1,False,True,-1.0331224013585834,0.17418800702981907
Male,0,No,35,Yes,No,DSL,60,No,1,0,1,0,0,0,False,True,0.10704778280226633,-0.15815368812947458
Female,0,No,32,Yes,Yes,Fiber optic,75,No,0,0,1,1,1,0,False,False,-0.015113308357824713,0.3403588546094659
Female,0,No,30,Yes,Yes,Fiber optic,100,No,0,0,1,1,1,0,False,False,-0.0965540357978854,1.1712130925077
Male,0,Yes,26,Yes,No,Fiber optic,50,No,1,1,1,0,1,0,False,False,-0.2594354906780068,-0.49049538328876824
Male,0,No,38,Yes,No,DSL,95,No,1,0,1,0,0,0,True,False,0.22920887396235737,1.0050422449280532
Female,1,No,41,Yes,No,DSL,113,Yes,0,0,1,0,0,1,False,True,0.35136996512244845,1.6032572962147817
Male,0,Yes,34,No,No,DSL,45,No,1,1,0,0,0,0,True,False,0.06632741908223598,-0.6566662308684151
Male,1,No,55,Yes,Yes,Fiber optic,60,No,1,0,1,1,1,0,False,True,0.9214550572028734,-0.15815368812947458
Female,1,No,57,Yes,No,Fiber optic,94,No,0,0,1,0,1,0,False,False,1.002895784642934,0.9718080754121239
Female,1,No,66,Yes,No,DSL,105,No,0,0,1,0,0,0,False,True,1.369379058123207,1.3373839400873468
Male,0,No,43,Yes,No,Fiber optic,86,No,1,0,1,0,1,0,False,False,0.43281069256250915,0.7059347192846889
Female,0,Yes,32,Yes,No,DSL,76,No,0,1,1,0,0,0,False,True,-0.015113308357824713,0.37359302412539525
Male,0,No,1,Yes,No,DSL,20,No,1,0,1,0,0,0,False,False,-1.2774445836787656,-1.4875204687666492
Female,0,No,40,Yes,Yes,DSL,81,No,0,0,1,1,0,0,False,True,0.3106496014024181,0.5397638717050421
Female,0,No,41,Yes,Yes,DSL,98,No,0,0,1,1,0,0,True,False,0.35136996512244845,1.1047447534758412
Male,1,No,30,Yes,No,Fiber optic,90,No,1,0,1,0,1,0,False,False,-0.0965540357978854,0.8388713973484064
Female,0,No,3,Yes,No,DSL,80,Yes,0,0,1,0,0,1,True,False,-1.1960038562387048,0.5065297021891128
Female,0,Yes,54,Yes,No,Fiber optic,104,No,0,1,1,0,1,0,False,False,0.880734693482843,1.3041497705714176
Male,0,No,9,Yes,No,DSL,95,Yes,1,0,1,0,0,1,False,True,-0.9516816739185228,1.0050422449280532
Male,1,No,7,Yes,Yes,DSL,75,No,1,0,1,1,0,0,False,True,-1.0331224013585834,0.3403588546094659
Male,0,No,58,Yes,Yes,DSL,100,No,1,0,1,1,0,0,False,True,1.0436161483629645,1.1712130925077
Male,0,No,52,Yes,Yes,DSL,89,No,1,0,1,1,0,0,True,False,0.7992939660427822,0.805637227832477
Male,0,Yes,26,No,Yes,Fiber optic,40,No,1,1,0,1,1,0,False,False,-0.2594354906780068,-0.8228370784480619
Female,0,No,34,Yes,Yes,DSL,20,No,0,0,1,1,0,0,True,False,0.06632741908223598,-1.4875204687666492
Male,0,No,53,Yes,Yes,Fiber optic,81,No,1,0,1,1,1,0,False,True,0.8400143297628127,0.5397638717050421
Male,0,No,15,Yes,Yes,Fiber optic,88,No,1,0,1,1,1,0,False,False,-0.7073594915983407,0.7724030583165477
Male,0,Yes,1,Yes,No,DSL,19,Yes,1,1,1,0,0,1,False,True,-1.2774445836787656,-1.5207546382825785
Female,0,No,5,Yes,Yes,DSL,56,No,0,0,1,1,0,0,False,False,-1.1145631287986442,-0.29109036619319206
Female,0,Yes,34,Yes,No,DSL,105,No,0,1,1,0,0,0,False,False,0.06632741908223598,1.3373839400873468
Female,0,No,32,Yes,No,DSL,101,No,0,0,1,0,0,0,True,False,-0.015113308357824713,1.2044472620236295
Female,0,Yes,41,No,No,DSL,35,No,0,1,0,0,0,0,False,False,0.35136996512244845,-0.9890079260277087
Female,0,No,25,No,No,DSL,54,No,0,0,0,0,0,0,True,False,-0.30015585439803716,-0.3575587052250508
Male,0,Yes,17,Yes,No,DSL,62,No,1,1,1,0,0,0,False,True,-0.62591876415828,-0.09168534909761586
Female,0,No,17,Yes,Yes,Fiber optic,25,No,0,0,1,1,1,0,False,True,-0.62591876415828,-1.3213496211870024
Female,0,No,70,Yes,No,DSL,85,No,0,0,1,0,0,0,False,False,1.5322605130033284,0.6727005497687596
Male,0,Yes,43,Yes,No,DSL,19,No,1,1,1,0,0,0,True,False,0.43281069256250915,-1.5207546382825785
Male,0,Yes,71,Yes,Yes,DSL,24,No,1,1,1,1,0,0,True,False,1.5729808767233588,-1.3545837907029317
Male,1,No,2,No,No,DSL,24,Yes,1,0,0,0,0,1,True,False,-1.2367242199587352,-1.3545837907029317
Male,0,No,49,Yes,No,DSL,75,No,1,0,1,0,0,0,False,True,0.6771328748826912,0.3403588546094659
Female,1,No,72,Yes,No,Fiber optic,105,No,0,0,1,0,1,0,False,False,1.6137012404433893,1.3373839400873468
Male,0,No,26,Yes,Yes,DSL,84,No,1,0,1,1,0,0,False,False,-0.2594354906780068,0.6394663802528302
Female,0,No,18,Yes,No,Fiber optic,20,No,0,0,1,0,1,0,False,False,-0.5851984004382496,-1.4875204687666492
Male,0,Yes,1,Yes,No,Fiber optic,93,Yes,1,1,1,0,1,1,False,False,-1.2774445836787656,0.9385739058961945
Male,0,No,9,No,Yes,Fiber optic,24,Yes,1,0,0,1,1,1,False,True,-0.9516816739185228,-1.3545837907029317
Male,0,No,28,Yes,Yes,Fiber optic,77,No,1,0,1,1,1,0,False,False,-0.1779947632379461,0.40682719364132464
Female,0,Yes,60,Yes,No,Fiber optic,19,No,0,1,1,0,1,0,True,False,1.125056875803025,-1.5207546382825785
Male,0,No,23,Yes,Yes,Fiber optic,21,No,1,0,1,1,1,0,False,True,-0.38159658183809786,-1.45428629925072
Female,0,No,15,Yes,No,DSL,80,Yes,0,0,1,0,0,1,False,True,-0.7073594915983407,0.5065297021891128
Female,0,No,29,Yes,No,Fiber optic,67,No,0,0,1,0,1,0,False,False,-0.13727439951791576,0.07448549848203097
Female,0,Yes,56,Yes,No,Fiber optic,20,No,0,1,1,0,1,0,False,False,0.9621754209229036,-1.4875204687666492
Female,0,No,11,Yes,No,Fiber optic,55,No,0,0,1,0,1,0,False,False,-0.8702409464784621,-0.32432453570912145
Male,0,No,27,Yes,No,DSL,69,No,1,0,1,0,0,0,False,False,-0.21871512695797646,0.1409538375138897
Male,0,No,1,Yes,No,DSL,70,Yes,1,0,1,0,0,1,True,False,-1.2774445836787656,0.17418800702981907
Female,0,No,66,Yes,No,Fiber optic,91,No,0,0,1,0,1,0,False,False,1.369379058123207,0.8721055668643357
Female,1,No,2,Yes,Yes,Fiber optic,57,No,0,0,1,1,1,0,False,False,-1.2367242199587352,-0.2578561966772627
Female,0,Yes,19,Yes,Yes,Fiber optic,20,No,0,1,1,1,1,0,False,False,-0.5444780367182193,-1.4875204687666492
Male,0,Yes,62,Yes,Yes,Fiber optic,95,No,1,1,1,1,1,0,False,False,1.2064976032430856,1.0050422449280532
Female,0,No,51,Yes,No,DSL,79,No,0,0,1,0,0,0,False,False,0.758573602322752,0.47329553267318336
Female,0,No,72,Yes,Yes,DSL,94,No,0,0,1,1,0,0,False,True,1.6137012404433893,0.9718080754121239
Male,0,No,10,Yes,Yes,Fiber optic,90,Yes,1,0,1,1,1,1,False,False,-0.9109613101984924,0.8388713973484064
Female,0,No,37,Yes,Yes,DSL,68,No,0,0,1,1,0,0,False,False,0.18848851024232702,0.10771966799796033
Female,0,Yes,35,Yes,Yes,Fiber optic,50,No,0,1,1,1,1,0,False,False,0.10704778280226633,-0.49049538328876824
Female,0,No,10,Yes,No,Fiber optic,61,No,0,0,1,0,1,0,False,False,-0.9109613101984924,-0.12491951861354524
Male,0,No,1,Yes,No,DSL,20,Yes,1,0,1,0,0,1,False,False,-1.2774445836787656,-1.4875204687666492
Female,0,Yes,26,Yes,Yes,Fiber optic,20,No,0,1,1,1,1,0,False,False,-0.2594354906780068,-1.4875204687666492
Male,0,No,72,Yes,No,DSL,82,No,1,0,1,0,0,0,False,False,1.6137012404433893,0.5729980412209714
Female,1,No,38,Yes,Yes,Fiber optic,100,Yes,0,0,1,1,1,1,False,True,0.22920887396235737,1.1712130925077
Female,0,No,18,Yes,No,Fiber optic,100,Yes,0,0,1,0,1,1,False,False,-0.5851984004382496,1.1712130925077
Male,0,No,56,Yes,Yes,Fiber optic,53,No,1,0,1,1,1,0,False,True,0.9621754209229036,-0.3907928747409802
Female,0,No,36,Yes,No,DSL,54,No,0,0,1,0,0,0,False,False,0.14776814652229667,-0.3575587052250508
Male,0,Yes,22,Yes,Yes,Fiber optic,89,No,1,1,1,1,1,0,False,False,-0.4223169455581282,0.805637227832477
Male,0,Yes,65,Yes,Yes,DSL,104,No,1,1,1,1,0,0,False,True,1.3286586944031769,1.3041497705714176
Male,0,No,27,Yes,Yes,DSL,54,No,1,0,1,1,0,0,False,True,-0.21871512695797646,-0.3575587052250508
Female,0,No,29,Yes,Yes,Fiber optic,74,No,0,0,1,1,1,0,False,False,-0.13727439951791576,0.3071246850935365
Male,1,No,10,Yes,No,DSL,95,Yes,1,0,1,0,0,1,False,False,-0.9109613101984924,1.0050422449280532
Female,1,No,50,Yes,No,DSL,105,No,0,0,1,0,0,0,False,False,0.7178532386027215,1.3373839400873468
Male,0,No,9,Yes,Yes,Fiber optic,86,No,1,0,1,1,1,0,True,False,-0.9516816739185228,0.7059347192846889
Male,0,Yes,23,Yes,Yes,Fiber optic,24,No,1,1,1,1,1,0,False,True,-0.38159658183809786,-1.3545837907029317
Male,0,Yes,24,Yes,No,DSL,55,Yes,1,1,1,0,0,1,False,True,-0.3408762181180675,-0.32432453570912145
Male,0,No,1,Yes,Yes,Fiber optic,56,No,1,0,1,1,1,0,True,False,-1.2774445836787656,-0.29109036619319206
Male,0,No,20,Yes,Yes,Fiber optic,64,No,1,0,1,1,1,0,False,False,-0.5037576729981889,-0.025217010065757134
Male,0,No,58,Yes,Yes,DSL,60,Yes,1,0,1,1,0,1,False,True,1.0436161483629645,-0.15815368812947458
Female,0,No,47,Yes,No,DSL,20,No,0,0,1,0,0,0,False,False,0.5956921474426305,-1.4875204687666492
Male,1,No,72,Yes,No,Fiber optic,93,No,1,0,1,0,1,0,True,False,1.6137012404433893,0.9385739058961945
Male,0,No,14,Yes,Yes,Fiber optic,50,No,1,0,1,1,1,0,False,False,-0.748079855318371,-0.49049538328876824
Female,0,Yes,62,Yes,No,Fiber optic,55,No,0,1,1,0,1,0,False,False,1.2064976032430856,-0.32432453570912145
Female,1,No,37,Yes,No,DSL,76,Yes,0,0,1,0,0,1,True,False,0.18848851024232702,0.37359302412539525
Male,0,No,29,No,No,Fiber optic,34,No,1,0,0,0,1,0,True,False,-0.13727439951791576,-1.0222420955436382
Female,0,No,62,Yes,Yes,Fiber optic,19,No,0,0,1,1,1,0,False,True,1.2064976032430856,-1.5207546382825785
Female,0,Yes,46,Yes,No,DSL,100,No,0,1,1,0,0,0,False,True,0.5549717837226001,1.1712130925077
Male,0,No,2,Yes,No,Fiber optic,94,Yes,1,0,1,0,1,1,False,False,-1.2367242199587352,0.9718080754121239
Female,0,No,50,Yes,No,DSL,96,No,0,0,1,0,0,0,True,False,0.7178532386027215,1.0382764144439827
Male,0,No,24,Yes,Yes,Fiber optic,105,Yes,1,0,1,1,1,1,True,False,-0.3408762181180675,1.3373839400873468
Male,1,No,55,Yes,Yes,DSL,114,No,1,0,1,1,0,0,False,True,0.9214550572028734,1.6364914657307112
Female,0,No,64,Yes,Yes,DSL,115,No,0,0,1,1,0,0,True,False,1.2879383306831464,1.6697256352466405
Female,0,No,4,Yes,No,DSL,89,Yes,0,0,1,0,0,1,False,False,-1.1552834925186746,0.805637227832477
Female,0,No,6,No,Yes,DSL,29,No,0,0,0,1,0,0,False,True,-1.0738427650786138,-1.188412943123285
Male,1,No,1,Yes,Yes,Fiber optic,76,Yes,1,0,1,1,1,1,False,True,-1.2774445836787656,0.37359302412539525
Male,0,Yes,37,Yes,No,Fiber optic,63,No,1,1,1,0,1,0,False,False,0.18848851024232702,-0.0584511795816865
Male,1,No,71,Yes,Yes,DSL,25,No,1,0,1,1,0,0,False,True,1.5729808767233588,-1.3213496211870024
Male,0,Yes,29,No,Yes,Fiber optic,55,No,1,1,0,1,1,0,False,False,-0.13727439951791576,-0.32432453570912145
Male,0,No,7,Yes,No,DSL,89,Yes,1,0,1,0,0,1,False,True,-1.0331224013585834,0.805637227832477
Male,0,No,32,Yes,Yes,Fiber optic,99,No,1,0,1,1,1,0,False,False,-0.015113308357824713,1.1379789229917707
Female,0,No,59,Yes,Yes,Fiber optic,95,No,0,0,1,1,1,0,False,False,1.0843365120829946,1.0050422449280532
Male,0,Yes,40,Yes,No,DSL,75,No,1,1,1,0,0,0,False,False,0.3106496014024181,0.3403588546094659
Male,0,No,10,No,Yes,Fiber optic,30,Yes,1,0,0,1,1,1,True,False,-0.9109613101984924,-1.1551787736073555
Female,0,No,27,Yes,No,Fiber optic,19,No,0,0,1,0,1,0,False,False,-0.21871512695797646,-1.5207546382825785
Female,0,No,7,Yes,Yes,Fiber optic,86,Yes,0,0,1,1,1,1,False,False,-1.0331224013585834,0.7059347192846889
Male,0,Yes,65,Yes,Yes,Fiber optic,25,No,1,1,1,1,1,0,True,False,1.3286586944031769,-1.3213496211870024
Female,0,No,10,Yes,Yes,DSL,81,Yes,0,0,1,1,0,1,False,False,-0.9109613101984924,0.5397638717050421
Female,0,Yes,23,Yes,Yes,DSL,84,No,0,1,1,1,0,0,True,False,-0.38159658183809786,0.6394663802528302
Female,0,Yes,47,Yes,No,DSL,85,No,0,1,1,0,0,0,True,False,0.5956921474426305,0.6727005497687596
Male,0,No,11,Yes,Yes,DSL,55,No,1,0,1,1,0,0,False,False,-0.8702409464784621,-0.32432453570912145
Male,0,No,12,No,Yes,Fiber optic,34,No,1,0,0,1,1,0,False,False,-0.8295205827584317,-1.0222420955436382
Male,0,Yes,30,No,No,DSL,44,No,1,1,0,0,0,0,False,False,-0.0965540357978854,-0.6899004003843444
Female,0,No,1,Yes,No,Fiber optic,76,Yes,0,0,1,0,1,1,False,False,-1.2774445836787656,0.37359302412539525
Female,0,No,57,Yes,Yes,Fiber optic,109,No,0,0,1,1,1,0,True,False,1.002895784642934,1.4703206181510644
Male,1,No,11,Yes,No,DSL,70,No,1,0,1,0,0,0,False,True,-0.8702409464784621,0.17418800702981907
Female,0,No,9,Yes,Yes,Fiber optic,20,No,0,0,1,1,1,0,False,False,-0.9516816739185228,-1.4875204687666492
Female,0,No,4,Yes,No,DSL,70,Yes,0,0,1,0,0,1,True,False,-1.1552834925186746,0.17418800702981907
Male,0,No,13,Yes,Yes,Fiber optic,74,No,1,0,1,1,1,0,False,True,-0.7888002190384014,0.3071246850935365
Female,0,No,35,Yes,Yes,Fiber optic,21,No,0,0,1,1,1,0,False,False,0.10704778280226633,-1.45428629925072
Male,0,No,67,No,No,DSL,51,No,1,0,0,0,0,0,False,False,1.4100994218432374,-0.4572612137728389
Male,0,Yes,51,Yes,No,DSL,48,No,1,1,1,0,0,0,False,True,0.758573602322752,-0.556963722320627
Male,0,No,1,Yes,No,DSL,51,Yes,1,0,1,0,0,1,False,False,-1.2774445836787656,-0.4572612137728389
Female,0,Yes,71,Yes,Yes,Fiber optic,100,No,0,1,1,1,1,0,False,True,1.5729808767233588,1.1712130925077
Male,1,No,29,Yes,Yes,DSL,79,No,1,0,1,1,0,0,True,False,-0.13727439951791576,0.47329553267318336
Female,0,No,33,Yes,No,DSL,104,Yes,0,0,1,0,0,1,False,False,0.025607055362205634,1.3041497705714176
Female,0,Yes,11,No,Yes,Fiber optic,36,No,0,1,0,1,1,0,False,True,-0.8702409464784621,-0.9557737565117794
Male,0,Yes,13,Yes,Yes,Fiber optic,78,No,1,1,1,1,1,0,False,False,-0.7888002190384014,0.44006136315725397
Male,0,Yes,42,Yes,No,DSL,19,No,1,1,1,0,0,0,False,True,0.3920903288424788,-1.5207546382825785
Female,0,No,8,No,No,DSL,29,No,0,0,0,0,0,0,False,False,-0.9924020376385531,-1.188412943123285
Male,0,No,1,Yes,No,Fiber optic,44,Yes,1,0,1,0,1,1,False,False,-1.2774445836787656,-0.6899004003843444
Male,0,No,72,Yes,No,DSL,108,No,1,0,1,0,0,0,False,True,1.6137012404433893,1.437086448635135
Male,0,Yes,47,Yes,No,DSL,87,No,1,1,1,0,0,0,False,True,0.5956921474426305,0.7391688888006183
Male,0,Yes,30,Yes,No,DSL,85,No,1,1,1,0,0,0,False,False,-0.0965540357978854,0.6727005497687596
Male,0,No,51,Yes,Yes,DSL,112,No,1,0,1,1,0,0,True,False,0.758573602322752,1.5700231266988525
Female,0,No,16,Yes,No,DSL,95,No,0,0,1,0,0,0,True,False,-0.6666391278783103,1.0050422449280532
Female,0,No,34,Yes,Yes,DSL,100,No,0,0,1,1,0,0,False,False,0.06632741908223598,1.1712130925077
Male,0,No,8,Yes,No,DSL,87,Yes,1,0,1,0,0,1,False,True,-0.9924020376385531,0.7391688888006183
Female,0,No,72,Yes,No,DSL,25,No,0,0,1,0,0,0,False,False,1.6137012404433893,-1.3213496211870024
Male,1,No,60,Yes,No,DSL,72,No,1,0,1,0,0,0,False,False,1.125056875803025,0.2406563460616778
Male,0,No,72,Yes,No,DSL,116,No,1,0,1,0,0,0,False,False,1.6137012404433893,1.7029598047625698
Male,0,Yes,12,Yes,Yes,Fiber optic,20,No,1,1,1,1,1,0,False,False,-0.8295205827584317,-1.4875204687666492
Female,0,Yes,65,Yes,Yes,Fiber optic,82,No,0,1,1,1,1,0,False,False,1.3286586944031769,0.5729980412209714
Male,0,Yes,32,Yes,No,Fiber optic,19,No,1,1,1,0,1,0,False,False,-0.015113308357824713,-1.5207546382825785
Female,0,Yes,67,Yes,No,Fiber optic,94,Yes,0,1,1,0,1,1,False,False,1.4100994218432374,0.9718080754121239
Male,0,No,45,Yes,Yes,Fiber optic,79,No,1,0,1,1,1,0,False,True,0.5142514200025698,0.47329553267318336
Female,0,Yes,60,No,Yes,Fiber optic,60,No,0,1,0,1,1,0,False,True,1.125056875803025,-0.15815368812947458
Female,0,No,1,Yes,Yes,Fiber optic,55,No,0,0,1,1,1,0,False,True,-1.2774445836787656,-0.32432453570912145
Female,0,No,58,Yes,Yes,DSL,65,No,0,0,1,1,0,0,False,False,1.0436161483629645,0.008017159450172232
Female,0,No,9,Yes,Yes,DSL,95,Yes,0,0,1,1,0,1,False,True,-0.9516816739185228,1.0050422449280532
Female,0,No,1,Yes,No,DSL,74,No,0,0,1,0,0,0,True,False,-1.2774445836787656,0.3071246850935365
Male,0,Yes,8,Yes,No,DSL,24,No,1,1,1,0,0,0,False,False,-0.9924020376385531,-1.3545837907029317
Male,0,No,2,Yes,No,Fiber optic,45,Yes,1,0,1,0,1,1,False,True,-1.2367242199587352,-0.6566662308684151
Female,0,Yes,47,Yes,No,DSL,20,No,0,1,1,0,0,0,True,False,0.5956921474426305,-1.4875204687666492
Female,1,No,1,Yes,No,DSL,74,Yes,0,0,1,0,0,1,False,False,-1.2774445836787656,0.3071246850935365
Female,0,No,1,No,No,Fiber optic,26,No,0,0,0,0,1,0,False,False,-1.2774445836787656,-1.288115451671073
Female,0,No,10,Yes,Yes,Fiber optic,101,Yes,0,0,1,1,1,1,False,False,-0.9109613101984924,1.2044472620236295
Male,0,No,29,No,Yes,Fiber optic,25,No,1,0,0,1,1,0,False,False,-0.13727439951791576,-1.3213496211870024
Female,0,Yes,58,Yes,No,DSL,76,No,0,1,1,0,0,0,True,False,1.0436161483629645,0.37359302412539525
Male,0,No,14,Yes,No,DSL,19,No,1,0,1,0,0,0,True,False,-0.748079855318371,-1.5207546382825785
Male,0,No,7,Yes,No,DSL,21,No,1,0,1,0,0,0,False,False,-1.0331224013585834,-1.45428629925072
Female,0,Yes,5,Yes,Yes,Fiber optic,84,Yes,0,1,1,1,1,1,False,False,-1.1145631287986442,0.6394663802528302
Female,0,Yes,18,Yes,No,DSL,20,Yes,0,1,1,0,0,1,False,False,-0.5851984004382496,-1.4875204687666492
Male,0,Yes,25,Yes,No,DSL,20,No,1,1,1,0,0,0,False,False,-0.30015585439803716,-1.4875204687666492
Female,0,No,46,Yes,Yes,Fiber optic,64,No,0,0,1,1,1,0,False,False,0.5549717837226001,-0.025217010065757134
Male,0,No,1,Yes,No,DSL,51,Yes,1,0,1,0,0,1,False,False,-1.2774445836787656,-0.4572612137728389
Female,0,No,1,Yes,Yes,DSL,48,No,0,0,1,1,0,0,True,False,-1.2774445836787656,-0.556963722320627
Female,0,No,68,Yes,No,DSL,85,No,0,0,1,0,0,0,True,False,1.4508197855632678,0.6727005497687596
Male,0,No,18,Yes,Yes,DSL,44,No,1,0,1,1,0,0,False,False,-0.5851984004382496,-0.6899004003843444
Female,0,No,8,Yes,Yes,Fiber optic,80,No,0,0,1,1,1,0,False,False,-0.9924020376385531,0.5065297021891128
Male,0,No,64,Yes,Yes,Fiber optic,20,No,1,0,1,1,1,0,True,False,1.2879383306831464,-1.4875204687666492
Female,1,No,4,Yes,Yes,Fiber optic,89,Yes,0,0,1,1,1,1,True,False,-1.1552834925186746,0.805637227832477
Female,0,No,63,Yes,Yes,Fiber optic,80,No,0,0,1,1,1,0,True,False,1.247217966963116,0.5065297021891128
Male,0,Yes,54,Yes,Yes,Fiber optic,106,No,1,1,1,1,1,0,True,False,0.880734693482843,1.3706181096032763
Male,0,No,54,Yes,No,Fiber optic,75,No,1,0,1,0,1,0,False,False,0.880734693482843,0.3403588546094659
Male,0,Yes,72,Yes,No,DSL,70,No,1,1,1,0,0,0,False,False,1.6137012404433893,0.17418800702981907
Male,1,No,4,No,No,DSL,51,No,1,0,0,0,0,0,False,False,-1.1552834925186746,-0.4572612137728389
Female,0,No,72,Yes,No,Fiber optic,91,No,0,0,1,0,1,0,False,False,1.6137012404433893,0.8721055668643357
Female,1,No,60,No,No,DSL,49,No,0,0,0,0,0,0,False,False,1.125056875803025,-0.5237295528046976
Male,0,Yes,20,Yes,No,DSL,90,Yes,1,1,1,0,0,1,False,False,-0.5037576729981889,0.8388713973484064
Female,1,No,35,Yes,No,DSL,71,No,0,0,1,0,0,0,True,False,0.10704778280226633,0.20742217654574843
Female,0,No,2,Yes,Yes,Fiber optic,49,Yes,0,0,1,1,1,1,True,False,-1.2367242199587352,-0.5237295528046976
Female,0,No,26,No,No,Fiber optic,50,No,0,0,0,0,1,0,False,False,-0.2594354906780068,-0.49049538328876824
Male,0,No,14,Yes,No,Fiber optic,83,No,1,0,1,0,1,0,False,False,-0.748079855318371,0.6062322107369008
Male,1,No,1,Yes,No,Fiber optic,75,Yes,1,0,1,0,1,1,False,False,-1.2774445836787656,0.3403588546094659
Female,0,Yes,53,Yes,No,DSL,20,No,0,1,1,0,0,0,False,True,0.8400143297628127,-1.4875204687666492
Male,0,No,1,Yes,No,DSL,19,No,1,0,1,0,0,0,True,False,-1.2774445836787656,-1.5207546382825785
Male,0,No,58,Yes,Yes,Fiber optic,20,No,1,0,1,1,1,0,False,False,1.0436161483629645,-1.4875204687666492
Female,0,Yes,5,Yes,Yes,DSL,51,No,0,1,1,1,0,0,False,True,-1.1145631287986442,-0.4572612137728389
Female,0,No,53,Yes,No,DSL,106,No,0,0,1,0,0,0,True,False,0.8400143297628127,1.3706181096032763
Female,0,No,4,Yes,No,DSL,20,No,0,0,1,0,0,0,False,True,-1.1552834925186746,-1.4875204687666492
Male,0,No,49,Yes,No,DSL,99,No,1,0,1,0,0,0,True,False,0.6771328748826912,1.1379789229917707
Male,0,Yes,2,Yes,Yes,Fiber optic,90,Yes,1,1,1,1,1,1,False,False,-1.2367242199587352,0.8388713973484064
Male,0,No,2,Yes,Yes,Fiber optic,68,Yes,1,0,1,1,1,1,True,False,-1.2367242199587352,0.10771966799796033
Female,0,No,3,Yes,No,DSL,75,Yes,0,0,1,0,0,1,False,False,-1.1960038562387048,0.3403588546094659
Male,0,No,7,Yes,Yes,Fiber optic,94,Yes,1,0,1,1,1,1,False,False,-1.0331224013585834,0.9718080754121239
Male,0,No,14,Yes,No,DSL,45,No,1,0,1,0,0,0,True,False,-0.748079855318371,-0.6566662308684151
Male,0,No,18,Yes,No,DSL,99,Yes,1,0,1,0,0,1,False,False,-0.5851984004382496,1.1379789229917707
Male,0,No,27,Yes,No,DSL,81,No,1,0,1,0,0,0,False,False,-0.21871512695797646,0.5397638717050421
Female,0,Yes,66,Yes,No,Fiber optic,60,No,0,1,1,0,1,0,False,False,1.369379058123207,-0.15815368812947458
Female,0,No,43,Yes,No,DSL,86,No,0,0,1,0,0,0,True,False,0.43281069256250915,0.7059347192846889
Male,0,No,69,Yes,Yes,Fiber optic,113,No,1,0,1,1,1,0,False,True,1.4915401492832983,1.6032572962147817
Male,0,No,71,Yes,No,DSL,93,No,1,0,1,0,0,0,False,False,1.5729808767233588,0.9385739058961945
Female,1,No,50,Yes,No,DSL,83,No,0,0,1,0,0,0,False,False,0.7178532386027215,0.6062322107369008
Male,0,No,51,Yes,No,DSL,19,No,1,0,1,0,0,0,False,False,0.758573602322752,-1.5207546382825785
Male,0,No,27,Yes,Yes,Fiber optic,81,No,1,0,1,1,1,0,False,False,-0.21871512695797646,0.5397638717050421
Male,0,Yes,70,Yes,No,Fiber optic,20,No,1,1,1,0,1,0,True,False,1.5322605130033284,-1.4875204687666492
Female,1,No,2,Yes,No,DSL,80,Yes,0,0,1,0,0,1,False,True,-1.2367242199587352,0.5065297021891128
Female,0,No,6,Yes,No,DSL,50,Yes,0,0,1,0,0,1,False,False,-1.0738427650786138,-0.49049538328876824
Female,0,No,59,Yes,Yes,DSL,101,Yes,0,0,1,1,0,1,True,False,1.0843365120829946,1.2044472620236295
Male,1,No,10,Yes,No,DSL,92,Yes,1,0,1,0,0,1,True,False,-0.9109613101984924,0.9053397363802651
Male,1,No,29,Yes,No,DSL,98,Yes,1,0,1,0,0,1,False,False,-0.13727439951791576,1.1047447534758412
Male,0,No,5,Yes,No,DSL,20,No,1,0,1,0,0,0,False,False,-1.1145631287986442,-1.4875204687666492
Female,1,No,21,Yes,No,Fiber optic,94,Yes,0,0,1,0,1,1,False,False,-0.46303730927815856,0.9718080754121239
Female,0,No,62,Yes,No,DSL,104,No,0,0,1,0,0,0,False,False,1.2064976032430856,1.3041497705714176
Male,0,Yes,36,Yes,Yes,Fiber optic,19,No,1,1,1,1,1,0,False,False,0.14776814652229667,-1.5207546382825785
Male,0,No,3,Yes,No,DSL,20,Yes,1,0,1,0,0,1,True,False,-1.1960038562387048,-1.4875204687666492
Female,0,No,69,Yes,No,DSL,116,No,0,0,1,0,0,0,False,False,1.4915401492832983,1.7029598047625698
Female,0,No,2,No,No,Fiber optic,31,Yes,0,0,0,0,1,1,False,False,-1.2367242199587352,-1.1219446040914263
Female,0,No,8,Yes,Yes,Fiber optic,85,Yes,0,0,1,1,1,1,False,False,-0.9924020376385531,0.6727005497687596
Female,1,No,3,No,Yes,Fiber optic,31,No,0,0,0,1,1,0,False,True,-1.1960038562387048,-1.1219446040914263
Male,0,No,1,Yes,Yes,Fiber optic,46,Yes,1,0,1,1,1,1,False,False,-1.2774445836787656,-0.6234320613524857
Female,0,No,12,Yes,No,Fiber optic,99,Yes,0,0,1,0,1,1,False,False,-0.8295205827584317,1.1379789229917707
Male,0,No,18,Yes,Yes,Fiber optic,76,No,1,0,1,1,1,0,False,False,-0.5851984004382496,0.37359302412539525
Female,0,No,20,No,No,Fiber optic,25,No,0,0,0,0,1,0,False,False,-0.5037576729981889,-1.3213496211870024
Male,0,No,22,Yes,Yes,Fiber optic,59,Yes,1,0,1,1,1,1,False,False,-0.4223169455581282,-0.19138785764540397
Female,0,Yes,5,Yes,No,DSL,46,Yes,0,1,1,0,0,1,False,False,-1.1145631287986442,-0.6234320613524857
Female,0,No,24,Yes,Yes,Fiber optic,25,No,0,0,1,1,1,0,False,True,-0.3408762181180675,-1.3213496211870024
Male,0,Yes,64,Yes,Yes,Fiber optic,69,No,1,1,1,1,1,0,True,False,1.2879383306831464,0.1409538375138897
Male,0,No,26,Yes,Yes,Fiber optic,99,No,1,0,1,1,1,0,False,False,-0.2594354906780068,1.1379789229917707
Male,1,No,68,Yes,Yes,Fiber optic,105,Yes,1,0,1,1,1,1,False,False,1.4508197855632678,1.3373839400873468
Female,0,No,60,Yes,Yes,DSL,21,No,0,0,1,1,0,0,False,True,1.125056875803025,-1.45428629925072
Male,0,Yes,25,Yes,No,Fiber optic,55,No,1,1,1,0,1,0,False,False,-0.30015585439803716,-0.32432453570912145
Female,0,No,51,Yes,Yes,DSL,26,No,0,0,1,1,0,0,False,True,0.758573602322752,-1.288115451671073
Female,0,No,7,Yes,No,Fiber optic,81,No,0,0,1,0,1,0,True,False,-1.0331224013585834,0.5397638717050421
Male,0,Yes,39,Yes,Yes,Fiber optic,19,No,1,1,1,1,1,0,False,True,0.26992923768238775,-1.5207546382825785
Female,0,Yes,72,Yes,No,DSL,80,No,0,1,1,0,0,0,False,False,1.6137012404433893,0.5065297021891128
Female,0,No,27,Yes,No,DSL,95,No,0,0,1,0,0,0,False,True,-0.21871512695797646,1.0050422449280532
Male,0,Yes,56,Yes,No,DSL,86,No,1,1,1,0,0,0,True,False,0.9621754209229036,0.7059347192846889
Female,0,No,57,Yes,No,DSL,20,No,0,0,1,0,0,0,False,False,1.002895784642934,-1.4875204687666492
Male,0,No,17,Yes,Yes,Fiber optic,107,No,1,0,1,1,1,0,False,False,-0.62591876415828,1.4038522791192056
Female,0,No,1,Yes,Yes,Fiber optic,56,Yes,0,0,1,1,1,1,False,False,-1.2774445836787656,-0.29109036619319206
Male,0,Yes,35,Yes,No,DSL,20,No,1,1,1,0,0,0,False,False,0.10704778280226633,-1.4875204687666492
Male,0,Yes,13,Yes,No,DSL,73,No,1,1,1,0,0,0,False,True,-0.7888002190384014,0.2738905155776072
Female,0,Yes,69,Yes,Yes,Fiber optic,20,No,0,1,1,1,1,0,True,False,1.4915401492832983,-1.4875204687666492
Female,0,Yes,1,Yes,No,DSL,19,No,0,1,1,0,0,0,False,False,-1.2774445836787656,-1.5207546382825785
Male,0,No,7,Yes,No,DSL,75,Yes,1,0,1,0,0,1,True,False,-1.0331224013585834,0.3403588546094659
Female,1,No,72,Yes,Yes,DSL,117,No,0,0,1,1,0,0,False,True,1.6137012404433893,1.7361939742784993
Male,0,No,3,Yes,Yes,Fiber optic,99,Yes,1,0,1,1,1,1,False,False,-1.1960038562387048,1.1379789229917707
Male,0,No,53,Yes,Yes,DSL,61,No,1,0,1,1,0,0,False,True,0.8400143297628127,-0.12491951861354524
Male,0,Yes,38,Yes,No,DSL,82,No,1,1,1,0,0,0,False,False,0.22920887396235737,0.5729980412209714
Female,0,No,4,Yes,Yes,Fiber optic,80,No,0,0,1,1,1,0,False,False,-1.1552834925186746,0.5065297021891128
Female,0,No,62,Yes,No,Fiber optic,84,No,0,0,1,0,1,0,False,True,1.2064976032430856,0.6394663802528302
Male,0,No,1,Yes,No,DSL,49,No,1,0,1,0,0,0,False,True,-1.2774445836787656,-0.5237295528046976
Female,0,No,46,Yes,No,Fiber optic,84,No,0,0,1,0,1,0,False,False,0.5549717837226001,0.6394663802528302
Male,0,No,19,Yes,No,DSL,60,No,1,0,1,0,0,0,False,False,-0.5444780367182193,-0.15815368812947458
Female,0,No,72,Yes,Yes,DSL,91,No,0,0,1,1,0,0,False,True,1.6137012404433893,0.8721055668643357
Male,0,Yes,38,Yes,Yes,Fiber optic,25,No,1,1,1,1,1,0,False,False,0.22920887396235737,-1.3213496211870024
Male,0,No,71,Yes,Yes,DSL,106,No,1,0,1,1,0,0,False,True,1.5729808767233588,1.3706181096032763
Female,0,No,16,Yes,No,DSL,100,Yes,0,0,1,0,0,1,False,False,-0.6666391278783103,1.1712130925077
Female,1,No,66,Yes,Yes,Fiber optic,106,Yes,0,0,1,1,1,1,False,False,1.369379058123207,1.3706181096032763
Female,1,No,11,Yes,No,DSL,95,Yes,0,0,1,0,0,1,False,False,-0.8702409464784621,1.0050422449280532
Male,0,Yes,66,Yes,Yes,Fiber optic,84,No,1,1,1,1,1,0,False,False,1.369379058123207,0.6394663802528302
Male,0,No,28,Yes,Yes,Fiber optic,91,No,1,0,1,1,1,0,True,False,-0.1779947632379461,0.8721055668643357
Female,0,No,1,No,No,DSL,35,Yes,0,0,0,0,0,1,False,False,-1.2774445836787656,-0.9890079260277087
Female,0,Yes,72,Yes,No,DSL,110,No,0,1,1,0,0,0,False,False,1.6137012404433893,1.5035547876669937
Female,0,Yes,18,Yes,Yes,DSL,19,No,0,1,1,1,0,0,True,False,-0.5851984004382496,-1.5207546382825785
Female,0,No,49,Yes,Yes,Fiber optic,19,No,0,0,1,1,1,0,False,True,0.6771328748826912,-1.5207546382825785
Female,1,No,41,Yes,No,DSL,104,No,0,0,1,0,0,0,False,False,0.35136996512244845,1.3041497705714176
Male,0,Yes,1,Yes,No,DSL,70,Yes,1,1,1,0,0,1,False,False,-1.2774445836787656,0.17418800702981907
Male,1,No,27,Yes,Yes,Fiber optic,76,Yes,1,0,1,1,1,1,False,False,-0.21871512695797646,0.37359302412539525
Male,0,No,5,Yes,Yes,Fiber optic,21,No,1,0,1,1,1,0,False,False,-1.1145631287986442,-1.45428629925072
Male,0,No,43,No,No,DSL,35,No,1,0,0,0,0,0,True,False,0.43281069256250915,-0.9890079260277087
Male,0,Yes,47,Yes,No,DSL,55,No,1,1,1,0,0,0,False,True,0.5956921474426305,-0.32432453570912145
Female,0,No,1,Yes,No,DSL,50,No,0,0,1,0,0,0,False,False,-1.2774445836787656,-0.49049538328876824
Female,0,No,15,Yes,No,DSL,59,Yes,0,0,1,0,0,1,False,False,-0.7073594915983407,-0.19138785764540397
Female,0,Yes,7,Yes,No,DSL,71,No,0,1,1,0,0,0,True,False,-1.0331224013585834,0.20742217654574843
Male,0,No,14,Yes,No,DSL,20,No,1,0,1,0,0,0,True,False,-0.748079855318371,-1.4875204687666492
Female,0,No,43,Yes,No,DSL,80,No,0,0,1,0,0,0,False,True,0.43281069256250915,0.5065297021891128
Male,0,No,29,Yes,Yes,DSL,84,Yes,1,0,1,1,0,1,True,False,-0.13727439951791576,0.6394663802528302
Female,0,No,46,Yes,No,DSL,24,No,0,0,1,0,0,0,True,False,0.5549717837226001,-1.3545837907029317
Female,0,No,24,Yes,No,Fiber optic,49,No,0,0,1,0,1,0,False,False,-0.3408762181180675,-0.5237295528046976
Male,0,Yes,51,No,No,DSL,59,Yes,1,1,0,0,0,1,True,False,0.758573602322752,-0.19138785764540397
Male,0,Yes,70,No,Yes,DSL,60,No,1,1,0,1,0,0,False,True,1.5322605130033284,-0.15815368812947458
Female,0,No,12,Yes,Yes,DSL,46,No,0,0,1,1,0,0,False,True,-0.8295205827584317,-0.6234320613524857
Male,0,No,3,Yes,Yes,Fiber optic,20,No,1,0,1,1,1,0,False,True,-1.1960038562387048,-1.4875204687666492
Female,1,No,9,Yes,Yes,DSL,84,Yes,0,0,1,1,0,1,False,True,-0.9516816739185228,0.6394663802528302
Female,0,No,15,Yes,Yes,Fiber optic,84,No,0,0,1,1,1,0,False,False,-0.7073594915983407,0.6394663802528302
Female,0,Yes,72,Yes,No,Fiber optic,24,No,0,1,1,0,1,0,True,False,1.6137012404433893,-1.3545837907029317
Female,0,Yes,4,Yes,No,DSL,20,No,0,1,1,0,0,0,True,False,-1.1552834925186746,-1.4875204687666492
Female,0,No,72,Yes,No,DSL,104,No,0,0,1,0,0,0,False,True,1.6137012404433893,1.3041497705714176
Male,0,No,10,Yes,Yes,Fiber optic,20,No,1,0,1,1,1,0,False,False,-0.9109613101984924,-1.4875204687666492
Female,1,No,5,No,Yes,Fiber optic,28,Yes,0,0,0,1,1,1,False,True,-1.1145631287986442,-1.2216471126392143
Male,0,No,8,Yes,Yes,Fiber optic,86,No,1,0,1,1,1,0,False,False,-0.9924020376385531,0.7059347192846889
Female,1,No,26,Yes,No,Fiber optic,91,Yes,0,0,1,0,1,1,False,False,-0.2594354906780068,0.8721055668643357
Female,0,No,68,Yes,Yes,Fiber optic,71,No,0,0,1,1,1,0,False,False,1.4508197855632678,0.20742217654574843
Male,0,Yes,2,Yes,Yes,Fiber optic,20,No,1,1,1,1,1,0,False,False,-1.2367242199587352,-1.4875204687666492
Male,1,No,8,Yes,No,DSL,74,Yes,1,0,1,0,0,1,False,True,-0.9924020376385531,0.3071246850935365
Female,0,No,3,Yes,Yes,Fiber optic,20,No,0,0,1,1,1,0,False,False,-1.1960038562387048,-1.4875204687666492
Male,0,No,13,Yes,Yes,DSL,98,Yes,1,0,1,1,0,1,True,False,-0.7888002190384014,1.1047447534758412
Male,1,No,34,Yes,No,DSL,69,No,1,0,1,0,0,0,False,True,0.06632741908223598,0.1409538375138897
Female,0,Yes,72,No,No,DSL,66,No,0,1,0,0,0,0,False,True,1.6137012404433893,0.0412513289661016
Male,0,No,21,No,Yes,Fiber optic,44,No,1,0,0,1,1,0,False,True,-0.46303730927815856,-0.6899004003843444
Female,0,Yes,40,Yes,No,DSL,85,Yes,0,1,1,0,0,1,False,False,0.3106496014024181,0.6727005497687596
Male,0,No,16,No,Yes,Fiber optic,55,No,1,0,0,1,1,0,False,False,-0.6666391278783103,-0.32432453570912145
Female,0,No,26,Yes,No,Fiber optic,56,No,0,0,1,0,1,0,False,False,-0.2594354906780068,-0.29109036619319206
Male,0,No,49,Yes,No,DSL,99,Yes,1,0,1,0,0,1,True,False,0.6771328748826912,1.1379789229917707
Male,0,No,46,Yes,No,Fiber optic,19,No,1,0,1,0,1,0,False,False,0.5549717837226001,-1.5207546382825785
Male,0,Yes,11,Yes,Yes,DSL,80,Yes,1,1,1,1,0,1,False,True,-0.8702409464784621,0.5065297021891128
Male,0,No,72,Yes,No,Fiber optic,84,No,1,0,1,0,1,0,True,False,1.6137012404433893,0.6394663802528302
Male,0,No,47,Yes,No,DSL,20,No,1,0,1,0,0,0,False,True,0.5956921474426305,-1.4875204687666492
Male,0,Yes,1,Yes,Yes,Fiber optic,19,Yes,1,1,1,1,1,1,True,False,-1.2774445836787656,-1.5207546382825785
Female,1,No,59,Yes,Yes,DSL,90,No,0,0,1,1,0,0,False,True,1.0843365120829946,0.8388713973484064
Female,0,No,71,Yes,Yes,DSL,88,No,0,0,1,1,0,0,True,False,1.5729808767233588,0.7724030583165477
Female,0,Yes,25,Yes,Yes,Fiber optic,20,No,0,1,1,1,1,0,False,True,-0.30015585439803716,-1.4875204687666492
Male,0,Yes,72,Yes,No,DSL,108,No,1,1,1,0,0,0,False,True,1.6137012404433893,1.437086448635135
Male,0,No,2,Yes,Yes,DSL,20,No,1,0,1,1,0,0,False,True,-1.2367242199587352,-1.4875204687666492
Female,0,No,35,Yes,Yes,Fiber optic,62,No,0,0,1,1,1,0,False,True,0.10704778280226633,-0.09168534909761586
Male,0,Yes,71,Yes,No,DSL,105,No,1,1,1,0,0,0,False,True,1.5729808767233588,1.3373839400873468
Female,1,No,15,Yes,No,DSL,95,No,0,0,1,0,0,0,True,False,-0.7073594915983407,1.0050422449280532
Female,0,No,2,Yes,Yes,Fiber optic,20,No,0,0,1,1,1,0,False,False,-1.2367242199587352,-1.4875204687666492
Female,0,No,26,Yes,Yes,DSL,79,No,0,0,1,1,0,0,True,False,-0.2594354906780068,0.47329553267318336
Female,1,Yes,3,Yes,No,DSL,88,Yes,0,1,1,0,0,1,True,False,-1.1960038562387048,0.7724030583165477
Male,1,No,49,Yes,No,DSL,50,No,1,0,1,0,0,0,False,False,0.6771328748826912,-0.49049538328876824
Male,0,Yes,27,Yes,No,DSL,76,No,1,1,1,0,0,0,False,True,-0.21871512695797646,0.37359302412539525
Male,0,No,3,Yes,No,Fiber optic,50,No,1,0,1,0,1,0,False,False,-1.1960038562387048,-0.49049538328876824
Female,0,Yes,45,No,No,DSL,51,No,0,1,0,0,0,0,False,False,0.5142514200025698,-0.4572612137728389
Male,0,No,37,Yes,No,DSL,104,No,1,0,1,0,0,0,False,True,0.18848851024232702,1.3041497705714176
Female,0,Yes,72,Yes,No,DSL,117,No,0,1,1,0,0,0,False,False,1.6137012404433893,1.7361939742784993
Female,0,No,62,Yes,Yes,DSL,92,No,0,0,1,1,0,0,True,False,1.2064976032430856,0.9053397363802651
Female,0,Yes,54,Yes,No,DSL,60,No,0,1,1,0,0,0,False,False,0.880734693482843,-0.15815368812947458
Male,0,Yes,15,Yes,No,DSL,102,No,1,1,1,0,0,0,False,False,-0.7073594915983407,1.2376814315395588
Male,0,No,1,Yes,No,DSL,20,Yes,1,0,1,0,0,1,False,False,-1.2774445836787656,-1.4875204687666492
Female,1,No,1,No,Yes,Fiber optic,25,Yes,0,0,0,1,1,1,False,False,-1.2774445836787656,-1.3213496211870024
Male,0,No,72,No,No,DSL,61,No,1,0,0,0,0,0,False,False,1.6137012404433893,-0.12491951861354524
Female,0,No,30,Yes,No,DSL,79,No,0,0,1,0,0,0,True,False,-0.0965540357978854,0.47329553267318336
Female,0,No,40,Yes,Yes,Fiber optic,79,No,0,0,1,1,1,0,False,True,0.3106496014024181,0.47329553267318336
Female,0,Yes,71,Yes,Yes,Fiber optic,71,No,0,1,1,1,1,0,False,False,1.5729808767233588,0.20742217654574843
Male,0,No,18,No,Yes,Fiber optic,34,Yes,1,0,0,1,1,1,False,True,-0.5851984004382496,-1.0222420955436382
Male,0,No,17,No,No,DSL,25,No,1,0,0,0,0,0,False,True,-0.62591876415828,-1.3213496211870024
Female,0,No,40,Yes,Yes,Fiber optic,20,No,0,0,1,1,1,0,False,False,0.3106496014024181,-1.4875204687666492
Female,1,No,72,Yes,Yes,DSL,111,No,0,0,1,1,0,0,True,False,1.6137012404433893,1.536788957182923
Male,0,No,2,Yes,Yes,DSL,20,No,1,0,1,1,0,0,False,True,-1.2367242199587352,-1.4875204687666492
Male,0,No,53,Yes,Yes,DSL,24,No,1,0,1,1,0,0,False,True,0.8400143297628127,-1.3545837907029317
Male,0,No,71,Yes,Yes,Fiber optic,116,No,1,0,1,1,1,0,False,False,1.5729808767233588,1.7029598047625698
Female,0,No,20,Yes,No,DSL,97,No,0,0,1,0,0,0,False,True,-0.5037576729981889,1.071510583959912
Male,0,No,7,Yes,Yes,DSL,55,No,1,0,1,1,0,0,False,True,-1.0331224013585834,-0.32432453570912145
Female,0,No,15,Yes,Yes,Fiber optic,84,No,0,0,1,1,1,0,False,False,-0.7073594915983407,0.6394663802528302
Female,0,Yes,72,Yes,No,Fiber optic,24,No,0,1,1,0,1,0,False,True,1.6137012404433893,-1.3545837907029317
Male,0,Yes,39,Yes,Yes,DSL,24,No,1,1,1,1,0,0,False,True,0.26992923768238775,-1.3545837907029317
Female,0,No,45,Yes,No,DSL,26,No,0,0,1,0,0,0,False,False,0.5142514200025698,-1.288115451671073
Female,0,No,5,Yes,Yes,Fiber optic,84,No,0,0,1,1,1,0,False,False,-1.1145631287986442,0.6394663802528302
Female,0,No,47,No,No,DSL,40,No,0,0,0,0,0,0,False,False,0.5956921474426305,-0.8228370784480619
Male,0,No,4,Yes,No,Fiber optic,20,No,1,0,1,0,1,0,False,False,-1.1552834925186746,-1.4875204687666492
Male,0,No,47,Yes,Yes,Fiber optic,101,No,1,0,1,1,1,0,False,False,0.5956921474426305,1.2044472620236295
Male,0,Yes,33,Yes,No,Fiber optic,95,No,1,1,1,0,1,0,False,False,0.025607055362205634,1.0050422449280532
Female,0,Yes,15,Yes,No,DSL,25,No,0,1,1,0,0,0,False,True,-0.7073594915983407,-1.3213496211870024
Male,0,No,66,Yes,Yes,Fiber optic,89,No,1,0,1,1,1,0,False,False,1.369379058123207,0.805637227832477
Female,0,No,6,Yes,No,DSL,90,Yes,0,0,1,0,0,1,False,False,-1.0738427650786138,0.8388713973484064
Female,0,No,17,Yes,Yes,Fiber optic,20,No,0,0,1,1,1,0,False,False,-0.62591876415828,-1.4875204687666492
Female,0,Yes,41,Yes,No,DSL,95,No,0,1,1,0,0,0,False,True,0.35136996512244845,1.0050422449280532
Female,0,Yes,56,Yes,No,DSL,100,No,0,1,1,0,0,0,False,False,0.9621754209229036,1.1712130925077
Female,0,No,28,Yes,No,DSL,55,No,0,0,1,0,0,0,False,True,-0.1779947632379461,-0.32432453570912145
Female,0,Yes,72,No,No,DSL,54,No,0,1,0,0,0,0,False,False,1.6137012404433893,-0.3575587052250508
Male,0,No,1,Yes,No,DSL,50,No,1,0,1,0,0,0,True,False,-1.2774445836787656,-0.49049538328876824
Female,0,No,56,Yes,No,DSL,107,No,0,0,1,0,0,0,False,False,0.9621754209229036,1.4038522791192056
Male,0,No,70,Yes,Yes,Fiber optic,79,No,1,0,1,1,1,0,False,False,1.5322605130033284,0.47329553267318336
Male,0,No,44,Yes,No,Fiber optic,91,No,1,0,1,0,1,0,False,False,0.47353105628253944,0.8721055668643357
Male,0,No,2,Yes,Yes,Fiber optic,44,Yes,1,0,1,1,1,1,False,False,-1.2367242199587352,-0.6899004003843444
Male,0,Yes,58,Yes,No,DSL,72,No,1,1,1,0,0,0,False,False,1.0436161483629645,0.2406563460616778
Female,0,No,48,Yes,No,DSL,83,No,0,0,1,0,0,0,False,True,0.6364125111626608,0.6062322107369008
Male,0,No,11,Yes,Yes,Fiber optic,85,No,1,0,1,1,1,0,False,True,-0.8702409464784621,0.6727005497687596
Male,0,No,72,Yes,Yes,DSL,116,No,1,0,1,1,0,0,False,True,1.6137012404433893,1.7029598047625698
Male,0,No,72,No,No,DSL,42,No,1,0,0,0,0,0,True,False,1.6137012404433893,-0.7563687394162032
Female,0,No,26,Yes,Yes,Fiber optic,86,No,0,0,1,1,1,0,True,False,-0.2594354906780068,0.7059347192846889
Male,0,No,52,No,No,Fiber optic,40,No,1,0,0,0,1,0,False,False,0.7992939660427822,-0.8228370784480619
Female,0,Yes,52,Yes,No,DSL,20,No,0,1,1,0,0,0,False,True,0.7992939660427822,-1.4875204687666492
Male,0,No,27,Yes,No,Fiber optic,53,No,1,0,1,0,1,0,False,False,-0.21871512695797646,-0.3907928747409802
Male,0,No,1,Yes,Yes,Fiber optic,79,Yes,1,0,1,1,1,1,False,True,-1.2774445836787656,0.47329553267318336
Male,0,No,45,Yes,Yes,Fiber optic,81,No,1,0,1,1,1,0,True,False,0.5142514200025698,0.5397638717050421
Female,0,No,61,Yes,Yes,Fiber optic,89,No,0,0,1,1,1,0,False,True,1.1657772395230555,0.805637227832477
Female,0,No,2,Yes,Yes,Fiber optic,80,No,0,0,1,1,1,0,False,False,-1.2367242199587352,0.5065297021891128
Female,0,Yes,11,Yes,No,DSL,66,Yes,0,1,1,0,0,1,False,True,-0.8702409464784621,0.0412513289661016
Female,0,No,21,Yes,Yes,Fiber optic,60,No,0,0,1,1,1,0,False,False,-0.46303730927815856,-0.15815368812947458
Female,1,No,1,Yes,No,Fiber optic,71,Yes,0,0,1,0,1,1,False,False,-1.2774445836787656,0.20742217654574843
Female,1,No,6,Yes,No,DSL,98,Yes,0,0,1,0,0,1,False,False,-1.0738427650786138,1.1047447534758412
Male,0,No,71,Yes,Yes,Fiber optic,74,No,1,0,1,1,1,0,False,False,1.5729808767233588,0.3071246850935365
Female,0,Yes,72,Yes,No,DSL,71,No,0,1,1,0,0,0,False,False,1.6137012404433893,0.20742217654574843
Male,1,No,67,Yes,No,Fiber optic,61,No,1,0,1,0,1,0,False,False,1.4100994218432374,-0.12491951861354524
Female,0,Yes,21,Yes,Yes,DSL,59,No,0,1,1,1,0,0,False,False,-0.46303730927815856,-0.19138785764540397
Male,0,No,72,Yes,Yes,Fiber optic,20,No,1,0,1,1,1,0,False,False,1.6137012404433893,-1.4875204687666492
Male,0,Yes,33,Yes,Yes,Fiber optic,20,No,1,1,1,1,1,0,True,False,0.025607055362205634,-1.4875204687666492
Female,0,No,3,Yes,Yes,DSL,95,Yes,0,0,1,1,0,1,False,True,-1.1960038562387048,1.0050422449280532
Male,0,No,31,Yes,No,DSL,94,Yes,1,0,1,0,0,1,False,False,-0.055833672077855064,0.9718080754121239
Male,1,No,55,No,No,DSL,50,No,1,0,0,0,0,0,False,False,0.9214550572028734,-0.49049538328876824
Male,0,Yes,1,Yes,No,DSL,74,Yes,1,1,1,0,0,1,True,False,-1.2774445836787656,0.3071246850935365
Female,0,No,10,Yes,Yes,Fiber optic,19,No,0,0,1,1,1,0,False,False,-0.9109613101984924,-1.5207546382825785
Male,0,No,1,Yes,No,DSL,20,No,1,0,1,0,0,0,False,False,-1.2774445836787656,-1.4875204687666492
Male,1,No,14,Yes,No,DSL,96,No,1,0,1,0,0,0,False,True,-0.748079855318371,1.0382764144439827
Female,0,Yes,66,Yes,Yes,DSL,74,No,0,1,1,1,0,0,True,False,1.369379058123207,0.3071246850935365
Female,0,Yes,72,Yes,Yes,Fiber optic,106,No,0,1,1,1,1,0,False,False,1.6137012404433893,1.3706181096032763
Female,0,Yes,11,No,Yes,DSL,30,No,0,1,0,1,0,0,False,False,-0.8702409464784621,-1.1551787736073555
Male,0,No,32,Yes,Yes,Fiber optic,93,No,1,0,1,1,1,0,False,False,-0.015113308357824713,0.9385739058961945
Male,1,No,7,Yes,No,DSL,102,Yes,1,0,1,0,0,1,True,False,-1.0331224013585834,1.2376814315395588
Male,0,Yes,31,No,Yes,DSL,60,No,1,1,0,1,0,0,False,True,-0.055833672077855064,-0.15815368812947458
Female,0,No,61,No,No,Fiber optic,44,No,0,0,0,0,1,0,False,False,1.1657772395230555,-0.6899004003843444
Female,1,No,1,Yes,No,Fiber optic,70,Yes,0,0,1,0,1,1,False,False,-1.2774445836787656,0.17418800702981907
Female,1,No,71,Yes,Yes,Fiber optic,104,No,0,0,1,1,1,0,False,True,1.5729808767233588,1.3041497705714176
Male,0,No,1,Yes,Yes,Fiber optic,71,Yes,1,0,1,1,1,1,False,False,-1.2774445836787656,0.20742217654574843
Male,0,No,3,Yes,No,DSL,91,No,1,0,1,0,0,0,False,True,-1.1960038562387048,0.8721055668643357
Male,0,No,4,Yes,Yes,Fiber optic,78,Yes,1,0,1,1,1,1,True,False,-1.1552834925186746,0.44006136315725397
Male,1,No,27,Yes,No,Fiber optic,86,No,1,0,1,0,1,0,False,False,-0.21871512695797646,0.7059347192846889
Female,0,No,3,Yes,Yes,DSL,95,No,0,0,1,1,0,0,False,True,-1.1960038562387048,1.0050422449280532
Male,0,No,1,Yes,Yes,Fiber optic,20,No,1,0,1,1,1,0,False,True,-1.2774445836787656,-1.4875204687666492
Male,0,Yes,72,Yes,No,DSL,90,No,1,1,1,0,0,0,False,True,1.6137012404433893,0.8388713973484064
Female,0,Yes,61,No,No,Fiber optic,51,No,0,1,0,0,1,0,True,False,1.1657772395230555,-0.4572612137728389
Male,0,Yes,68,Yes,Yes,DSL,110,No,1,1,1,1,0,0,False,False,1.4508197855632678,1.5035547876669937
Female,0,No,2,Yes,No,Fiber optic,21,No,0,0,1,0,1,0,False,False,-1.2367242199587352,-1.45428629925072
Female,0,No,9,Yes,No,DSL,20,No,0,0,1,0,0,0,False,False,-0.9516816739185228,-1.4875204687666492
Male,0,No,31,Yes,No,Fiber optic,20,No,1,0,1,0,1,0,False,False,-0.055833672077855064,-1.4875204687666492
Female,0,No,3,Yes,Yes,Fiber optic,74,Yes,0,0,1,1,1,1,False,False,-1.1960038562387048,0.3071246850935365
Male,0,Yes,35,Yes,No,DSL,110,No,1,1,1,0,0,0,False,False,0.10704778280226633,1.5035547876669937
Female,0,No,15,Yes,No,DSL,20,No,0,0,1,0,0,0,False,False,-0.7073594915983407,-1.4875204687666492
Female,1,No,1,Yes,No,DSL,89,Yes,0,0,1,0,0,1,False,True,-1.2774445836787656,0.805637227832477
Male,0,No,42,Yes,No,DSL,106,Yes,1,0,1,0,0,1,False,False,0.3920903288424788,1.3706181096032763
Female,0,No,1,Yes,Yes,DSL,45,Yes,0,0,1,1,0,1,False,False,-1.2774445836787656,-0.6566662308684151
Female,0,Yes,71,Yes,Yes,DSL,96,No,0,1,1,1,0,0,False,True,1.5729808767233588,1.0382764144439827
Female,0,Yes,50,Yes,Yes,Fiber optic,20,No,0,1,1,1,1,0,False,False,0.7178532386027215,-1.4875204687666492
Female,0,Yes,55,Yes,No,Fiber optic,26,No,0,1,1,0,1,0,False,False,0.9214550572028734,-1.288115451671073
Female,0,No,47,Yes,No,DSL,74,No,0,0,1,0,0,0,False,False,0.5956921474426305,0.3071246850935365
Male,0,No,27,Yes,No,DSL,20,No,1,0,1,0,0,0,False,True,-0.21871512695797646,-1.4875204687666492
Female,0,No,25,Yes,No,Fiber optic,20,No,0,0,1,0,1,0,False,False,-0.30015585439803716,-1.4875204687666492
Female,0,No,36,Yes,Yes,Fiber optic,99,Yes,0,0,1,1,1,1,False,False,0.14776814652229667,1.1379789229917707
Male,0,Yes,9,Yes,No,DSL,90,No,1,1,1,0,0,0,True,False,-0.9516816739185228,0.8388713973484064
Female,1,No,45,Yes,Yes,DSL,102,No,0,0,1,1,0,0,False,False,0.5142514200025698,1.2376814315395588
Male,0,No,63,Yes,No,DSL,80,No,1,0,1,0,0,0,False,True,1.247217966963116,0.5065297021891128
Female,0,Yes,8,Yes,Yes,DSL,69,No,0,1,1,1,0,0,False,True,-0.9924020376385531,0.1409538375138897
Male,0,No,72,No,No,DSL,66,No,1,0,0,0,0,0,False,False,1.6137012404433893,0.0412513289661016
Male,0,Yes,17,Yes,No,DSL,81,Yes,1,1,1,0,0,1,False,True,-0.62591876415828,0.5397638717050421
Female,1,No,51,Yes,No,DSL,78,Yes,0,0,1,0,0,1,False,False,0.758573602322752,0.44006136315725397
Female,0,No,8,Yes,Yes,Fiber optic,21,No,0,0,1,1,1,0,True,False,-0.9924020376385531,-1.45428629925072
Female,0,No,3,Yes,Yes,Fiber optic,20,Yes,0,0,1,1,1,1,True,False,-1.1960038562387048,-1.4875204687666492
Female,0,Yes,71,Yes,No,Fiber optic,24,No,0,1,1,0,1,0,True,False,1.5729808767233588,-1.3545837907029317
Male,1,No,65,Yes,No,DSL,93,No,1,0,1,0,0,0,False,True,1.3286586944031769,0.9385739058961945
Male,0,Yes,72,Yes,Yes,Fiber optic,108,No,1,1,1,1,1,0,False,True,1.6137012404433893,1.437086448635135
Male,0,Yes,72,No,No,DSL,65,No,1,1,0,0,0,0,False,False,1.6137012404433893,0.008017159450172232
Male,0,No,69,Yes,Yes,Fiber optic,110,No,1,0,1,1,1,0,False,False,1.4915401492832983,1.5035547876669937
Male,0,No,62,No,Yes,Fiber optic,44,No,1,0,0,1,1,0,True,False,1.2064976032430856,-0.6899004003843444
Female,1,No,54,Yes,Yes,Fiber optic,116,No,0,0,1,1,1,0,False,False,0.880734693482843,1.7029598047625698
Female,0,Yes,3,Yes,No,DSL,19,No,0,1,1,0,0,0,True,False,-1.1960038562387048,-1.5207546382825785
Male,0,No,23,Yes,Yes,Fiber optic,60,No,1,0,1,1,1,0,False,False,-0.38159658183809786,-0.15815368812947458
Male,0,No,35,Yes,No,DSL,21,No,1,0,1,0,0,0,False,False,0.10704778280226633,-1.45428629925072
Female,0,No,52,Yes,No,DSL,50,No,0,0,1,0,0,0,False,True,0.7992939660427822,-0.49049538328876824
Female,0,No,2,Yes,No,DSL,91,No,0,0,1,0,0,0,True,False,-1.2367242199587352,0.8721055668643357
Male,0,Yes,64,Yes,No,Fiber optic,20,No,1,1,1,0,1,0,False,False,1.2879383306831464,-1.4875204687666492
Male,0,No,1,No,No,DSL,24,No,1,0,0,0,0,0,True,False,-1.2774445836787656,-1.3545837907029317
Male,0,Yes,60,Yes,Yes,Fiber optic,74,No,1,1,1,1,1,0,False,False,1.125056875803025,0.3071246850935365
Male,0,No,3,No,No,DSL,35,Yes,1,0,0,0,0,1,False,True,-1.1960038562387048,-0.9890079260277087
Female,0,No,72,Yes,No,DSL,105,No,0,0,1,0,0,0,False,True,1.6137012404433893,1.3373839400873468
Male,0,No,3,Yes,Yes,DSL,86,No,1,0,1,1,0,0,False,False,-1.1960038562387048,0.7059347192846889
Female,0,No,34,Yes,Yes,Fiber optic,25,No,0,0,1,1,1,0,False,False,0.06632741908223598,-1.3213496211870024
Male,0,No,43,Yes,Yes,Fiber optic,75,No,1,0,1,1,1,0,True,False,0.43281069256250915,0.3403588546094659
Female,1,No,66,Yes,Yes,Fiber optic,103,No,0,0,1,1,1,0,False,True,1.369379058123207,1.270915601055488
Male,0,Yes,10,Yes,Yes,Fiber optic,25,No,1,1,1,1,1,0,False,False,-0.9109613101984924,-1.3213496211870024
Male,0,No,35,Yes,No,Fiber optic,102,Yes,1,0,1,0,1,1,False,False,0.10704778280226633,1.2376814315395588
Female,0,No,1,Yes,Yes,Fiber optic,20,No,0,0,1,1,1,0,False,False,-1.2774445836787656,-1.4875204687666492
Male,0,No,29,Yes,Yes,Fiber optic,49,No,1,0,1,1,1,0,False,True,-0.13727439951791576,-0.5237295528046976
Female,0,Yes,50,Yes,No,Fiber optic,70,No,0,1,1,0,1,0,False,False,0.7178532386027215,0.17418800702981907
Female,0,No,1,Yes,No,DSL,75,Yes,0,0,1,0,0,1,True,False,-1.2774445836787656,0.3403588546094659
Male,0,No,23,Yes,No,DSL,65,No,1,0,1,0,0,0,False,False,-0.38159658183809786,0.008017159450172232
Male,0,Yes,13,Yes,No,DSL,74,Yes,1,1,1,0,0,1,False,True,-0.7888002190384014,0.3071246850935365
Female,0,No,68,Yes,No,DSL,54,No,0,0,1,0,0,0,False,False,1.4508197855632678,-0.3575587052250508
Female,0,No,15,Yes,Yes,DSL,20,No,0,0,1,1,0,0,True,False,-0.7073594915983407,-1.4875204687666492
Male,0,No,44,Yes,No,DSL,71,No,1,0,1,0,0,0,False,True,0.47353105628253944,0.20742217654574843
Female,0,No,40,Yes,Yes,DSL,84,No,0,0,1,1,0,0,False,True,0.3106496014024181,0.6394663802528302
Female,0,No,48,Yes,No,DSL,24,No,0,0,1,0,0,0,False,False,0.6364125111626608,-1.3545837907029317
Male,0,No,1,Yes,Yes,Fiber optic,76,No,1,0,1,1,1,0,False,False,-1.2774445836787656,0.37359302412539525
Female,0,No,53,No,No,DSL,54,No,0,0,0,0,0,0,False,False,0.8400143297628127,-0.3575587052250508
Female,0,No,19,Yes,No,DSL,45,No,0,0,1,0,0,0,True,False,-0.5444780367182193,-0.6566662308684151
Female,0,No,1,Yes,No,DSL,44,No,0,0,1,0,0,0,False,False,-1.2774445836787656,-0.6899004003843444
Male,0,No,39,Yes,Yes,DSL,82,No,1,0,1,1,0,0,False,False,0.26992923768238775,0.5729980412209714
Male,0,Yes,43,Yes,No,DSL,104,No,1,1,1,0,0,0,True,False,0.43281069256250915,1.3041497705714176
Female,0,Yes,4,Yes,Yes,DSL,87,Yes,0,1,1,1,0,1,False,True,-1.1552834925186746,0.7391688888006183
Male,0,No,71,Yes,No,Fiber optic,81,No,1,0,1,0,1,0,False,False,1.5729808767233588,0.5397638717050421
Female,0,No,47,Yes,No,Fiber optic,85,Yes,0,0,1,0,1,1,False,False,0.5956921474426305,0.6727005497687596
Male,0,Yes,29,Yes,Yes,Fiber optic,71,Yes,1,1,1,1,1,1,False,False,-0.13727439951791576,0.20742217654574843
Female,0,No,58,No,No,DSL,45,No,0,0,0,0,0,0,False,False,1.0436161483629645,-0.6566662308684151
Female,0,No,15,Yes,No,DSL,49,Yes,0,0,1,0,0,1,True,False,-0.7073594915983407,-0.5237295528046976
Female,0,No,72,Yes,No,Fiber optic,84,No,0,0,1,0,1,0,True,False,1.6137012404433893,0.6394663802528302
Female,1,No,43,No,No,DSL,56,Yes,0,0,0,0,0,1,False,False,0.43281069256250915,-0.29109036619319206
Female,1,No,25,Yes,No,DSL,98,Yes,0,0,1,0,0,1,False,False,-0.30015585439803716,1.1047447534758412
Female,0,No,2,Yes,Yes,Fiber optic,20,No,0,0,1,1,1,0,False,True,-1.2367242199587352,-1.4875204687666492
Female,0,No,5,Yes,Yes,DSL,44,No,0,0,1,1,0,0,False,False,-1.1145631287986442,-0.6899004003843444
Male,0,Yes,15,Yes,No,DSL,60,No,1,1,1,0,0,0,False,False,-0.7073594915983407,-0.15815368812947458
Male,0,Yes,11,Yes,Yes,DSL,20,No,1,1,1,1,0,0,False,True,-0.8702409464784621,-1.4875204687666492
Female,0,Yes,37,Yes,No,DSL,26,No,0,1,1,0,0,0,False,True,0.18848851024232702,-1.288115451671073
Female,0,No,11,Yes,No,DSL,101,Yes,0,0,1,0,0,1,False,True,-0.8702409464784621,1.2044472620236295
Female,0,Yes,17,Yes,Yes,DSL,75,No,0,1,1,1,0,0,False,False,-0.62591876415828,0.3403588546094659
Female,1,No,62,Yes,No,Fiber optic,98,No,0,0,1,0,1,0,False,False,1.2064976032430856,1.1047447534758412
Male,0,No,27,Yes,No,DSL,49,No,1,0,1,0,0,0,False,True,-0.21871512695797646,-0.5237295528046976
Female,0,No,25,Yes,No,DSL,20,No,0,0,1,0,0,0,False,False,-0.30015585439803716,-1.4875204687666492
Male,0,No,50,Yes,No,DSL,20,No,1,0,1,0,0,0,True,False,0.7178532386027215,-1.4875204687666492
Male,0,Yes,69,Yes,No,DSL,99,Yes,1,1,1,0,0,1,False,False,1.4915401492832983,1.1379789229917707
Female,0,No,28,Yes,No,DSL,26,No,0,0,1,0,0,0,False,True,-0.1779947632379461,-1.288115451671073
Male,0,Yes,35,Yes,Yes,Fiber optic,20,No,1,1,1,1,1,0,False,False,0.10704778280226633,-1.4875204687666492
Male,0,No,29,Yes,No,DSL,19,No,1,0,1,0,0,0,True,False,-0.13727439951791576,-1.5207546382825785
Male,1,No,65,Yes,Yes,Fiber optic,103,No,1,0,1,1,1,0,False,False,1.3286586944031769,1.270915601055488
Male,0,Yes,35,Yes,Yes,Fiber optic,20,No,1,1,1,1,1,0,True,False,0.10704778280226633,-1.4875204687666492
Male,0,Yes,51,Yes,Yes,Fiber optic,20,No,1,1,1,1,1,0,False,False,0.758573602322752,-1.4875204687666492
Female,0,No,4,Yes,No,DSL,46,Yes,0,0,1,0,0,1,False,False,-1.1552834925186746,-0.6234320613524857
Male,0,Yes,65,Yes,No,DSL,84,No,1,1,1,0,0,0,False,False,1.3286586944031769,0.6394663802528302
Male,0,No,23,Yes,No,DSL,100,No,1,0,1,0,0,0,False,False,-0.38159658183809786,1.1712130925077
Male,1,Yes,38,Yes,Yes,Fiber optic,80,No,1,1,1,1,1,0,False,False,0.22920887396235737,0.5065297021891128
Male,1,No,43,Yes,Yes,Fiber optic,85,No,1,0,1,1,1,0,False,False,0.43281069256250915,0.6727005497687596
Female,0,Yes,12,Yes,Yes,Fiber optic,25,No,0,1,1,1,1,0,True,False,-0.8295205827584317,-1.3213496211870024
Female,0,No,65,Yes,No,DSL,100,No,0,0,1,0,0,0,False,True,1.3286586944031769,1.1712130925077
Female,1,Yes,14,Yes,Yes,Fiber optic,96,No,0,1,1,1,1,0,True,False,-0.748079855318371,1.0382764144439827
Male,0,No,20,Yes,No,DSL,85,Yes,1,0,1,0,0,1,False,False,-0.5037576729981889,0.6727005497687596
Female,0,Yes,56,Yes,No,Fiber optic,61,No,0,1,1,0,1,0,False,False,0.9621754209229036,-0.12491951861354524
Male,0,No,42,No,Yes,DSL,25,No,1,0,0,1,0,0,False,True,0.3920903288424788,-1.3213496211870024
Male,0,No,11,Yes,No,Fiber optic,73,No,1,0,1,0,1,0,False,True,-0.8702409464784621,0.2738905155776072
Male,0,No,2,Yes,No,Fiber optic,82,Yes,1,0,1,0,1,1,False,True,-1.2367242199587352,0.5729980412209714
Female,0,Yes,3,Yes,Yes,Fiber optic,20,No,0,1,1,1,1,0,False,False,-1.1960038562387048,-1.4875204687666492
Male,0,No,1,Yes,No,DSL,69,Yes,1,0,1,0,0,1,False,True,-1.2774445836787656,0.1409538375138897
Male,0,No,11,Yes,No,DSL,20,No,1,0,1,0,0,0,False,False,-0.8702409464784621,-1.4875204687666492
Male,0,No,3,Yes,No,DSL,65,No,1,0,1,0,0,0,False,False,-1.1960038562387048,0.008017159450172232
Female,0,No,1,Yes,Yes,DSL,20,No,0,0,1,1,0,0,True,False,-1.2774445836787656,-1.4875204687666492
Male,0,Yes,68,Yes,No,DSL,20,No,1,1,1,0,0,0,True,False,1.4508197855632678,-1.4875204687666492
Male,0,Yes,53,Yes,No,DSL,20,No,1,1,1,0,0,0,False,False,0.8400143297628127,-1.4875204687666492
Female,1,No,60,Yes,No,DSL,101,No,0,0,1,0,0,0,False,False,1.125056875803025,1.2044472620236295
Female,0,No,66,Yes,Yes,Fiber optic,89,No,0,0,1,1,1,0,False,False,1.369379058123207,0.805637227832477
Female,0,No,28,Yes,No,DSL,59,No,0,0,1,0,0,0,False,False,-0.1779947632379461,-0.19138785764540397
Female,1,No,5,Yes,No,DSL,70,No,0,0,1,0,0,0,False,False,-1.1145631287986442,0.17418800702981907
Male,1,No,24,No,No,DSL,39,Yes,1,0,0,0,0,1,False,False,-0.3408762181180675,-0.8560712479639913
Female,0,Yes,45,Yes,Yes,Fiber optic,54,Yes,0,1,1,1,1,1,True,False,0.5142514200025698,-0.3575587052250508
Female,0,Yes,6,Yes,No,DSL,94,No,0,1,1,0,0,0,False,False,-1.0738427650786138,0.9718080754121239
Male,1,No,64,Yes,No,DSL,80,No,1,0,1,0,0,0,False,False,1.2879383306831464,0.5065297021891128
Male,0,Yes,58,Yes,No,DSL,93,No,1,1,1,0,0,0,True,False,1.0436161483629645,0.9385739058961945
Female,1,No,5,Yes,No,DSL,83,Yes,0,0,1,0,0,1,False,False,-1.1145631287986442,0.6062322107369008
Male,0,No,31,Yes,No,Fiber optic,59,No,1,0,1,0,1,0,False,True,-0.055833672077855064,-0.19138785764540397
Female,0,No,35,Yes,No,Fiber optic,100,Yes,0,0,1,0,1,1,False,False,0.10704778280226633,1.1712130925077
Male,0,Yes,5,Yes,Yes,DSL,20,No,1,1,1,1,0,0,False,False,-1.1145631287986442,-1.4875204687666492
Male,0,No,16,Yes,No,Fiber optic,70,No,1,0,1,0,1,0,False,False,-0.6666391278783103,0.17418800702981907
Female,1,No,72,Yes,Yes,Fiber optic,106,No,0,0,1,1,1,0,True,False,1.6137012404433893,1.3706181096032763
Female,0,Yes,60,Yes,Yes,Fiber optic,94,No,0,1,1,1,1,0,False,False,1.125056875803025,0.9718080754121239
Male,0,Yes,67,Yes,No,DSL,26,No,1,1,1,0,0,0,True,False,1.4100994218432374,-1.288115451671073
Female,0,Yes,72,Yes,No,DSL,90,No,0,1,1,0,0,0,False,False,1.6137012404433893,0.8388713973484064
Female,0,No,50,Yes,Yes,Fiber optic,20,No,0,0,1,1,1,0,False,False,0.7178532386027215,-1.4875204687666492
Male,0,No,10,Yes,No,DSL,24,No,1,0,1,0,0,0,False,False,-0.9109613101984924,-1.3545837907029317
Female,0,Yes,4,Yes,Yes,DSL,98,Yes,0,1,1,1,0,1,False,True,-1.1552834925186746,1.1047447534758412
Female,1,No,4,Yes,No,DSL,75,Yes,0,0,1,0,0,1,False,False,-1.1552834925186746,0.3403588546094659
Male,1,No,23,Yes,No,DSL,87,No,1,0,1,0,0,0,False,False,-0.38159658183809786,0.7391688888006183
Male,1,No,6,Yes,Yes,DSL,80,No,1,0,1,1,0,0,True,False,-1.0738427650786138,0.5065297021891128
Male,0,No,12,Yes,No,Fiber optic,75,No,1,0,1,0,1,0,False,False,-0.8295205827584317,0.3403588546094659
Female,0,No,10,Yes,No,DSL,21,No,0,0,1,0,0,0,False,False,-0.9109613101984924,-1.45428629925072
Male,0,No,12,Yes,No,Fiber optic,85,No,1,0,1,0,1,0,True,False,-0.8295205827584317,0.6727005497687596
Male,0,Yes,22,Yes,Yes,Fiber optic,68,Yes,1,1,1,1,1,1,False,False,-0.4223169455581282,0.10771966799796033
Female,0,No,47,Yes,No,DSL,75,No,0,0,1,0,0,0,True,False,0.5956921474426305,0.3403588546094659
Female,0,No,24,Yes,No,DSL,99,Yes,0,0,1,0,0,1,False,False,-0.3408762181180675,1.1379789229917707
Female,0,No,34,Yes,Yes,DSL,64,Yes,0,0,1,1,0,1,False,True,0.06632741908223598,-0.025217010065757134
Male,1,No,9,Yes,Yes,Fiber optic,21,No,1,0,1,1,1,0,False,False,-0.9516816739185228,-1.45428629925072
Male,0,Yes,28,Yes,No,Fiber optic,75,Yes,1,1,1,0,1,1,False,False,-0.1779947632379461,0.3403588546094659
Female,0,Yes,69,Yes,Yes,Fiber optic,64,No,0,1,1,1,1,0,False,True,1.4915401492832983,-0.025217010065757134
Female,0,No,39,No,No,DSL,51,No,0,0,0,0,0,0,True,False,0.26992923768238775,-0.4572612137728389
Female,1,No,27,Yes,Yes,DSL,110,No,0,0,1,1,0,0,False,True,-0.21871512695797646,1.5035547876669937
Female,0,Yes,2,Yes,Yes,Fiber optic,20,No,0,1,1,1,1,0,True,False,-1.2367242199587352,-1.4875204687666492
Female,0,No,1,Yes,Yes,Fiber optic,19,No,0,0,1,1,1,0,False,False,-1.2774445836787656,-1.5207546382825785
Male,0,No,65,Yes,Yes,Fiber optic,90,Yes,1,0,1,1,1,1,False,True,1.3286586944031769,0.8388713973484064
Female,0,No,28,Yes,No,DSL,54,No,0,0,1,0,0,0,False,True,-0.1779947632379461,-0.3575587052250508
Male,0,No,12,Yes,No,DSL,84,Yes,1,0,1,0,0,1,False,False,-0.8295205827584317,0.6394663802528302
Female,1,No,1,Yes,Yes,Fiber optic,70,Yes,0,0,1,1,1,1,False,False,-1.2774445836787656,0.17418800702981907
Male,0,Yes,27,Yes,No,DSL,80,Yes,1,1,1,0,0,1,False,False,-0.21871512695797646,0.5065297021891128
Male,0,Yes,66,Yes,Yes,Fiber optic,25,No,1,1,1,1,1,0,False,False,1.369379058123207,-1.3213496211870024
Female,0,No,72,Yes,Yes,Fiber optic,60,No,0,0,1,1,1,0,False,False,1.6137012404433893,-0.15815368812947458
Male,1,Yes,58,Yes,Yes,Fiber optic,90,No,1,1,1,1,1,0,False,False,1.0436161483629645,0.8388713973484064
Male,0,No,7,Yes,No,Fiber optic,100,Yes,1,0,1,0,1,1,False,False,-1.0331224013585834,1.1712130925077
Female,0,Yes,17,Yes,No,DSL,94,Yes,0,1,1,0,0,1,True,False,-0.62591876415828,0.9718080754121239
Female,0,Yes,70,Yes,No,DSL,25,No,0,1,1,0,0,0,False,False,1.5322605130033284,-1.3213496211870024
Male,0,No,1,Yes,Yes,Fiber optic,46,No,1,0,1,1,1,0,True,False,-1.2774445836787656,-0.6234320613524857
Female,0,No,64,Yes,Yes,Fiber optic,25,No,0,0,1,1,1,0,False,False,1.2879383306831464,-1.3213496211870024
Female,0,No,55,Yes,No,DSL,78,No,0,0,1,0,0,0,False,True,0.9214550572028734,0.44006136315725397
Male,1,No,51,Yes,No,DSL,80,No,1,0,1,0,0,0,True,False,0.758573602322752,0.5065297021891128
Female,0,No,5,Yes,No,DSL,85,Yes,0,0,1,0,0,1,False,True,-1.1145631287986442,0.6727005497687596
Female,0,No,43,Yes,Yes,DSL,115,No,0,0,1,1,0,0,False,True,0.43281069256250915,1.6697256352466405
Male,1,No,53,Yes,No,DSL,102,Yes,1,0,1,0,0,1,True,False,0.8400143297628127,1.2376814315395588
Male,0,Yes,63,Yes,No,Fiber optic,20,No,1,1,1,0,1,0,False,False,1.247217966963116,-1.4875204687666492
Male,0,No,27,Yes,No,DSL,20,No,1,0,1,0,0,0,False,False,-0.21871512695797646,-1.4875204687666492
Female,1,No,22,Yes,Yes,Fiber optic,70,No,0,0,1,1,1,0,True,False,-0.4223169455581282,0.17418800702981907
Male,1,No,6,Yes,No,DSL,85,Yes,1,0,1,0,0,1,False,True,-1.0738427650786138,0.6727005497687596
Male,0,Yes,31,Yes,Yes,Fiber optic,89,No,1,1,1,1,1,0,True,False,-0.055833672077855064,0.805637227832477
Male,0,Yes,64,Yes,Yes,DSL,81,No,1,1,1,1,0,0,False,True,1.2879383306831464,0.5397638717050421
Male,0,No,71,Yes,No,DSL,21,No,1,0,1,0,0,0,False,True,1.5729808767233588,-1.45428629925072
Male,0,No,68,No,No,Fiber optic,54,No,1,0,0,0,1,0,False,False,1.4508197855632678,-0.3575587052250508
Female,0,No,1,Yes,Yes,Fiber optic,54,No,0,0,1,1,1,0,False,True,-1.2774445836787656,-0.3575587052250508
Male,1,No,64,Yes,No,DSL,104,No,1,0,1,0,0,0,False,True,1.2879383306831464,1.3041497705714176
Male,0,No,2,Yes,No,Fiber optic,70,No,1,0,1,0,1,0,False,False,-1.2367242199587352,0.17418800702981907
Male,0,Yes,1,Yes,No,DSL,44,No,1,1,1,0,0,0,False,False,-1.2774445836787656,-0.6899004003843444
Male,0,Yes,28,Yes,Yes,DSL,64,No,1,1,1,1,0,0,True,False,-0.1779947632379461,-0.025217010065757134
Male,0,No,2,Yes,Yes,Fiber optic,20,No,1,0,1,1,1,0,False,False,-1.2367242199587352,-1.4875204687666492
Female,1,Yes,72,Yes,Yes,DSL,90,No,0,1,1,1,0,0,False,False,1.6137012404433893,0.8388713973484064
Male,0,No,28,Yes,No,DSL,91,No,1,0,1,0,0,0,False,True,-0.1779947632379461,0.8721055668643357
Female,0,Yes,55,Yes,No,DSL,101,No,0,1,1,0,0,0,False,True,0.9214550572028734,1.2044472620236295
Female,0,No,65,Yes,Yes,DSL,71,No,0,0,1,1,0,0,False,False,1.3286586944031769,0.20742217654574843
Male,1,Yes,34,Yes,No,DSL,109,No,1,1,1,0,0,0,True,False,0.06632741908223598,1.4703206181510644
Male,1,No,53,Yes,No,DSL,60,Yes,1,0,1,0,0,1,False,False,0.8400143297628127,-0.15815368812947458
Male,0,Yes,37,Yes,No,DSL,20,No,1,1,1,0,0,0,False,True,0.18848851024232702,-1.4875204687666492
Female,0,Yes,15,Yes,No,Fiber optic,86,Yes,0,1,1,0,1,1,False,False,-0.7073594915983407,0.7059347192846889
Male,0,No,71,Yes,No,DSL,83,No,1,0,1,0,0,0,False,True,1.5729808767233588,0.6062322107369008
Male,0,No,7,Yes,Yes,Fiber optic,74,No,1,0,1,1,1,0,False,False,-1.0331224013585834,0.3071246850935365
Male,0,Yes,67,Yes,Yes,DSL,111,No,1,1,1,1,0,0,True,False,1.4100994218432374,1.536788957182923
Male,0,No,52,Yes,No,DSL,96,No,1,0,1,0,0,0,False,True,0.7992939660427822,1.0382764144439827
Female,0,Yes,69,Yes,No,DSL,109,No,0,1,1,0,0,0,True,False,1.4915401492832983,1.4703206181510644
Male,0,Yes,24,Yes,Yes,DSL,75,No,1,1,1,1,0,0,True,False,-0.3408762181180675,0.3403588546094659
Female,0,No,7,Yes,Yes,Fiber optic,78,No,0,0,1,1,1,0,False,False,-1.0331224013585834,0.44006136315725397
Male,0,Yes,39,Yes,No,DSL,25,No,1,1,1,0,0,0,False,False,0.26992923768238775,-1.3213496211870024
Male,0,No,50,Yes,No,DSL,21,No,1,0,1,0,0,0,False,True,0.7178532386027215,-1.45428629925072
Male,0,No,71,Yes,No,DSL,99,No,1,0,1,0,0,0,False,True,1.5729808767233588,1.1379789229917707
Female,0,Yes,13,Yes,No,Fiber optic,20,No,0,1,1,0,1,0,False,False,-0.7888002190384014,-1.4875204687666492
Female,0,No,1,Yes,No,DSL,19,No,0,0,1,0,0,0,False,False,-1.2774445836787656,-1.5207546382825785
Male,0,No,29,Yes,No,DSL,94,No,1,0,1,0,0,0,False,False,-0.13727439951791576,0.9718080754121239
Female,1,No,27,Yes,No,DSL,84,No,0,0,1,0,0,0,False,True,-0.21871512695797646,0.6394663802528302
Male,0,Yes,48,Yes,Yes,Fiber optic,56,No,1,1,1,1,1,0,False,False,0.6364125111626608,-0.29109036619319206
Male,0,No,6,Yes,No,Fiber optic,91,Yes,1,0,1,0,1,1,False,False,-1.0738427650786138,0.8721055668643357
Male,0,Yes,59,Yes,No,DSL,77,No,1,1,1,0,0,0,False,False,1.0843365120829946,0.40682719364132464
Male,1,No,30,Yes,Yes,Fiber optic,106,No,1,0,1,1,1,0,False,False,-0.0965540357978854,1.3706181096032763
Female,0,No,32,Yes,No,DSL,21,No,0,0,1,0,0,0,True,False,-0.015113308357824713,-1.45428629925072
Male,0,No,3,Yes,No,DSL,92,No,1,0,1,0,0,0,False,False,-1.1960038562387048,0.9053397363802651
Male,0,Yes,5,Yes,Yes,Fiber optic,56,No,1,1,1,1,1,0,False,False,-1.1145631287986442,-0.29109036619319206
Female,0,Yes,70,Yes,Yes,DSL,89,No,0,1,1,1,0,0,False,True,1.5322605130033284,0.805637227832477
Male,0,No,1,Yes,No,DSL,70,No,1,0,1,0,0,0,False,True,-1.2774445836787656,0.17418800702981907
Female,0,Yes,54,Yes,Yes,Fiber optic,91,No,0,1,1,1,1,0,True,False,0.880734693482843,0.8721055668643357
Male,0,Yes,72,Yes,Yes,DSL,106,No,1,1,1,1,0,0,True,False,1.6137012404433893,1.3706181096032763
Male,0,Yes,66,Yes,No,DSL,66,No,1,1,1,0,0,0,False,True,1.369379058123207,0.0412513289661016
Female,0,No,9,No,Yes,DSL,58,Yes,0,0,0,1,0,1,False,False,-0.9516816739185228,-0.22462202716133334
Female,0,Yes,41,Yes,No,DSL,78,No,0,1,1,0,0,0,False,True,0.35136996512244845,0.44006136315725397
Female,1,No,71,Yes,No,DSL,83,No,0,0,1,0,0,0,False,False,1.5729808767233588,0.6062322107369008
Male,0,No,72,Yes,Yes,DSL,111,No,1,0,1,1,0,0,False,True,1.6137012404433893,1.536788957182923
Female,0,No,72,Yes,Yes,Fiber optic,110,No,0,0,1,1,1,0,False,False,1.6137012404433893,1.5035547876669937
Male,1,No,12,Yes,No,Fiber optic,84,Yes,1,0,1,0,1,1,False,False,-0.8295205827584317,0.6394663802528302
Male,0,No,55,Yes,No,Fiber optic,64,No,1,0,1,0,1,0,False,False,0.9214550572028734,-0.025217010065757134
Male,0,No,72,Yes,No,DSL,104,No,1,0,1,0,0,0,False,False,1.6137012404433893,1.3041497705714176
Female,1,No,65,Yes,No,DSL,109,No,0,0,1,0,0,0,False,False,1.3286586944031769,1.4703206181510644
Female,0,Yes,6,Yes,Yes,Fiber optic,80,Yes,0,1,1,1,1,1,False,True,-1.0738427650786138,0.5065297021891128
Female,0,No,4,Yes,No,Fiber optic,71,Yes,0,0,1,0,1,1,False,False,-1.1552834925186746,0.20742217654574843
Male,0,No,62,Yes,No,DSL,102,Yes,1,0,1,0,0,1,True,False,1.2064976032430856,1.2376814315395588
Male,0,Yes,67,Yes,No,Fiber optic,25,No,1,1,1,0,1,0,False,False,1.4100994218432374,-1.3213496211870024
Male,0,No,8,Yes,No,Fiber optic,94,Yes,1,0,1,0,1,1,False,False,-0.9924020376385531,0.9718080754121239
Male,0,No,72,Yes,Yes,Fiber optic,21,No,1,0,1,1,1,0,False,True,1.6137012404433893,-1.45428629925072
Female,1,No,66,No,Yes,Fiber optic,46,No,0,0,0,1,1,0,False,False,1.369379058123207,-0.6234320613524857
Male,0,No,10,Yes,Yes,DSL,72,Yes,1,0,1,1,0,1,False,True,-0.9109613101984924,0.2406563460616778
Female,1,No,43,Yes,Yes,Fiber optic,110,Yes,0,0,1,1,1,1,False,False,0.43281069256250915,1.5035547876669937
Female,0,Yes,22,Yes,No,DSL,61,Yes,0,1,1,0,0,1,False,True,-0.4223169455581282,-0.12491951861354524
Male,0,No,12,Yes,Yes,Fiber optic,81,No,1,0,1,1,1,0,False,False,-0.8295205827584317,0.5397638717050421
Male,0,No,10,Yes,No,DSL,46,No,1,0,1,0,0,0,True,False,-0.9109613101984924,-0.6234320613524857
Male,0,No,27,Yes,Yes,Fiber optic,49,No,1,0,1,1,1,0,False,False,-0.21871512695797646,-0.5237295528046976
Female,0,Yes,8,Yes,No,Fiber optic,20,No,0,1,1,0,1,0,False,False,-0.9924020376385531,-1.4875204687666492
Female,0,Yes,12,Yes,Yes,Fiber optic,20,No,0,1,1,1,1,0,False,False,-0.8295205827584317,-1.4875204687666492
Male,0,No,71,No,No,Fiber optic,54,No,1,0,0,0,1,0,False,False,1.5729808767233588,-0.3575587052250508
Male,0,Yes,50,Yes,No,DSL,106,Yes,1,1,1,0,0,1,True,False,0.7178532386027215,1.3706181096032763
Female,0,Yes,70,Yes,No,DSL,108,No,0,1,1,0,0,0,False,False,1.5322605130033284,1.437086448635135
Male,0,Yes,7,Yes,Yes,DSL,45,No,1,1,1,1,0,0,False,True,-1.0331224013585834,-0.6566662308684151
Male,1,Yes,46,Yes,Yes,DSL,101,Yes,1,1,1,1,0,1,False,True,0.5549717837226001,1.2044472620236295
Female,0,Yes,6,Yes,Yes,Fiber optic,49,No,0,1,1,1,1,0,False,True,-1.0738427650786138,-0.5237295528046976
Female,0,No,6,Yes,No,Fiber optic,89,No,0,0,1,0,1,0,False,False,-1.0738427650786138,0.805637227832477
Female,0,No,47,Yes,No,DSL,27,No,0,0,1,0,0,0,False,False,0.5956921474426305,-1.2548812821551436
Male,0,No,36,Yes,No,Fiber optic,94,No,1,0,1,0,1,0,False,False,0.14776814652229667,0.9718080754121239
Male,0,No,8,Yes,No,DSL,95,Yes,1,0,1,0,0,1,True,False,-0.9924020376385531,1.0050422449280532
Male,0,Yes,40,No,No,Fiber optic,60,No,1,1,0,0,1,0,False,False,0.3106496014024181,-0.15815368812947458
Male,0,No,61,Yes,No,Fiber optic,104,No,1,0,1,0,1,0,False,False,1.1657772395230555,1.3041497705714176
Male,0,No,72,Yes,No,DSL,98,No,1,0,1,0,0,0,False,False,1.6137012404433893,1.1047447534758412
Female,1,No,39,Yes,Yes,DSL,99,No,0,0,1,1,0,0,False,False,0.26992923768238775,1.1379789229917707
Male,0,No,8,Yes,No,DSL,20,No,1,0,1,0,0,0,True,False,-0.9924020376385531,-1.4875204687666492
Male,0,No,1,Yes,No,DSL,89,Yes,1,0,1,0,0,1,True,False,-1.2774445836787656,0.805637227832477
Female,0,No,33,No,No,DSL,60,No,0,0,0,0,0,0,True,False,0.025607055362205634,-0.15815368812947458
Female,0,Yes,31,Yes,Yes,DSL,87,Yes,0,1,1,1,0,1,False,True,-0.055833672077855064,0.7391688888006183
Female,0,No,9,Yes,No,DSL,89,Yes,0,0,1,0,0,1,False,True,-0.9516816739185228,0.805637227832477
Female,0,No,70,Yes,No,DSL,20,No,0,0,1,0,0,0,False,True,1.5322605130033284,-1.4875204687666492
Male,0,Yes,55,Yes,No,Fiber optic,20,No,1,1,1,0,1,0,False,False,0.9214550572028734,-1.4875204687666492
Male,0,No,4,Yes,Yes,Fiber optic,19,No,1,0,1,1,1,0,False,True,-1.1552834925186746,-1.5207546382825785
Male,0,Yes,48,Yes,No,Fiber optic,79,No,1,1,1,0,1,0,False,False,0.6364125111626608,0.47329553267318336
Male,0,Yes,61,Yes,No,DSL,20,No,1,1,1,0,0,0,False,False,1.1657772395230555,-1.4875204687666492
Female,1,No,2,Yes,No,Fiber optic,69,No,0,0,1,0,1,0,False,False,-1.2367242199587352,0.1409538375138897
Female,0,No,6,Yes,No,Fiber optic,51,Yes,0,0,1,0,1,1,True,False,-1.0738427650786138,-0.4572612137728389
Male,0,No,3,No,No,DSL,30,Yes,1,0,0,0,0,1,False,False,-1.1960038562387048,-1.1551787736073555
Male,0,No,22,No,No,Fiber optic,44,Yes,1,0,0,0,1,1,False,False,-0.4223169455581282,-0.6899004003843444
Female,0,No,33,Yes,Yes,Fiber optic,80,No,0,0,1,1,1,0,False,False,0.025607055362205634,0.5065297021891128
Male,0,No,12,Yes,No,DSL,100,Yes,1,0,1,0,0,1,True,False,-0.8295205827584317,1.1712130925077
Female,1,No,72,Yes,Yes,DSL,115,No,0,0,1,1,0,0,False,True,1.6137012404433893,1.6697256352466405
Female,0,No,58,Yes,No,Fiber optic,65,No,0,0,1,0,1,0,False,False,1.0436161483629645,0.008017159450172232
Male,0,No,59,Yes,Yes,Fiber optic,86,Yes,1,0,1,1,1,1,False,False,1.0843365120829946,0.7059347192846889
Male,0,Yes,34,Yes,No,DSL,77,No,1,1,1,0,0,0,False,True,0.06632741908223598,0.40682719364132464
Male,0,Yes,52,Yes,No,DSL,25,No,1,1,1,0,0,0,True,False,0.7992939660427822,-1.3213496211870024
Male,0,No,10,Yes,No,DSL,46,Yes,1,0,1,0,0,1,False,True,-0.9109613101984924,-0.6234320613524857
Female,1,No,16,Yes,No,DSL,59,Yes,0,0,1,0,0,1,False,False,-0.6666391278783103,-0.19138785764540397
Male,1,No,58,Yes,No,DSL,109,Yes,1,0,1,0,0,1,False,True,1.0436161483629645,1.4703206181510644
Male,0,No,10,Yes,No,DSL,95,Yes,1,0,1,0,0,1,False,False,-0.9109613101984924,1.0050422449280532
Male,0,No,3,Yes,No,DSL,90,No,1,0,1,0,0,0,False,True,-1.1960038562387048,0.8388713973484064
Female,0,Yes,69,Yes,No,DSL,20,No,0,1,1,0,0,0,False,True,1.4915401492832983,-1.4875204687666492
Female,0,No,13,No,Yes,Fiber optic,31,No,0,0,0,1,1,0,False,False,-0.7888002190384014,-1.1219446040914263
Female,0,Yes,25,Yes,No,Fiber optic,89,Yes,0,1,1,0,1,1,False,False,-0.30015585439803716,0.805637227832477
Male,1,No,1,Yes,No,Fiber optic,20,Yes,1,0,1,0,1,1,False,False,-1.2774445836787656,-1.4875204687666492
Male,0,No,1,Yes,No,Fiber optic,62,Yes,1,0,1,0,1,1,False,False,-1.2774445836787656,-0.09168534909761586
Male,0,No,68,Yes,No,Fiber optic,102,No,1,0,1,0,1,0,True,False,1.4508197855632678,1.2376814315395588
Male,0,No,1,Yes,Yes,Fiber optic,91,Yes,1,0,1,1,1,1,False,True,-1.2774445836787656,0.8721055668643357
Male,0,No,8,Yes,No,Fiber optic,101,Yes,1,0,1,0,1,1,False,False,-0.9924020376385531,1.2044472620236295
Female,0,No,1,No,No,Fiber optic,25,No,0,0,0,0,1,0,False,True,-1.2774445836787656,-1.3213496211870024
Female,0,No,46,Yes,No,DSL,53,No,0,0,1,0,0,0,True,False,0.5549717837226001,-0.3907928747409802
Male,0,No,45,Yes,Yes,DSL,104,No,1,0,1,1,0,0,False,True,0.5142514200025698,1.3041497705714176
Female,0,No,8,Yes,Yes,Fiber optic,103,Yes,0,0,1,1,1,1,False,False,-0.9924020376385531,1.270915601055488
Male,0,No,5,Yes,Yes,Fiber optic,95,Yes,1,0,1,1,1,1,False,True,-1.1145631287986442,1.0050422449280532
Male,0,No,22,Yes,Yes,DSL,93,No,1,0,1,1,0,0,False,True,-0.4223169455581282,0.9385739058961945
Female,0,No,58,Yes,No,DSL,95,No,0,0,1,0,0,0,False,False,1.0436161483629645,1.0050422449280532
Female,0,No,51,No,No,DSL,50,No,0,0,0,0,0,0,False,True,0.758573602322752,-0.49049538328876824
Male,0,No,39,No,Yes,Fiber optic,49,Yes,1,0,0,1,1,1,False,False,0.26992923768238775,-0.5237295528046976
Female,0,No,26,Yes,Yes,Fiber optic,26,No,0,0,1,1,1,0,True,False,-0.2594354906780068,-1.288115451671073
Male,0,No,53,Yes,Yes,Fiber optic,85,Yes,1,0,1,1,1,1,True,False,0.8400143297628127,0.6727005497687596
Male,0,Yes,1,Yes,No,Fiber optic,80,Yes,1,1,1,0,1,1,False,False,-1.2774445836787656,0.5065297021891128
Female,0,No,1,No,No,DSL,30,Yes,0,0,0,0,0,1,False,False,-1.2774445836787656,-1.1551787736073555
Male,0,Yes,18,Yes,Yes,Fiber optic,86,No,1,1,1,1,1,0,False,True,-0.5851984004382496,0.7059347192846889
Male,0,No,46,Yes,No,DSL,20,No,1,0,1,0,0,0,False,True,0.5549717837226001,-1.4875204687666492
Male,0,No,3,Yes,Yes,DSL,79,Yes,1,0,1,1,0,1,False,True,-1.1960038562387048,0.47329553267318336
Female,0,Yes,12,Yes,No,DSL,45,Yes,0,1,1,0,0,1,False,False,-0.8295205827584317,-0.6566662308684151
Male,0,No,14,No,No,Fiber optic,55,No,1,0,0,0,1,0,False,False,-0.748079855318371,-0.32432453570912145
Male,1,No,5,Yes,Yes,Fiber optic,70,Yes,1,0,1,1,1,1,False,False,-1.1145631287986442,0.17418800702981907
Male,0,Yes,28,Yes,No,Fiber optic,100,No,1,1,1,0,1,0,False,False,-0.1779947632379461,1.1712130925077
Male,1,No,59,Yes,Yes,Fiber optic,94,Yes,1,0,1,1,1,1,False,False,1.0843365120829946,0.9718080754121239
Male,0,No,10,Yes,No,DSL,45,Yes,1,0,1,0,0,1,True,False,-0.9109613101984924,-0.6566662308684151
Female,0,No,21,Yes,No,DSL,81,No,0,0,1,0,0,0,False,False,-0.46303730927815856,0.5397638717050421
Female,1,No,5,No,No,DSL,46,Yes,0,0,0,0,0,1,True,False,-1.1145631287986442,-0.6234320613524857
Female,0,Yes,10,Yes,No,DSL,26,No,0,1,1,0,0,0,False,False,-0.9109613101984924,-1.288115451671073
Male,1,No,5,Yes,Yes,Fiber optic,71,No,1,0,1,1,1,0,False,False,-1.1145631287986442,0.20742217654574843
Male,0,No,9,Yes,Yes,Fiber optic,80,Yes,1,0,1,1,1,1,False,False,-0.9516816739185228,0.5065297021891128
Female,0,No,11,Yes,Yes,Fiber optic,98,Yes,0,0,1,1,1,1,False,False,-0.8702409464784621,1.1047447534758412
Male,0,No,47,Yes,No,Fiber optic,74,No,1,0,1,0,1,0,False,False,0.5956921474426305,0.3071246850935365
Male,0,No,3,No,Yes,Fiber optic,41,No,1,0,0,1,1,0,False,False,-1.1960038562387048,-0.7896029089321326
Male,0,No,1,Yes,No,DSL,76,Yes,1,0,1,0,0,1,False,False,-1.2774445836787656,0.37359302412539525
Male,0,Yes,23,No,Yes,Fiber optic,41,No,1,1,0,1,1,0,False,False,-0.38159658183809786,-0.7896029089321326
Female,1,No,16,Yes,Yes,Fiber optic,94,Yes,0,0,1,1,1,1,False,False,-0.6666391278783103,0.9718080754121239
Male,0,No,27,Yes,No,DSL,82,No,1,0,1,0,0,0,False,False,-0.21871512695797646,0.5729980412209714
Male,0,Yes,68,Yes,No,DSL,26,No,1,1,1,0,0,0,False,False,1.4508197855632678,-1.288115451671073
Female,0,No,2,No,Yes,DSL,51,No,0,0,0,1,0,0,True,False,-1.2367242199587352,-0.4572612137728389
Male,0,Yes,5,Yes,Yes,DSL,20,No,1,1,1,1,0,0,True,False,-1.1145631287986442,-1.4875204687666492
Male,1,No,67,Yes,Yes,Fiber optic,76,No,1,0,1,1,1,0,False,False,1.4100994218432374,0.37359302412539525
Female,0,No,52,Yes,No,DSL,58,No,0,0,1,0,0,0,False,False,0.7992939660427822,-0.22462202716133334
Male,0,No,29,Yes,Yes,Fiber optic,86,No,1,0,1,1,1,0,False,True,-0.13727439951791576,0.7059347192846889
Female,0,No,1,Yes,No,Fiber optic,70,No,0,0,1,0,1,0,False,False,-1.2774445836787656,0.17418800702981907
Female,0,No,4,Yes,Yes,Fiber optic,70,Yes,0,0,1,1,1,1,False,True,-1.1552834925186746,0.17418800702981907
Female,0,No,69,Yes,No,Fiber optic,85,No,0,0,1,0,1,0,False,False,1.4915401492832983,0.6727005497687596
Female,0,No,16,No,Yes,DSL,39,No,0,0,0,1,0,0,False,True,-0.6666391278783103,-0.8560712479639913
Male,0,No,24,Yes,No,DSL,93,No,1,0,1,0,0,0,False,True,-0.3408762181180675,0.9385739058961945
Female,0,No,42,Yes,No,Fiber optic,104,No,0,0,1,0,1,0,False,False,0.3920903288424788,1.3041497705714176
Female,0,No,60,No,Yes,Fiber optic,51,Yes,0,0,0,1,1,1,False,False,1.125056875803025,-0.4572612137728389
Male,0,Yes,10,Yes,No,DSL,95,Yes,1,1,1,0,0,1,False,False,-0.9109613101984924,1.0050422449280532
Female,0,No,9,Yes,Yes,DSL,60,No,0,0,1,1,0,0,False,False,-0.9516816739185228,-0.15815368812947458
Female,0,No,24,Yes,No,DSL,69,No,0,0,1,0,0,0,False,False,-0.3408762181180675,0.1409538375138897
Male,0,No,18,Yes,No,Fiber optic,20,No,1,0,1,0,1,0,False,False,-0.5851984004382496,-1.4875204687666492
Female,0,Yes,72,Yes,No,DSL,116,No,0,1,1,0,0,0,True,False,1.6137012404433893,1.7029598047625698
Female,0,Yes,64,Yes,Yes,DSL,87,No,0,1,1,1,0,0,False,True,1.2879383306831464,0.7391688888006183
Male,0,No,2,Yes,No,DSL,19,No,1,0,1,0,0,0,False,True,-1.2367242199587352,-1.5207546382825785
Male,0,No,68,Yes,No,DSL,91,No,1,0,1,0,0,0,True,False,1.4508197855632678,0.8721055668643357
Female,0,Yes,1,Yes,Yes,DSL,102,Yes,0,1,1,1,0,1,False,True,-1.2774445836787656,1.2376814315395588
Female,0,No,59,Yes,Yes,DSL,20,No,0,0,1,1,0,0,True,False,1.0843365120829946,-1.4875204687666492
Male,0,No,50,Yes,Yes,Fiber optic,98,No,1,0,1,1,1,0,False,True,0.7178532386027215,1.1047447534758412
Female,0,Yes,72,Yes,No,Fiber optic,110,No,0,1,1,0,1,0,False,True,1.6137012404433893,1.5035547876669937
Female,0,No,57,Yes,No,DSL,95,No,0,0,1,0,0,0,False,True,1.002895784642934,1.0050422449280532
Female,1,No,18,Yes,Yes,Fiber optic,20,No,0,0,1,1,1,0,False,True,-0.5851984004382496,-1.4875204687666492
Female,0,No,62,Yes,No,DSL,115,No,0,0,1,0,0,0,False,False,1.2064976032430856,1.6697256352466405
Male,0,No,24,Yes,No,DSL,20,No,1,0,1,0,0,0,False,False,-0.3408762181180675,-1.4875204687666492
Male,0,Yes,37,No,No,Fiber optic,40,Yes,1,1,0,0,1,1,False,False,0.18848851024232702,-0.8228370784480619
Female,0,Yes,5,Yes,No,DSL,86,Yes,0,1,1,0,0,1,False,False,-1.1145631287986442,0.7059347192846889
Female,0,No,3,Yes,No,DSL,70,Yes,0,0,1,0,0,1,True,False,-1.1960038562387048,0.17418800702981907
Male,0,No,29,Yes,No,DSL,75,No,1,0,1,0,0,0,False,True,-0.13727439951791576,0.3403588546094659
Female,0,No,31,Yes,No,DSL,49,No,0,0,1,0,0,0,False,False,-0.055833672077855064,-0.5237295528046976
Male,0,Yes,24,Yes,Yes,DSL,21,No,1,1,1,1,0,0,False,False,-0.3408762181180675,-1.45428629925072
Female,0,No,18,Yes,Yes,Fiber optic,75,No,0,0,1,1,1,0,False,False,-0.5851984004382496,0.3403588546094659
Female,0,Yes,17,Yes,No,Fiber optic,92,Yes,0,1,1,0,1,1,False,False,-0.62591876415828,0.9053397363802651
Female,0,No,69,Yes,No,DSL,67,No,0,0,1,0,0,0,False,False,1.4915401492832983,0.07448549848203097
Female,0,Yes,48,Yes,Yes,Fiber optic,20,No,0,1,1,1,1,0,False,False,0.6364125111626608,-1.4875204687666492
Male,0,Yes,54,Yes,No,DSL,20,No,1,1,1,0,0,0,False,False,0.880734693482843,-1.4875204687666492
Female,0,No,13,Yes,No,DSL,79,No,0,0,1,0,0,0,True,False,-0.7888002190384014,0.47329553267318336
Female,1,Yes,22,Yes,Yes,Fiber optic,85,No,0,1,1,1,1,0,False,False,-0.4223169455581282,0.6727005497687596
Male,0,No,18,No,No,Fiber optic,25,No,1,0,0,0,1,0,False,False,-0.5851984004382496,-1.3213496211870024
Female,0,No,16,Yes,No,DSL,91,No,0,0,1,0,0,0,False,False,-0.6666391278783103,0.8721055668643357
Male,0,No,5,Yes,Yes,Fiber optic,81,Yes,1,0,1,1,1,1,False,False,-1.1145631287986442,0.5397638717050421
Female,0,No,53,Yes,No,Fiber optic,20,No,0,0,1,0,1,0,False,False,0.8400143297628127,-1.4875204687666492
Male,1,No,44,Yes,No,DSL,74,No,1,0,1,0,0,0,True,False,0.47353105628253944,0.3071246850935365
Male,0,No,44,Yes,Yes,DSL,101,Yes,1,0,1,1,0,1,False,False,0.47353105628253944,1.2044472620236295
Female,0,No,70,Yes,Yes,Fiber optic,90,No,0,0,1,1,1,0,False,False,1.5322605130033284,0.8388713973484064
Female,0,No,6,Yes,No,DSL,105,Yes,0,0,1,0,0,1,False,True,-1.0738427650786138,1.3373839400873468
Female,0,No,33,Yes,Yes,DSL,51,No,0,0,1,1,0,0,False,True,0.025607055362205634,-0.4572612137728389
Female,0,No,11,Yes,Yes,DSL,20,No,0,0,1,1,0,0,True,False,-0.8702409464784621,-1.4875204687666492
Female,0,Yes,72,Yes,Yes,Fiber optic,24,No,0,1,1,1,1,0,False,False,1.6137012404433893,-1.3545837907029317
Female,0,No,9,Yes,No,DSL,80,No,0,0,1,0,0,0,False,True,-0.9516816739185228,0.5065297021891128
Male,1,No,63,No,No,DSL,36,No,1,0,0,0,0,0,False,False,1.247217966963116,-0.9557737565117794
Female,0,Yes,3,Yes,No,DSL,21,No,0,1,1,0,0,0,True,False,-1.1960038562387048,-1.45428629925072
Male,0,No,66,Yes,Yes,DSL,106,No,1,0,1,1,0,0,False,True,1.369379058123207,1.3706181096032763
Female,0,No,66,No,No,DSL,62,No,0,0,0,0,0,0,False,False,1.369379058123207,-0.09168534909761586
Female,0,No,1,Yes,No,DSL,71,No,0,0,1,0,0,0,True,False,-1.2774445836787656,0.20742217654574843
Female,0,No,30,Yes,No,DSL,94,No,0,0,1,0,0,0,False,False,-0.0965540357978854,0.9718080754121239
Male,0,No,13,Yes,No,DSL,70,No,1,0,1,0,0,0,False,False,-0.7888002190384014,0.17418800702981907
Female,0,Yes,72,Yes,Yes,DSL,80,No,0,1,1,1,0,0,False,True,1.6137012404433893,0.5065297021891128
Female,0,Yes,8,Yes,No,DSL,56,No,0,1,1,0,0,0,False,False,-0.9924020376385531,-0.29109036619319206
Male,0,Yes,28,Yes,Yes,DSL,106,Yes,1,1,1,1,0,1,False,True,-0.1779947632379461,1.3706181096032763
Female,0,No,65,Yes,Yes,Fiber optic,105,No,0,0,1,1,1,0,False,False,1.3286586944031769,1.3373839400873468
Female,1,No,11,Yes,No,DSL,83,No,0,0,1,0,0,0,False,False,-0.8702409464784621,0.6062322107369008
Female,0,No,26,Yes,No,DSL,19,No,0,0,1,0,0,0,False,False,-0.2594354906780068,-1.5207546382825785
Male,1,No,59,No,Yes,DSL,50,No,1,0,0,1,0,0,True,False,1.0843365120829946,-0.49049538328876824
Male,0,Yes,67,Yes,No,Fiber optic,19,No,1,1,1,0,1,0,False,False,1.4100994218432374,-1.5207546382825785
Female,0,No,71,Yes,No,Fiber optic,20,No,0,0,1,0,1,0,False,False,1.5729808767233588,-1.4875204687666492
Male,1,No,57,Yes,No,DSL,71,No,1,0,1,0,0,0,False,True,1.002895784642934,0.20742217654574843
Female,0,No,71,No,Yes,Fiber optic,47,No,0,0,0,1,1,0,False,True,1.5729808767233588,-0.5901978918365564
Male,0,No,57,Yes,Yes,Fiber optic,21,No,1,0,1,1,1,0,False,False,1.002895784642934,-1.45428629925072
Male,0,Yes,72,Yes,No,Fiber optic,26,No,1,1,1,0,1,0,False,False,1.6137012404433893,-1.288115451671073
Male,0,No,1,Yes,No,DSL,75,No,1,0,1,0,0,0,True,False,-1.2774445836787656,0.3403588546094659
Male,1,No,15,Yes,No,DSL,96,No,1,0,1,0,0,0,True,False,-0.7073594915983407,1.0382764144439827
Female,0,No,4,Yes,Yes,Fiber optic,80,No,0,0,1,1,1,0,True,False,-1.1552834925186746,0.5065297021891128
Female,0,No,23,No,No,DSL,45,No,0,0,0,0,0,0,False,True,-0.38159658183809786,-0.6566662308684151
Male,1,No,71,Yes,Yes,Fiber optic,107,No,1,0,1,1,1,0,False,True,1.5729808767233588,1.4038522791192056
Female,0,Yes,45,Yes,No,DSL,81,No,0,1,1,0,0,0,False,False,0.5142514200025698,0.5397638717050421
Male,0,No,64,Yes,No,DSL,108,No,1,0,1,0,0,0,False,False,1.2879383306831464,1.437086448635135
Male,0,No,20,Yes,No,DSL,59,No,1,0,1,0,0,0,False,False,-0.5037576729981889,-0.19138785764540397
Female,0,No,31,Yes,No,DSL,80,Yes,0,0,1,0,0,1,False,False,-0.055833672077855064,0.5065297021891128
Male,1,No,3,Yes,No,DSL,95,No,1,0,1,0,0,0,True,False,-1.1960038562387048,1.0050422449280532
Male,0,No,20,Yes,Yes,Fiber optic,21,No,1,0,1,1,1,0,True,False,-0.5037576729981889,-1.45428629925072
Male,0,Yes,57,Yes,No,Fiber optic,98,No,1,1,1,0,1,0,False,False,1.002895784642934,1.1047447534758412
Male,1,No,8,No,No,DSL,29,Yes,1,0,0,0,0,1,False,False,-0.9924020376385531,-1.188412943123285
Male,0,Yes,33,Yes,No,DSL,19,No,1,1,1,0,0,0,False,False,0.025607055362205634,-1.5207546382825785
Female,0,Yes,67,No,No,Fiber optic,54,No,0,1,0,0,1,0,False,False,1.4100994218432374,-0.3575587052250508
Female,0,Yes,71,Yes,Yes,DSL,82,No,0,1,1,1,0,0,False,True,1.5729808767233588,0.5729980412209714
Male,0,No,59,Yes,Yes,DSL,65,No,1,0,1,1,0,0,False,False,1.0843365120829946,0.008017159450172232
Male,0,No,1,Yes,Yes,Fiber optic,20,No,1,0,1,1,1,0,False,True,-1.2774445836787656,-1.4875204687666492
Female,0,No,57,Yes,Yes,Fiber optic,75,No,0,0,1,1,1,0,True,False,1.002895784642934,0.3403588546094659
Female,0,Yes,1,Yes,Yes,Fiber optic,59,Yes,0,1,1,1,1,1,False,False,-1.2774445836787656,-0.19138785764540397
Male,0,No,9,Yes,Yes,DSL,99,No,1,0,1,1,0,0,False,True,-0.9516816739185228,1.1379789229917707
Female,0,No,4,Yes,No,DSL,20,No,0,0,1,0,0,0,True,False,-1.1552834925186746,-1.4875204687666492
Male,0,No,72,Yes,Yes,DSL,89,No,1,0,1,1,0,0,True,False,1.6137012404433893,0.805637227832477
Female,0,Yes,62,Yes,Yes,DSL,106,No,0,1,1,1,0,0,False,True,1.2064976032430856,1.3706181096032763
Female,0,No,5,Yes,No,DSL,80,No,0,0,1,0,0,0,True,False,-1.1145631287986442,0.5065297021891128
Male,0,No,22,Yes,Yes,Fiber optic,95,No,1,0,1,1,1,0,False,False,-0.4223169455581282,1.0050422449280532
Male,0,Yes,35,Yes,No,DSL,25,No,1,1,1,0,0,0,False,False,0.10704778280226633,-1.3213496211870024
Male,0,No,12,Yes,Yes,Fiber optic,80,No,1,0,1,1,1,0,False,False,-0.8295205827584317,0.5065297021891128
Female,0,Yes,28,Yes,No,Fiber optic,20,No,0,1,1,0,1,0,False,False,-0.1779947632379461,-1.4875204687666492
Male,0,No,1,Yes,No,DSL,20,No,1,0,1,0,0,0,False,False,-1.2774445836787656,-1.4875204687666492
Male,0,No,67,Yes,Yes,Fiber optic,104,Yes,1,0,1,1,1,1,False,False,1.4100994218432374,1.3041497705714176
Male,0,Yes,72,Yes,No,Fiber optic,98,No,1,1,1,0,1,0,False,False,1.6137012404433893,1.1047447534758412
Male,0,No,38,Yes,Yes,Fiber optic,111,No,1,0,1,1,1,0,True,False,0.22920887396235737,1.536788957182923
Male,0,No,14,Yes,No,DSL,49,No,1,0,1,0,0,0,False,False,-0.748079855318371,-0.5237295528046976
Male,0,No,47,Yes,No,DSL,87,No,1,0,1,0,0,0,False,False,0.5956921474426305,0.7391688888006183
Male,0,Yes,63,Yes,Yes,DSL,25,No,1,1,1,1,0,0,False,True,1.247217966963116,-1.3213496211870024
Female,0,No,37,No,Yes,DSL,29,Yes,0,0,0,1,0,1,True,False,0.18848851024232702,-1.188412943123285
Female,1,No,1,Yes,No,DSL,74,Yes,0,0,1,0,0,1,False,True,-1.2774445836787656,0.3071246850935365
Female,0,No,37,Yes,Yes,DSL,20,No,0,0,1,1,0,0,False,False,0.18848851024232702,-1.4875204687666492
Male,0,No,9,No,Yes,Fiber optic,41,Yes,1,0,0,1,1,1,True,False,-0.9516816739185228,-0.7896029089321326
Male,0,No,60,Yes,No,DSL,60,No,1,0,1,0,0,0,False,False,1.125056875803025,-0.15815368812947458
Female,0,No,57,Yes,No,DSL,88,No,0,0,1,0,0,0,False,True,1.002895784642934,0.7724030583165477
Female,0,Yes,41,Yes,Yes,Fiber optic,45,No,0,1,1,1,1,0,False,False,0.35136996512244845,-0.6566662308684151
Female,0,Yes,50,Yes,No,DSL,71,No,0,1,1,0,0,0,False,False,0.7178532386027215,0.20742217654574843
Male,0,No,4,Yes,No,DSL,51,No,1,0,1,0,0,0,False,False,-1.1552834925186746,-0.4572612137728389
Male,0,Yes,9,Yes,No,Fiber optic,79,Yes,1,1,1,0,1,1,False,False,-0.9516816739185228,0.47329553267318336
Male,0,No,36,Yes,Yes,DSL,95,No,1,0,1,1,0,0,True,False,0.14776814652229667,1.0050422449280532
Female,1,No,2,No,Yes,DSL,24,Yes,0,0,0,1,0,1,True,False,-1.2367242199587352,-1.3545837907029317
Male,0,Yes,65,Yes,No,DSL,95,No,1,1,1,0,0,0,True,False,1.3286586944031769,1.0050422449280532
Female,0,No,36,Yes,Yes,Fiber optic,86,No,0,0,1,1,1,0,False,False,0.14776814652229667,0.7059347192846889
Female,0,No,5,Yes,Yes,Fiber optic,20,No,0,0,1,1,1,0,False,False,-1.1145631287986442,-1.4875204687666492
Male,1,No,71,Yes,Yes,Fiber optic,108,No,1,0,1,1,1,0,False,False,1.5729808767233588,1.437086448635135
Male,0,Yes,3,Yes,No,DSL,26,No,1,1,1,0,0,0,False,True,-1.1960038562387048,-1.288115451671073
Female,0,No,55,Yes,No,DSL,20,No,0,0,1,0,0,0,False,True,0.9214550572028734,-1.4875204687666492
Male,0,No,5,Yes,No,DSL,47,Yes,1,0,1,0,0,1,False,False,-1.1145631287986442,-0.5901978918365564
Male,0,No,1,Yes,No,DSL,54,Yes,1,0,1,0,0,1,True,False,-1.2774445836787656,-0.3575587052250508
Male,0,Yes,68,Yes,No,DSL,80,No,1,1,1,0,0,0,False,False,1.4508197855632678,0.5065297021891128
Female,0,No,38,Yes,No,DSL,84,Yes,0,0,1,0,0,1,True,False,0.22920887396235737,0.6394663802528302
Female,1,No,16,Yes,No,DSL,54,No,0,0,1,0,0,0,True,False,-0.6666391278783103,-0.3575587052250508
Female,0,No,67,Yes,No,Fiber optic,72,No,0,0,1,0,1,0,False,False,1.4100994218432374,0.2406563460616778
Male,0,No,72,Yes,No,DSL,117,No,1,0,1,0,0,0,False,True,1.6137012404433893,1.7361939742784993
Female,0,No,21,Yes,No,DSL,69,No,0,0,1,0,0,0,False,False,-0.46303730927815856,0.1409538375138897
Male,0,No,4,Yes,No,Fiber optic,19,No,1,0,1,0,1,0,False,False,-1.1552834925186746,-1.5207546382825785
Female,0,No,3,No,No,DSL,29,No,0,0,0,0,0,0,True,False,-1.1960038562387048,-1.188412943123285
Male,0,Yes,69,Yes,Yes,Fiber optic,99,No,1,1,1,1,1,0,False,False,1.4915401492832983,1.1379789229917707
Male,1,No,2,Yes,Yes,Fiber optic,94,Yes,1,0,1,1,1,1,False,False,-1.2367242199587352,0.9718080754121239
Male,0,Yes,70,Yes,No,DSL,98,Yes,1,1,1,0,0,1,False,False,1.5322605130033284,1.1047447534758412
Female,0,Yes,1,Yes,No,DSL,21,Yes,0,1,1,0,0,1,False,False,-1.2774445836787656,-1.45428629925072
Male,0,No,2,Yes,Yes,Fiber optic,20,No,1,0,1,1,1,0,False,False,-1.2367242199587352,-1.4875204687666492
Male,0,Yes,11,Yes,No,DSL,91,No,1,1,1,0,0,0,False,False,-0.8702409464784621,0.8721055668643357
Female,0,No,13,Yes,No,DSL,97,Yes,0,0,1,0,0,1,False,True,-0.7888002190384014,1.071510583959912
Male,0,Yes,60,Yes,Yes,Fiber optic,20,No,1,1,1,1,1,0,False,True,1.125056875803025,-1.4875204687666492
Male,1,No,20,Yes,No,Fiber optic,74,Yes,1,0,1,0,1,1,True,False,-0.5037576729981889,0.3071246850935365
Male,0,No,37,No,Yes,DSL,36,No,1,0,0,1,0,0,False,True,0.18848851024232702,-0.9557737565117794
Male,0,No,30,Yes,No,DSL,21,No,1,0,1,0,0,0,False,False,-0.0965540357978854,-1.45428629925072
Male,0,Yes,60,Yes,Yes,Fiber optic,104,No,1,1,1,1,1,0,False,True,1.125056875803025,1.3041497705714176
Female,0,No,35,Yes,Yes,Fiber optic,70,Yes,0,0,1,1,1,1,False,True,0.10704778280226633,0.17418800702981907
Male,1,No,50,Yes,Yes,Fiber optic,96,Yes,1,0,1,1,1,1,False,False,0.7178532386027215,1.0382764144439827
Female,0,No,71,Yes,No,DSL,96,No,0,0,1,0,0,0,False,False,1.5729808767233588,1.0382764144439827
Female,1,No,8,Yes,Yes,Fiber optic,74,No,0,0,1,1,1,0,False,False,-0.9924020376385531,0.3071246850935365
Female,0,No,38,Yes,No,Fiber optic,24,No,0,0,1,0,1,0,True,False,0.22920887396235737,-1.3545837907029317
Male,0,No,72,Yes,Yes,Fiber optic,20,No,1,0,1,1,1,0,True,False,1.6137012404433893,-1.4875204687666492
Female,1,No,42,Yes,No,DSL,96,No,0,0,1,0,0,0,True,False,0.3920903288424788,1.0382764144439827
Female,0,Yes,57,Yes,Yes,Fiber optic,95,No,0,1,1,1,1,0,False,False,1.002895784642934,1.0050422449280532
Female,0,No,60,Yes,Yes,DSL,111,No,0,0,1,1,0,0,False,True,1.125056875803025,1.536788957182923
Male,0,Yes,71,Yes,No,DSL,25,No,1,1,1,0,0,0,False,False,1.5729808767233588,-1.3213496211870024
Male,0,No,11,Yes,No,DSL,23,Yes,1,0,1,0,0,1,True,False,-0.8702409464784621,-1.3878179602188612
Male,0,No,40,Yes,No,Fiber optic,51,No,1,0,1,0,1,0,False,False,0.3106496014024181,-0.4572612137728389
Female,0,No,42,Yes,No,DSL,84,No,0,0,1,0,0,0,False,True,0.3920903288424788,0.6394663802528302
Female,0,No,1,Yes,No,DSL,44,Yes,0,0,1,0,0,1,False,False,-1.2774445836787656,-0.6899004003843444
Male,0,Yes,47,Yes,No,DSL,90,No,1,1,1,0,0,0,False,False,0.5956921474426305,0.8388713973484064
Male,0,Yes,50,Yes,No,DSL,76,No,1,1,1,0,0,0,False,False,0.7178532386027215,0.37359302412539525
Male,0,Yes,10,No,No,DSL,54,No,1,1,0,0,0,0,False,False,-0.9109613101984924,-0.3575587052250508
Male,0,No,72,Yes,Yes,Fiber optic,85,No,1,0,1,1,1,0,True,False,1.6137012404433893,0.6727005497687596
Male,0,No,72,Yes,No,DSL,99,No,1,0,1,0,0,0,True,False,1.6137012404433893,1.1379789229917707
Male,0,No,60,Yes,Yes,DSL,90,No,1,0,1,1,0,0,False,True,1.125056875803025,0.8388713973484064
Female,0,No,3,Yes,No,Fiber optic,75,Yes,0,0,1,0,1,1,False,False,-1.1960038562387048,0.3403588546094659
Male,0,No,2,Yes,No,DSL,80,Yes,1,0,1,0,0,1,True,False,-1.2367242199587352,0.5065297021891128
Female,0,Yes,1,Yes,No,DSL,80,Yes,0,1,1,0,0,1,False,False,-1.2774445836787656,0.5065297021891128
Female,0,No,11,Yes,Yes,Fiber optic,89,No,0,0,1,1,1,0,False,False,-0.8702409464784621,0.805637227832477
Female,0,Yes,49,Yes,No,Fiber optic,98,No,0,1,1,0,1,0,False,False,0.6771328748826912,1.1047447534758412
Female,1,No,70,Yes,Yes,Fiber optic,114,No,0,0,1,1,1,0,True,False,1.5322605130033284,1.6364914657307112
Female,1,No,2,Yes,No,DSL,71,Yes,0,0,1,0,0,1,False,False,-1.2367242199587352,0.20742217654574843
Male,1,No,16,Yes,No,DSL,99,Yes,1,0,1,0,0,1,False,False,-0.6666391278783103,1.1379789229917707
Male,0,No,10,Yes,No,Fiber optic,100,Yes,1,0,1,0,1,1,False,False,-0.9109613101984924,1.1712130925077
Female,0,Yes,56,Yes,No,Fiber optic,69,No,0,1,1,0,1,0,False,False,0.9621754209229036,0.1409538375138897
Female,0,No,48,Yes,No,DSL,104,No,0,0,1,0,0,0,False,False,0.6364125111626608,1.3041497705714176
Male,1,No,72,Yes,Yes,DSL,25,No,1,0,1,1,0,0,False,False,1.6137012404433893,-1.3213496211870024
Female,0,No,1,Yes,No,DSL,21,Yes,0,0,1,0,0,1,False,False,-1.2774445836787656,-1.45428629925072
Female,0,No,29,Yes,No,Fiber optic,20,No,0,0,1,0,1,0,False,False,-0.13727439951791576,-1.4875204687666492
Male,0,No,25,Yes,No,Fiber optic,25,Yes,1,0,1,0,1,1,False,False,-0.30015585439803716,-1.3213496211870024
Female,0,No,68,Yes,No,Fiber optic,54,No,0,0,1,0,1,0,False,False,1.4508197855632678,-0.3575587052250508
Male,0,No,2,Yes,No,Fiber optic,70,No,1,0,1,0,1,0,False,False,-1.2367242199587352,0.17418800702981907
Female,0,Yes,42,Yes,No,DSL,78,Yes,0,1,1,0,0,1,False,False,0.3920903288424788,0.44006136315725397
Female,0,Yes,6,Yes,No,DSL,20,No,0,1,1,0,0,0,False,False,-1.0738427650786138,-1.4875204687666492
Male,0,No,18,Yes,No,Fiber optic,101,No,1,0,1,0,1,0,False,False,-0.5851984004382496,1.2044472620236295
Male,0,No,10,Yes,No,Fiber optic,70,Yes,1,0,1,0,1,1,True,False,-0.9109613101984924,0.17418800702981907
Male,0,No,72,Yes,Yes,DSL,104,No,1,0,1,1,0,0,False,False,1.6137012404433893,1.3041497705714176
Male,0,Yes,63,Yes,No,Fiber optic,105,No,1,1,1,0,1,0,False,False,1.247217966963116,1.3373839400873468
Female,0,No,27,Yes,No,DSL,78,No,0,0,1,0,0,0,True,False,-0.21871512695797646,0.44006136315725397
Female,0,Yes,35,Yes,No,DSL,25,No,0,1,1,0,0,0,False,False,0.10704778280226633,-1.3213496211870024
Female,0,No,18,Yes,No,DSL,90,Yes,0,0,1,0,0,1,False,False,-0.5851984004382496,0.8388713973484064
Male,0,No,11,Yes,No,DSL,74,Yes,1,0,1,0,0,1,False,False,-0.8702409464784621,0.3071246850935365
Male,0,Yes,44,Yes,Yes,Fiber optic,21,No,1,1,1,1,1,0,False,False,0.47353105628253944,-1.45428629925072
Female,0,Yes,19,Yes,No,DSL,61,No,0,1,1,0,0,0,False,True,-0.5444780367182193,-0.12491951861354524
Female,0,Yes,72,Yes,No,DSL,93,No,0,1,1,0,0,0,True,False,1.6137012404433893,0.9385739058961945
Female,0,No,18,Yes,Yes,DSL,50,No,0,0,1,1,0,0,False,False,-0.5851984004382496,-0.49049538328876824
Female,1,No,18,Yes,Yes,Fiber optic,50,No,0,0,1,1,1,0,False,False,-0.5851984004382496,-0.49049538328876824
Female,0,No,71,No,No,Fiber optic,61,No,0,0,0,0,1,0,False,False,1.5729808767233588,-0.12491951861354524
Female,0,No,30,Yes,No,DSL,55,No,0,0,1,0,0,0,True,False,-0.0965540357978854,-0.32432453570912145
Male,0,Yes,28,No,No,DSL,60,No,1,1,0,0,0,0,False,False,-0.1779947632379461,-0.15815368812947458
Female,0,No,37,Yes,No,DSL,79,Yes,0,0,1,0,0,1,False,True,0.18848851024232702,0.47329553267318336
Male,0,Yes,18,Yes,No,DSL,20,No,1,1,1,0,0,0,True,False,-0.5851984004382496,-1.4875204687666492
Female,0,Yes,31,Yes,No,DSL,81,No,0,1,1,0,0,0,True,False,-0.055833672077855064,0.5397638717050421
Male,0,No,5,Yes,Yes,Fiber optic,56,No,1,0,1,1,1,0,True,False,-1.1145631287986442,-0.29109036619319206
Male,1,No,30,Yes,No,DSL,78,No,1,0,1,0,0,0,False,True,-0.0965540357978854,0.44006136315725397
Female,0,No,49,Yes,No,Fiber optic,72,No,0,0,1,0,1,0,False,False,0.6771328748826912,0.2406563460616778
Male,0,No,12,Yes,No,DSL,45,Yes,1,0,1,0,0,1,True,False,-0.8295205827584317,-0.6566662308684151
Female,0,No,1,Yes,No,DSL,78,Yes,0,0,1,0,0,1,True,False,-1.2774445836787656,0.44006136315725397
Female,0,Yes,4,Yes,No,Fiber optic,90,Yes,0,1,1,0,1,1,False,False,-1.1552834925186746,0.8388713973484064
Male,0,No,3,Yes,Yes,DSL,21,Yes,1,0,1,1,0,1,False,True,-1.1960038562387048,-1.45428629925072
Female,0,No,3,Yes,No,DSL,79,Yes,0,0,1,0,0,1,False,True,-1.1960038562387048,0.47329553267318336
Male,0,No,37,Yes,No,Fiber optic,66,No,1,0,1,0,1,0,False,False,0.18848851024232702,0.0412513289661016
Female,0,Yes,23,Yes,No,DSL,66,No,0,1,1,0,0,0,False,True,-0.38159658183809786,0.0412513289661016
Female,0,No,23,Yes,No,DSL,79,No,0,0,1,0,0,0,False,False,-0.38159658183809786,0.47329553267318336
Female,1,No,45,Yes,Yes,DSL,100,No,0,0,1,1,0,0,False,True,0.5142514200025698,1.1712130925077
Male,0,Yes,22,Yes,No,Fiber optic,20,No,1,1,1,0,1,0,False,True,-0.4223169455581282,-1.4875204687666492
Male,0,No,24,Yes,No,DSL,100,No,1,0,1,0,0,0,False,False,-0.3408762181180675,1.1712130925077
Male,0,No,48,Yes,Yes,DSL,20,No,1,0,1,1,0,0,False,True,0.6364125111626608,-1.4875204687666492
Male,0,Yes,3,Yes,No,DSL,56,Yes,1,1,1,0,0,1,False,False,-1.1960038562387048,-0.29109036619319206
Female,1,No,8,Yes,No,DSL,87,No,0,0,1,0,0,0,False,True,-0.9924020376385531,0.7391688888006183
Male,0,No,44,No,No,Fiber optic,54,Yes,1,0,0,0,1,1,False,False,0.47353105628253944,-0.3575587052250508
Female,0,No,56,Yes,No,DSL,91,No,0,0,1,0,0,0,False,False,0.9621754209229036,0.8721055668643357
Male,0,No,1,Yes,No,DSL,21,No,1,0,1,0,0,0,False,False,-1.2774445836787656,-1.45428629925072
Male,0,Yes,53,Yes,No,DSL,93,No,1,1,1,0,0,0,False,True,0.8400143297628127,0.9385739058961945
Male,0,Yes,59,Yes,No,DSL,19,No,1,1,1,0,0,0,False,False,1.0843365120829946,-1.5207546382825785
Female,0,No,15,Yes,No,DSL,49,No,0,0,1,0,0,0,False,True,-0.7073594915983407,-0.5237295528046976
Female,1,No,49,Yes,No,DSL,90,No,0,0,1,0,0,0,False,True,0.6771328748826912,0.8388713973484064
Female,0,No,39,No,No,DSL,56,Yes,0,0,0,0,0,1,False,False,0.26992923768238775,-0.29109036619319206
Female,1,No,44,Yes,No,Fiber optic,89,No,0,0,1,0,1,0,False,False,0.47353105628253944,0.805637227832477
Male,0,No,3,Yes,No,DSL,53,Yes,1,0,1,0,0,1,True,False,-1.1960038562387048,-0.3907928747409802
Male,1,No,16,Yes,No,DSL,74,Yes,1,0,1,0,0,1,True,False,-0.6666391278783103,0.3071246850935365
Male,0,No,5,Yes,Yes,Fiber optic,66,No,1,0,1,1,1,0,True,False,-1.1145631287986442,0.0412513289661016
Female,0,No,37,Yes,Yes,DSL,100,No,0,0,1,1,0,0,False,True,0.18848851024232702,1.1712130925077
Female,0,No,9,Yes,Yes,Fiber optic,51,No,0,0,1,1,1,0,False,False,-0.9516816739185228,-0.4572612137728389
Female,0,Yes,35,Yes,Yes,DSL,20,No,0,1,1,1,0,0,False,True,0.10704778280226633,-1.4875204687666492
Female,0,No,7,Yes,No,DSL,86,Yes,0,0,1,0,0,1,False,False,-1.0331224013585834,0.7059347192846889
Female,0,No,1,Yes,Yes,DSL,20,Yes,0,0,1,1,0,1,False,True,-1.2774445836787656,-1.4875204687666492
Female,0,No,29,No,No,DSL,25,Yes,0,0,0,0,0,1,True,False,-0.13727439951791576,-1.3213496211870024
Female,0,Yes,51,Yes,Yes,Fiber optic,95,No,0,1,1,1,1,0,False,True,0.758573602322752,1.0050422449280532
Male,0,No,58,Yes,No,DSL,70,No,1,0,1,0,0,0,False,False,1.0436161483629645,0.17418800702981907
Female,0,No,72,Yes,No,DSL,108,No,0,0,1,0,0,0,False,False,1.6137012404433893,1.437086448635135
Male,0,Yes,4,No,Yes,DSL,39,No,1,1,0,1,0,0,True,False,-1.1552834925186746,-0.8560712479639913
Female,0,Yes,64,Yes,Yes,Fiber optic,111,No,0,1,1,1,1,0,False,False,1.2879383306831464,1.536788957182923
Male,1,No,68,Yes,No,DSL,80,No,1,0,1,0,0,0,True,False,1.4508197855632678,0.5065297021891128
Female,1,Yes,62,Yes,No,DSL,96,No,0,1,1,0,0,0,True,False,1.2064976032430856,1.0382764144439827
Male,0,Yes,37,Yes,No,Fiber optic,93,No,1,1,1,0,1,0,False,False,0.18848851024232702,0.9385739058961945
Female,0,No,43,Yes,No,DSL,20,No,0,0,1,0,0,0,True,False,0.43281069256250915,-1.4875204687666492
Female,0,Yes,65,Yes,Yes,Fiber optic,92,No,0,1,1,1,1,0,True,False,1.3286586944031769,0.9053397363802651
Male,0,No,1,Yes,Yes,Fiber optic,61,No,1,0,1,1,1,0,False,False,-1.2774445836787656,-0.12491951861354524
Female,0,Yes,27,Yes,No,DSL,66,No,0,1,1,0,0,0,False,False,-0.21871512695797646,0.0412513289661016
Female,0,Yes,57,Yes,No,DSL,20,No,0,1,1,0,0,0,False,False,1.002895784642934,-1.4875204687666492
Female,0,Yes,1,Yes,No,Fiber optic,21,Yes,0,1,1,0,1,1,True,False,-1.2774445836787656,-1.45428629925072
Male,0,Yes,43,No,Yes,DSL,40,No,1,1,0,1,0,0,False,True,0.43281069256250915,-0.8228370784480619
Male,0,Yes,48,Yes,Yes,DSL,112,No,1,1,1,1,0,0,False,True,0.6364125111626608,1.5700231266988525
Male,0,Yes,41,Yes,No,DSL,111,No,1,1,1,0,0,0,False,False,0.35136996512244845,1.536788957182923
Female,0,No,68,Yes,No,DSL,90,No,0,0,1,0,0,0,False,False,1.4508197855632678,0.8388713973484064
Female,0,No,15,Yes,No,DSL,49,No,0,0,1,0,0,0,False,False,-0.7073594915983407,-0.5237295528046976
Female,1,No,8,Yes,Yes,DSL,94,Yes,0,0,1,1,0,1,False,False,-0.9924020376385531,0.9718080754121239
Female,1,No,3,No,No,DSL,25,Yes,0,0,0,0,0,1,False,False,-1.1960038562387048,-1.3213496211870024
Female,1,No,55,Yes,No,DSL,90,No,0,0,1,0,0,0,False,False,0.9214550572028734,0.8388713973484064
Female,0,No,1,Yes,No,DSL,20,No,0,0,1,0,0,0,False,False,-1.2774445836787656,-1.4875204687666492
Male,1,No,16,Yes,Yes,Fiber optic,72,Yes,1,0,1,1,1,1,True,False,-0.6666391278783103,0.2406563460616778
Male,0,Yes,39,Yes,Yes,Fiber optic,80,Yes,1,1,1,1,1,1,False,False,0.26992923768238775,0.5065297021891128
Female,0,No,10,Yes,No,DSL,95,Yes,0,0,1,0,0,1,False,True,-0.9109613101984924,1.0050422449280532
Female,0,No,46,Yes,No,DSL,109,No,0,0,1,0,0,0,False,False,0.5549717837226001,1.4703206181510644
Male,0,Yes,12,Yes,No,DSL,56,No,1,1,1,0,0,0,True,False,-0.8295205827584317,-0.29109036619319206
Female,0,No,41,Yes,No,DSL,21,No,0,0,1,0,0,0,False,False,0.35136996512244845,-1.45428629925072
Male,0,No,65,Yes,No,DSL,109,Yes,1,0,1,0,0,1,False,True,1.3286586944031769,1.4703206181510644
Female,0,No,21,Yes,No,DSL,79,No,0,0,1,0,0,0,True,False,-0.46303730927815856,0.47329553267318336
Female,1,No,4,Yes,Yes,DSL,100,Yes,0,0,1,1,0,1,False,False,-1.1552834925186746,1.1712130925077
Female,1,No,72,Yes,No,DSL,90,No,0,0,1,0,0,0,False,True,1.6137012404433893,0.8388713973484064
Male,0,Yes,47,Yes,No,DSL,25,No,1,1,1,0,0,0,False,True,0.5956921474426305,-1.3213496211870024
Male,0,No,43,Yes,No,DSL,84,No,1,0,1,0,0,0,False,False,0.43281069256250915,0.6394663802528302
Female,0,Yes,72,Yes,Yes,Fiber optic,113,No,0,1,1,1,1,0,True,False,1.6137012404433893,1.6032572962147817
Female,0,No,67,Yes,No,DSL,111,No,0,0,1,0,0,0,False,False,1.4100994218432374,1.536788957182923
Female,0,No,6,Yes,No,DSL,89,Yes,0,0,1,0,0,1,False,True,-1.0738427650786138,0.805637227832477
Female,0,No,60,Yes,No,DSL,70,No,0,0,1,0,0,0,False,False,1.125056875803025,0.17418800702981907
Male,1,No,40,Yes,Yes,DSL,98,No,1,0,1,1,0,0,False,False,0.3106496014024181,1.1047447534758412
Female,0,Yes,66,Yes,No,Fiber optic,91,No,0,1,1,0,1,0,False,False,1.369379058123207,0.8721055668643357
Male,1,No,52,No,No,DSL,49,Yes,1,0,0,0,0,1,False,False,0.7992939660427822,-0.5237295528046976
Female,0,No,1,Yes,Yes,Fiber optic,94,Yes,0,0,1,1,1,1,False,True,-1.2774445836787656,0.9718080754121239
Female,0,Yes,58,Yes,Yes,Fiber optic,93,Yes,0,1,1,1,1,1,False,False,1.0436161483629645,0.9385739058961945
Female,0,Yes,72,No,No,DSL,64,No,0,1,0,0,0,0,False,False,1.6137012404433893,-0.025217010065757134
Male,1,No,35,Yes,No,DSL,95,Yes,1,0,1,0,0,1,True,False,0.10704778280226633,1.0050422449280532
Female,0,No,72,Yes,Yes,Fiber optic,20,No,0,0,1,1,1,0,False,False,1.6137012404433893,-1.4875204687666492
Female,0,No,51,Yes,Yes,DSL,69,No,0,0,1,1,0,0,True,False,0.758573602322752,0.1409538375138897
Male,0,No,69,Yes,Yes,Fiber optic,19,No,1,0,1,1,1,0,False,False,1.4915401492832983,-1.5207546382825785
Male,0,No,69,Yes,No,Fiber optic,100,No,1,0,1,0,1,0,False,False,1.4915401492832983,1.1712130925077
Female,0,No,11,Yes,Yes,Fiber optic,20,No,0,0,1,1,1,0,True,False,-0.8702409464784621,-1.4875204687666492
Male,0,Yes,1,No,No,DSL,24,No,1,1,0,0,0,0,True,False,-1.2774445836787656,-1.3545837907029317
Male,1,No,3,Yes,No,Fiber optic,105,Yes,1,0,1,0,1,1,False,False,-1.1960038562387048,1.3373839400873468
Female,0,No,37,Yes,No,DSL,99,Yes,0,0,1,0,0,1,False,False,0.18848851024232702,1.1379789229917707
Male,1,No,4,No,No,Fiber optic,25,Yes,1,0,0,0,1,1,False,False,-1.1552834925186746,-1.3213496211870024
Male,1,No,67,Yes,No,Fiber optic,95,No,1,0,1,0,1,0,False,False,1.4100994218432374,1.0050422449280532
Male,0,Yes,25,Yes,No,DSL,86,No,1,1,1,0,0,0,False,True,-0.30015585439803716,0.7059347192846889
Male,0,No,72,Yes,Yes,Fiber optic,92,No,1,0,1,1,1,0,False,False,1.6137012404433893,0.9053397363802651
Male,0,Yes,8,Yes,No,Fiber optic,51,No,1,1,1,0,1,0,False,False,-0.9924020376385531,-0.4572612137728389
Female,0,No,10,Yes,No,Fiber optic,80,Yes,0,0,1,0,1,1,False,False,-0.9109613101984924,0.5065297021891128
Male,0,No,6,Yes,No,Fiber optic,20,No,1,0,1,0,1,0,False,False,-1.0738427650786138,-1.4875204687666492
Male,1,Yes,52,Yes,No,DSL,81,No,1,1,1,0,0,0,False,True,0.7992939660427822,0.5397638717050421
Male,0,Yes,70,Yes,No,DSL,25,No,1,1,1,0,0,0,True,False,1.5322605130033284,-1.3213496211870024
Female,1,No,70,Yes,Yes,DSL,92,No,0,0,1,1,0,0,True,False,1.5322605130033284,0.9053397363802651
Male,0,No,58,Yes,Yes,DSL,25,No,1,0,1,1,0,0,True,False,1.0436161483629645,-1.3213496211870024
Male,0,No,70,Yes,Yes,Fiber optic,77,No,1,0,1,1,1,0,False,False,1.5322605130033284,0.40682719364132464
Female,0,Yes,72,Yes,Yes,Fiber optic,20,No,0,1,1,1,1,0,False,False,1.6137012404433893,-1.4875204687666492
Female,0,Yes,66,Yes,Yes,Fiber optic,49,No,0,1,1,1,1,0,False,False,1.369379058123207,-0.5237295528046976
Female,0,Yes,16,No,No,Fiber optic,36,No,0,1,0,0,1,0,False,False,-0.6666391278783103,-0.9557737565117794
Female,0,Yes,35,Yes,No,Fiber optic,59,No,0,1,1,0,1,0,False,False,0.10704778280226633,-0.19138785764540397
Female,1,No,65,Yes,No,DSL,95,No,0,0,1,0,0,0,False,True,1.3286586944031769,1.0050422449280532
Female,1,No,2,Yes,No,Fiber optic,44,No,0,0,1,0,1,0,False,False,-1.2367242199587352,-0.6899004003843444
Female,0,No,30,Yes,No,DSL,49,No,0,0,1,0,0,0,True,False,-0.0965540357978854,-0.5237295528046976
Male,0,No,14,Yes,Yes,DSL,90,Yes,1,0,1,1,0,1,False,True,-0.748079855318371,0.8388713973484064
Male,0,Yes,7,Yes,No,DSL,20,No,1,1,1,0,0,0,True,False,-1.0331224013585834,-1.4875204687666492
Male,0,No,2,Yes,No,DSL,79,Yes,1,0,1,0,0,1,False,True,-1.2367242199587352,0.47329553267318336
Male,0,No,66,Yes,No,Fiber optic,85,No,1,0,1,0,1,0,False,True,1.369379058123207,0.6727005497687596
Male,0,No,3,Yes,Yes,Fiber optic,21,No,1,0,1,1,1,0,True,False,-1.1960038562387048,-1.45428629925072
Male,0,Yes,1,Yes,No,DSL,20,Yes,1,1,1,0,0,1,True,False,-1.2774445836787656,-1.4875204687666492
Female,0,No,68,Yes,Yes,Fiber optic,64,No,0,0,1,1,1,0,False,False,1.4508197855632678,-0.025217010065757134
Female,0,No,10,Yes,No,DSL,86,Yes,0,0,1,0,0,1,False,True,-0.9109613101984924,0.7059347192846889
Female,0,Yes,49,Yes,Yes,Fiber optic,100,Yes,0,1,1,1,1,1,False,False,0.6771328748826912,1.1712130925077
Female,0,No,23,Yes,Yes,Fiber optic,20,No,0,0,1,1,1,0,True,False,-0.38159658183809786,-1.4875204687666492
Female,1,No,13,Yes,No,DSL,97,No,0,0,1,0,0,0,False,True,-0.7888002190384014,1.071510583959912
Male,0,Yes,65,Yes,Yes,Fiber optic,20,No,1,1,1,1,1,0,False,False,1.3286586944031769,-1.4875204687666492
Female,1,Yes,28,No,No,DSL,36,No,0,1,0,0,0,0,False,False,-0.1779947632379461,-0.9557737565117794
Female,1,No,2,Yes,No,DSL,90,Yes,0,0,1,0,0,1,False,False,-1.2367242199587352,0.8388713973484064
Male,0,No,9,Yes,No,DSL,76,No,1,0,1,0,0,0,False,False,-0.9516816739185228,0.37359302412539525
Male,0,No,54,Yes,Yes,DSL,110,No,1,0,1,1,0,0,False,False,0.880734693482843,1.5035547876669937
Male,0,Yes,25,Yes,No,Fiber optic,62,No,1,1,1,0,1,0,False,False,-0.30015585439803716,-0.09168534909761586
Female,0,Yes,19,Yes,Yes,DSL,20,No,0,1,1,1,0,0,False,True,-0.5444780367182193,-1.4875204687666492
Male,0,Yes,71,Yes,No,DSL,85,No,1,1,1,0,0,0,False,False,1.5729808767233588,0.6727005497687596
Male,0,No,36,Yes,Yes,DSL,20,No,1,0,1,1,0,0,False,True,0.14776814652229667,-1.4875204687666492
Male,0,No,16,Yes,No,DSL,20,No,1,0,1,0,0,0,False,False,-0.6666391278783103,-1.4875204687666492
Female,0,No,25,Yes,Yes,Fiber optic,25,Yes,0,0,1,1,1,1,True,False,-0.30015585439803716,-1.3213496211870024
Female,0,No,59,Yes,No,DSL,81,No,0,0,1,0,0,0,True,False,1.0843365120829946,0.5397638717050421
Male,0,Yes,71,Yes,No,Fiber optic,24,No,1,1,1,0,1,0,False,False,1.5729808767233588,-1.3545837907029317
Female,1,No,46,Yes,Yes,Fiber optic,95,Yes,0,0,1,1,1,1,True,False,0.5549717837226001,1.0050422449280532
Female,0,Yes,16,Yes,Yes,Fiber optic,68,No,0,1,1,1,1,0,False,False,-0.6666391278783103,0.10771966799796033
Female,0,Yes,49,Yes,Yes,Fiber optic,96,Yes,0,1,1,1,1,1,False,True,0.6771328748826912,1.0382764144439827
Male,0,Yes,24,Yes,Yes,Fiber optic,85,No,1,1,1,1,1,0,False,False,-0.3408762181180675,0.6727005497687596
Female,0,No,2,No,No,Fiber optic,43,Yes,0,0,0,0,1,1,False,False,-1.2367242199587352,-0.7231345699002738
Female,0,Yes,58,Yes,Yes,DSL,67,No,0,1,1,1,0,0,False,True,1.0436161483629645,0.07448549848203097
Male,0,No,1,Yes,Yes,DSL,89,No,1,0,1,1,0,0,False,True,-1.2774445836787656,0.805637227832477
Female,1,No,45,Yes,No,DSL,86,No,0,0,1,0,0,0,True,False,0.5142514200025698,0.7059347192846889
Male,0,No,1,Yes,No,Fiber optic,50,Yes,1,0,1,0,1,1,False,False,-1.2774445836787656,-0.49049538328876824
Male,1,No,8,No,No,DSL,43,No,1,0,0,0,0,0,False,False,-0.9924020376385531,-0.7231345699002738
Female,0,No,22,Yes,No,DSL,90,Yes,0,0,1,0,0,1,False,False,-0.4223169455581282,0.8388713973484064
Male,0,No,66,Yes,No,DSL,116,No,1,0,1,0,0,0,False,False,1.369379058123207,1.7029598047625698
Male,0,No,8,Yes,No,Fiber optic,74,Yes,1,0,1,0,1,1,True,False,-0.9924020376385531,0.3071246850935365
Male,0,Yes,72,Yes,Yes,Fiber optic,106,No,1,1,1,1,1,0,True,False,1.6137012404433893,1.3706181096032763
Female,0,Yes,47,Yes,No,DSL,64,No,0,1,1,0,0,0,True,False,0.5956921474426305,-0.025217010065757134
Male,0,No,4,Yes,No,DSL,72,Yes,1,0,1,0,0,1,True,False,-1.1552834925186746,0.2406563460616778
Female,0,No,29,Yes,No,DSL,79,Yes,0,0,1,0,0,1,False,False,-0.13727439951791576,0.47329553267318336
Female,0,No,72,Yes,No,DSL,116,No,0,0,1,0,0,0,False,False,1.6137012404433893,1.7029598047625698
Female,0,No,16,Yes,No,DSL,85,Yes,0,0,1,0,0,1,False,False,-0.6666391278783103,0.6727005497687596
Male,0,No,2,Yes,Yes,DSL,80,No,1,0,1,1,0,0,False,True,-1.2367242199587352,0.5065297021891128
Female,0,No,1,Yes,Yes,Fiber optic,20,Yes,0,0,1,1,1,1,False,False,-1.2774445836787656,-1.4875204687666492
Male,0,No,68,Yes,No,DSL,71,No,1,0,1,0,0,0,False,False,1.4508197855632678,0.20742217654574843
Male,1,No,33,Yes,No,Fiber optic,25,No,1,0,1,0,1,0,False,False,0.025607055362205634,-1.3213496211870024
Female,0,Yes,61,Yes,Yes,Fiber optic,19,Yes,0,1,1,1,1,1,False,False,1.1657772395230555,-1.5207546382825785
Female,0,No,23,Yes,No,DSL,79,Yes,0,0,1,0,0,1,True,False,-0.38159658183809786,0.47329553267318336
Male,0,Yes,19,Yes,Yes,Fiber optic,49,No,1,1,1,1,1,0,True,False,-0.5444780367182193,-0.5237295528046976
Male,0,Yes,13,No,No,Fiber optic,41,No,1,1,0,0,1,0,False,False,-0.7888002190384014,-0.7896029089321326
Female,0,No,21,Yes,No,DSL,86,Yes,0,0,1,0,0,1,False,False,-0.46303730927815856,0.7059347192846889
Female,1,No,62,Yes,Yes,Fiber optic,105,No,0,0,1,1,1,0,False,False,1.2064976032430856,1.3373839400873468
Female,0,No,29,Yes,No,DSL,25,No,0,0,1,0,0,0,False,True,-0.13727439951791576,-1.3213496211870024
Male,1,No,70,Yes,No,DSL,105,No,1,0,1,0,0,0,False,False,1.5322605130033284,1.3373839400873468
Male,0,Yes,38,Yes,No,DSL,101,No,1,1,1,0,0,0,False,True,0.22920887396235737,1.2044472620236295
Female,1,No,31,Yes,Yes,Fiber optic,74,Yes,0,0,1,1,1,1,False,False,-0.055833672077855064,0.3071246850935365
Male,0,No,1,Yes,Yes,DSL,70,Yes,1,0,1,1,0,1,False,False,-1.2774445836787656,0.17418800702981907
Female,0,No,1,Yes,No,DSL,44,Yes,0,0,1,0,0,1,False,True,-1.2774445836787656,-0.6899004003843444
Male,0,Yes,71,Yes,Yes,Fiber optic,66,No,1,1,1,1,1,0,False,False,1.5729808767233588,0.0412513289661016
Male,0,Yes,4,Yes,No,Fiber optic,20,No,1,1,1,0,1,0,False,False,-1.1552834925186746,-1.4875204687666492
Female,0,No,2,Yes,Yes,DSL,81,Yes,0,0,1,1,0,1,False,True,-1.2367242199587352,0.5397638717050421
Female,0,No,4,Yes,Yes,Fiber optic,64,No,0,0,1,1,1,0,False,False,-1.1552834925186746,-0.025217010065757134
Female,0,No,69,Yes,No,DSL,99,No,0,0,1,0,0,0,False,False,1.4915401492832983,1.1379789229917707
Male,0,No,64,Yes,No,DSL,81,No,1,0,1,0,0,0,True,False,1.2879383306831464,0.5397638717050421
Male,0,No,60,Yes,No,DSL,79,No,1,0,1,0,0,0,True,False,1.125056875803025,0.47329553267318336
Female,1,No,1,Yes,Yes,Fiber optic,70,Yes,0,0,1,1,1,1,False,False,-1.2774445836787656,0.17418800702981907
Male,0,No,63,Yes,Yes,Fiber optic,105,No,1,0,1,1,1,0,True,False,1.247217966963116,1.3373839400873468
Male,0,No,35,Yes,Yes,Fiber optic,19,No,1,0,1,1,1,0,False,False,0.10704778280226633,-1.5207546382825785
Male,1,No,17,Yes,No,DSL,76,Yes,1,0,1,0,0,1,False,True,-0.62591876415828,0.37359302412539525
Female,0,No,63,Yes,Yes,Fiber optic,97,No,0,0,1,1,1,0,True,False,1.247217966963116,1.071510583959912
Male,1,No,19,Yes,Yes,Fiber optic,66,No,1,0,1,1,1,0,False,False,-0.5444780367182193,0.0412513289661016
Male,0,No,21,Yes,No,DSL,111,Yes,1,0,1,0,0,1,False,False,-0.46303730927815856,1.536788957182923
Female,1,Yes,57,Yes,No,DSL,95,No,0,1,1,0,0,0,False,False,1.002895784642934,1.0050422449280532
Male,0,No,8,Yes,Yes,Fiber optic,50,No,1,0,1,1,1,0,False,False,-0.9924020376385531,-0.49049538328876824
Male,0,No,6,Yes,No,Fiber optic,21,No,1,0,1,0,1,0,False,False,-1.0738427650786138,-1.45428629925072
Female,0,No,66,No,No,DSL,61,No,0,0,0,0,0,0,True,False,1.369379058123207,-0.12491951861354524
Female,0,Yes,63,Yes,Yes,Fiber optic,76,No,0,1,1,1,1,0,False,True,1.247217966963116,0.37359302412539525
Male,0,Yes,28,Yes,Yes,DSL,92,No,1,1,1,1,0,0,False,False,-0.1779947632379461,0.9053397363802651
Female,0,No,23,Yes,No,DSL,75,No,0,0,1,0,0,0,False,False,-0.38159658183809786,0.3403588546094659
Female,0,No,29,Yes,No,DSL,20,No,0,0,1,0,0,0,False,False,-0.13727439951791576,-1.4875204687666492
Male,1,No,18,Yes,No,DSL,81,No,1,0,1,0,0,0,False,False,-0.5851984004382496,0.5397638717050421
Male,0,No,53,No,No,Fiber optic,46,No,1,0,0,0,1,0,False,False,0.8400143297628127,-0.6234320613524857
Female,0,Yes,10,Yes,Yes,DSL,70,No,0,1,1,1,0,0,False,False,-0.9109613101984924,0.17418800702981907
Male,0,No,39,Yes,No,DSL,50,No,1,0,1,0,0,0,False,False,0.26992923768238775,-0.49049538328876824
Female,0,No,17,Yes,No,DSL,75,No,0,0,1,0,0,0,False,True,-0.62591876415828,0.3403588546094659
Male,0,Yes,37,Yes,Yes,Fiber optic,91,No,1,1,1,1,1,0,False,False,0.18848851024232702,0.8721055668643357
Female,0,Yes,33,Yes,No,DSL,20,No,0,1,1,0,0,0,False,True,0.025607055362205634,-1.4875204687666492
Female,0,Yes,19,Yes,No,Fiber optic,89,No,0,1,1,0,1,0,True,False,-0.5444780367182193,0.805637227832477
Female,0,No,7,Yes,Yes,DSL,61,No,0,0,1,1,0,0,False,True,-1.0331224013585834,-0.12491951861354524
Female,0,Yes,9,Yes,Yes,Fiber optic,73,Yes,0,1,1,1,1,1,True,False,-0.9516816739185228,0.2738905155776072
Male,1,No,59,No,Yes,DSL,64,No,1,0,0,1,0,0,False,False,1.0843365120829946,-0.025217010065757134
Female,0,Yes,55,Yes,No,DSL,104,No,0,1,1,0,0,0,False,False,0.9214550572028734,1.3041497705714176
Female,0,No,4,Yes,No,DSL,94,Yes,0,0,1,0,0,1,False,False,-1.1552834925186746,0.9718080754121239
Male,0,Yes,57,Yes,Yes,Fiber optic,21,No,1,1,1,1,1,0,False,False,1.002895784642934,-1.45428629925072
Female,0,No,68,Yes,Yes,Fiber optic,115,No,0,0,1,1,1,0,False,False,1.4508197855632678,1.6697256352466405
Female,0,No,64,Yes,No,DSL,74,No,0,0,1,0,0,0,False,False,1.2879383306831464,0.3071246850935365
Female,0,Yes,72,Yes,No,DSL,103,No,0,1,1,0,0,0,False,True,1.6137012404433893,1.270915601055488
Female,1,No,8,Yes,No,DSL,84,Yes,0,0,1,0,0,1,False,False,-0.9924020376385531,0.6394663802528302
Male,0,No,72,Yes,Yes,DSL,116,No,1,0,1,1,0,0,False,True,1.6137012404433893,1.7029598047625698
Male,0,No,1,Yes,No,DSL,46,No,1,0,1,0,0,0,False,True,-1.2774445836787656,-0.6234320613524857
Male,0,Yes,69,Yes,No,DSL,95,No,1,1,1,0,0,0,False,False,1.4915401492832983,1.0050422449280532
Female,0,No,56,Yes,Yes,Fiber optic,80,No,0,0,1,1,1,0,False,False,0.9621754209229036,0.5065297021891128
Male,0,No,9,Yes,No,DSL,65,No,1,0,1,0,0,0,True,False,-0.9516816739185228,0.008017159450172232
Male,0,No,1,Yes,Yes,DSL,70,Yes,1,0,1,1,0,1,False,True,-1.2774445836787656,0.17418800702981907
Female,0,No,59,Yes,Yes,Fiber optic,80,No,0,0,1,1,1,0,False,False,1.0843365120829946,0.5065297021891128
Female,0,No,12,Yes,No,Fiber optic,80,No,0,0,1,0,1,0,False,False,-0.8295205827584317,0.5065297021891128
Male,0,Yes,4,Yes,Yes,Fiber optic,85,Yes,1,1,1,1,1,1,False,False,-1.1552834925186746,0.6727005497687596
Female,1,No,3,Yes,Yes,DSL,70,Yes,0,0,1,1,0,1,True,False,-1.1960038562387048,0.17418800702981907
Male,0,No,1,Yes,No,DSL,51,No,1,0,1,0,0,0,False,False,-1.2774445836787656,-0.4572612137728389
Male,0,No,29,Yes,No,DSL,99,No,1,0,1,0,0,0,False,False,-0.13727439951791576,1.1379789229917707
Female,0,No,71,Yes,No,Fiber optic,84,No,0,0,1,0,1,0,False,False,1.5729808767233588,0.6394663802528302
Female,0,Yes,23,Yes,No,DSL,58,No,0,1,1,0,0,0,True,False,-0.38159658183809786,-0.22462202716133334
Male,0,Yes,6,Yes,No,DSL,26,No,1,1,1,0,0,0,False,False,-1.0738427650786138,-1.288115451671073
Female,0,Yes,37,Yes,No,DSL,19,No,0,1,1,0,0,0,True,False,0.18848851024232702,-1.5207546382825785
Male,0,No,24,Yes,Yes,Fiber optic,74,No,1,0,1,1,1,0,False,True,-0.3408762181180675,0.3071246850935365
Female,0,No,49,Yes,Yes,DSL,101,No,0,0,1,1,0,0,True,False,0.6771328748826912,1.2044472620236295
Female,0,No,11,Yes,Yes,Fiber optic,96,Yes,0,0,1,1,1,1,False,False,-0.8702409464784621,1.0382764144439827
Male,0,No,44,Yes,No,Fiber optic,100,No,1,0,1,0,1,0,True,False,0.47353105628253944,1.1712130925077
Female,0,No,11,Yes,Yes,DSL,25,No,0,0,1,1,0,0,False,True,-0.8702409464784621,-1.3213496211870024
Male,0,Yes,43,No,Yes,Fiber optic,29,No,1,1,0,1,1,0,True,False,0.43281069256250915,-1.188412943123285
Female,0,No,1,Yes,Yes,DSL,51,Yes,0,0,1,1,0,1,False,True,-1.2774445836787656,-0.4572612137728389
Female,0,Yes,23,Yes,Yes,Fiber optic,24,No,0,1,1,1,1,0,False,False,-0.38159658183809786,-1.3545837907029317
Female,1,No,25,Yes,No,DSL,70,No,0,0,1,0,0,0,False,True,-0.30015585439803716,0.17418800702981907
Male,1,No,14,Yes,Yes,Fiber optic,75,No,1,0,1,1,1,0,False,False,-0.748079855318371,0.3403588546094659
Female,0,No,10,Yes,No,DSL,80,Yes,0,0,1,0,0,1,False,False,-0.9109613101984924,0.5065297021891128
Male,0,Yes,27,Yes,No,DSL,81,No,1,1,1,0,0,0,True,False,-0.21871512695797646,0.5397638717050421
Male,0,No,3,Yes,Yes,Fiber optic,105,Yes,1,0,1,1,1,1,False,False,-1.1960038562387048,1.3373839400873468
Male,0,No,10,Yes,No,DSL,26,No,1,0,1,0,0,0,True,False,-0.9109613101984924,-1.288115451671073
Male,1,No,5,No,No,DSL,45,No,1,0,0,0,0,0,False,True,-1.1145631287986442,-0.6566662308684151
Male,0,Yes,48,Yes,No,DSL,26,No,1,1,1,0,0,0,False,False,0.6364125111626608,-1.288115451671073
Female,1,No,7,Yes,Yes,Fiber optic,65,No,0,0,1,1,1,0,False,True,-1.0331224013585834,0.008017159450172232
Female,0,No,44,No,No,DSL,49,No,0,0,0,0,0,0,False,False,0.47353105628253944,-0.5237295528046976
Female,0,No,2,Yes,Yes,Fiber optic,76,Yes,0,0,1,1,1,1,False,False,-1.2367242199587352,0.37359302412539525
Female,0,No,4,Yes,No,DSL,77,Yes,0,0,1,0,0,1,False,True,-1.1552834925186746,0.40682719364132464
Male,0,No,37,Yes,No,Fiber optic,99,Yes,1,0,1,0,1,1,False,False,0.18848851024232702,1.1379789229917707
Female,0,No,13,Yes,No,DSL,19,No,0,0,1,0,0,0,False,True,-0.7888002190384014,-1.5207546382825785
Female,0,No,39,Yes,Yes,Fiber optic,59,No,0,0,1,1,1,0,True,False,0.26992923768238775,-0.19138785764540397
Male,0,No,42,Yes,No,DSL,56,No,1,0,1,0,0,0,False,False,0.3920903288424788,-0.29109036619319206
Female,0,Yes,46,Yes,No,DSL,105,Yes,0,1,1,0,0,1,False,False,0.5549717837226001,1.3373839400873468
Male,0,Yes,16,Yes,Yes,Fiber optic,56,No,1,1,1,1,1,0,False,False,-0.6666391278783103,-0.29109036619319206
Male,0,Yes,54,No,No,Fiber optic,46,No,1,1,0,0,1,0,False,True,0.880734693482843,-0.6234320613524857
Male,0,No,33,Yes,Yes,DSL,66,No,1,0,1,1,0,0,False,False,0.025607055362205634,0.0412513289661016
Female,0,No,22,No,Yes,Fiber optic,51,No,0,0,0,1,1,0,False,True,-0.4223169455581282,-0.4572612137728389
Male,0,No,35,Yes,No,DSL,89,No,1,0,1,0,0,0,False,True,0.10704778280226633,0.805637227832477
Female,0,No,4,Yes,No,DSL,21,Yes,0,0,1,0,0,1,False,False,-1.1552834925186746,-1.45428629925072
Male,0,No,1,Yes,No,Fiber optic,20,No,1,0,1,0,1,0,False,False,-1.2774445836787656,-1.4875204687666492
Male,0,No,36,Yes,No,Fiber optic,21,No,1,0,1,0,1,0,True,False,0.14776814652229667,-1.45428629925072
Male,0,Yes,25,Yes,No,Fiber optic,54,No,1,1,1,0,1,0,False,False,-0.30015585439803716,-0.3575587052250508
Female,0,No,3,Yes,Yes,Fiber optic,71,No,0,0,1,1,1,0,False,False,-1.1960038562387048,0.20742217654574843
Male,0,No,22,Yes,Yes,Fiber optic,101,Yes,1,0,1,1,1,1,False,False,-0.4223169455581282,1.2044472620236295
Female,0,Yes,16,Yes,No,DSL,101,No,0,1,1,0,0,0,True,False,-0.6666391278783103,1.2044472620236295
Female,1,No,50,Yes,No,Fiber optic,107,No,0,0,1,0,1,0,True,False,0.7178532386027215,1.4038522791192056
Female,0,No,10,Yes,Yes,Fiber optic,21,No,0,0,1,1,1,0,False,False,-0.9109613101984924,-1.45428629925072
Female,0,No,25,Yes,Yes,DSL,74,Yes,0,0,1,1,0,1,False,True,-0.30015585439803716,0.3071246850935365
Male,1,No,32,Yes,Yes,Fiber optic,96,Yes,1,0,1,1,1,1,True,False,-0.015113308357824713,1.0382764144439827
Female,0,Yes,63,Yes,No,DSL,19,No,0,1,1,0,0,0,True,False,1.247217966963116,-1.5207546382825785
Male,0,Yes,5,Yes,No,Fiber optic,49,No,1,1,1,0,1,0,False,False,-1.1145631287986442,-0.5237295528046976
Male,1,No,44,No,No,DSL,30,Yes,1,0,0,0,0,1,True,False,0.47353105628253944,-1.1551787736073555
Female,1,No,16,Yes,Yes,DSL,96,Yes,0,0,1,1,0,1,True,False,-0.6666391278783103,1.0382764144439827
Male,0,No,20,Yes,Yes,Fiber optic,64,No,1,0,1,1,1,0,False,False,-0.5037576729981889,-0.025217010065757134
Female,0,No,30,Yes,Yes,Fiber optic,106,No,0,0,1,1,1,0,False,True,-0.0965540357978854,1.3706181096032763
Female,0,No,55,Yes,Yes,DSL,45,No,0,0,1,1,0,0,False,True,0.9214550572028734,-0.6566662308684151
Female,1,Yes,61,Yes,No,DSL,65,No,0,1,1,0,0,0,True,False,1.1657772395230555,0.008017159450172232
Male,0,Yes,1,Yes,No,Fiber optic,20,Yes,1,1,1,0,1,1,False,False,-1.2774445836787656,-1.4875204687666492
Female,0,No,54,Yes,No,Fiber optic,94,No,0,0,1,0,1,0,True,False,0.880734693482843,0.9718080754121239
Male,0,No,10,Yes,No,DSL,70,Yes,1,0,1,0,0,1,True,False,-0.9109613101984924,0.17418800702981907
Male,0,Yes,40,Yes,Yes,Fiber optic,55,Yes,1,1,1,1,1,1,True,False,0.3106496014024181,-0.32432453570912145
Female,0,Yes,51,Yes,Yes,Fiber optic,79,No,0,1,1,1,1,0,True,False,0.758573602322752,0.47329553267318336
Male,0,Yes,72,Yes,Yes,Fiber optic,106,No,1,1,1,1,1,0,True,False,1.6137012404433893,1.3706181096032763
Male,0,No,64,Yes,No,DSL,99,No,1,0,1,0,0,0,False,False,1.2879383306831464,1.1379789229917707
Male,0,No,72,Yes,Yes,Fiber optic,26,No,1,0,1,1,1,0,True,False,1.6137012404433893,-1.288115451671073
Female,0,Yes,53,Yes,Yes,Fiber optic,20,No,0,1,1,1,1,0,True,False,0.8400143297628127,-1.4875204687666492
Male,0,No,3,No,No,Fiber optic,25,Yes,1,0,0,0,1,1,True,False,-1.1960038562387048,-1.3213496211870024
Male,1,No,1,Yes,No,DSL,70,No,1,0,1,0,0,0,False,False,-1.2774445836787656,0.17418800702981907
Male,0,Yes,13,Yes,Yes,Fiber optic,84,Yes,1,1,1,1,1,1,True,False,-0.7888002190384014,0.6394663802528302
Female,0,No,39,No,No,DSL,51,Yes,0,0,0,0,0,1,False,False,0.26992923768238775,-0.4572612137728389
Female,0,No,9,Yes,No,Fiber optic,78,Yes,0,0,1,0,1,1,False,False,-0.9516816739185228,0.44006136315725397
Male,0,No,22,Yes,Yes,DSL,25,No,1,0,1,1,0,0,False,True,-0.4223169455581282,-1.3213496211870024
Male,1,No,54,Yes,No,DSL,99,No,1,0,1,0,0,0,False,False,0.880734693482843,1.1379789229917707
Male,0,No,29,No,No,Fiber optic,36,No,1,0,0,0,1,0,False,False,-0.13727439951791576,-0.9557737565117794
Male,0,No,72,Yes,Yes,DSL,118,Yes,1,0,1,1,0,1,False,True,1.6137012404433893,1.7694281437944286
Male,0,No,72,Yes,No,Fiber optic,80,No,1,0,1,0,1,0,False,False,1.6137012404433893,0.5065297021891128
Male,0,No,47,Yes,No,DSL,110,Yes,1,0,1,0,0,1,False,False,0.5956921474426305,1.5035547876669937
Female,0,Yes,28,Yes,Yes,Fiber optic,50,No,0,1,1,1,1,0,False,False,-0.1779947632379461,-0.49049538328876824
Male,0,No,3,No,Yes,Fiber optic,30,No,1,0,0,1,1,0,False,False,-1.1960038562387048,-1.1551787736073555
Male,1,Yes,50,Yes,No,Fiber optic,75,No,1,1,1,0,1,0,False,False,0.7178532386027215,0.3403588546094659
Male,0,No,1,Yes,No,DSL,70,Yes,1,0,1,0,0,1,False,False,-1.2774445836787656,0.17418800702981907
Male,0,No,2,Yes,Yes,DSL,95,Yes,1,0,1,1,0,1,False,True,-1.2367242199587352,1.0050422449280532
Male,0,No,2,Yes,No,Fiber optic,71,No,1,0,1,0,1,0,False,False,-1.2367242199587352,0.20742217654574843
Female,0,No,70,Yes,No,DSL,110,Yes,0,0,1,0,0,1,False,False,1.5322605130033284,1.5035547876669937
Male,0,No,51,Yes,No,Fiber optic,87,No,1,0,1,0,1,0,False,False,0.758573602322752,0.7391688888006183
Male,1,No,65,Yes,No,DSL,104,No,1,0,1,0,0,0,False,False,1.3286586944031769,1.3041497705714176
Male,0,No,1,Yes,No,DSL,91,Yes,1,0,1,0,0,1,True,False,-1.2774445836787656,0.8721055668643357
Female,0,Yes,13,No,Yes,Fiber optic,30,No,0,1,0,1,1,0,False,False,-0.7888002190384014,-1.1551787736073555
Female,0,No,10,Yes,Yes,Fiber optic,98,Yes,0,0,1,1,1,1,False,False,-0.9109613101984924,1.1047447534758412
Female,0,Yes,55,Yes,Yes,Fiber optic,20,No,0,1,1,1,1,0,False,False,0.9214550572028734,-1.4875204687666492
Female,0,No,7,Yes,No,DSL,71,Yes,0,0,1,0,0,1,True,False,-1.0331224013585834,0.20742217654574843
Male,0,No,3,Yes,Yes,Fiber optic,19,No,1,0,1,1,1,0,True,False,-1.1960038562387048,-1.5207546382825785
Male,0,No,46,No,Yes,Fiber optic,34,No,1,0,0,1,1,0,False,False,0.5549717837226001,-1.0222420955436382
Male,0,No,56,Yes,Yes,DSL,76,No,1,0,1,1,0,0,True,False,0.9621754209229036,0.37359302412539525
Female,0,Yes,61,Yes,No,DSL,115,No,0,1,1,0,0,0,False,False,1.1657772395230555,1.6697256352466405
Male,0,Yes,52,Yes,No,DSL,93,No,1,1,1,0,0,0,False,True,0.7992939660427822,0.9385739058961945
Female,0,No,41,Yes,Yes,DSL,70,Yes,0,0,1,1,0,1,False,False,0.35136996512244845,0.17418800702981907
Female,0,No,68,Yes,No,DSL,26,No,0,0,1,0,0,0,False,False,1.4508197855632678,-1.288115451671073
Female,0,Yes,41,Yes,No,Fiber optic,78,No,0,1,1,0,1,0,False,False,0.35136996512244845,0.44006136315725397
Male,0,Yes,50,Yes,No,Fiber optic,70,No,1,1,1,0,1,0,False,False,0.7178532386027215,0.17418800702981907
Female,0,No,71,Yes,Yes,Fiber optic,115,No,0,0,1,1,1,0,False,False,1.5729808767233588,1.6697256352466405
Male,0,No,22,Yes,Yes,Fiber optic,83,No,1,0,1,1,1,0,True,False,-0.4223169455581282,0.6062322107369008
Male,0,Yes,59,Yes,No,DSL,20,No,1,1,1,0,0,0,False,True,1.0843365120829946,-1.4875204687666492
Male,0,Yes,6,Yes,Yes,DSL,70,No,1,1,1,1,0,0,False,False,-1.0738427650786138,0.17418800702981907
Female,0,Yes,33,Yes,Yes,DSL,24,Yes,0,1,1,1,0,1,True,False,0.025607055362205634,-1.3545837907029317
Female,0,Yes,17,Yes,No,DSL,24,Yes,0,1,1,0,0,1,False,False,-0.62591876415828,-1.3545837907029317
Male,0,Yes,49,Yes,No,DSL,60,No,1,1,1,0,0,0,True,False,0.6771328748826912,-0.15815368812947458
Male,0,No,72,Yes,No,DSL,82,No,1,0,1,0,0,0,False,False,1.6137012404433893,0.5729980412209714
Male,1,No,17,Yes,No,DSL,100,Yes,1,0,1,0,0,1,False,False,-0.62591876415828,1.1712130925077
Male,0,Yes,15,Yes,Yes,Fiber optic,65,No,1,1,1,1,1,0,False,False,-0.7073594915983407,0.008017159450172232
Male,0,Yes,8,Yes,Yes,Fiber optic,20,No,1,1,1,1,1,0,False,False,-0.9924020376385531,-1.4875204687666492
Male,0,No,22,Yes,No,Fiber optic,65,No,1,0,1,0,1,0,False,False,-0.4223169455581282,0.008017159450172232
Male,0,Yes,51,Yes,No,Fiber optic,25,No,1,1,1,0,1,0,False,False,0.758573602322752,-1.3213496211870024
Female,0,No,43,Yes,No,Fiber optic,92,No,0,0,1,0,1,0,False,False,0.43281069256250915,0.9053397363802651
Male,0,No,3,No,No,DSL,25,No,1,0,0,0,0,0,False,False,-1.1960038562387048,-1.3213496211870024
Female,1,Yes,48,Yes,Yes,Fiber optic,104,No,0,1,1,1,1,0,True,False,0.6364125111626608,1.3041497705714176
Female,0,Yes,34,Yes,Yes,DSL,61,No,0,1,1,1,0,0,False,True,0.06632741908223598,-0.12491951861354524
Male,1,Yes,41,Yes,No,DSL,112,Yes,1,1,1,0,0,1,True,False,0.35136996512244845,1.5700231266988525
Female,0,Yes,67,Yes,Yes,Fiber optic,112,No,0,1,1,1,1,0,True,False,1.4100994218432374,1.5700231266988525
Female,0,Yes,19,Yes,No,DSL,76,No,0,1,1,0,0,0,False,True,-0.5444780367182193,0.37359302412539525
Female,0,Yes,63,Yes,No,DSL,100,No,0,1,1,0,0,0,False,False,1.247217966963116,1.1712130925077
Female,0,No,18,Yes,Yes,Fiber optic,85,Yes,0,0,1,1,1,1,False,False,-0.5851984004382496,0.6727005497687596
Female,0,No,1,Yes,No,DSL,21,No,0,0,1,0,0,0,False,False,-1.2774445836787656,-1.45428629925072
Female,0,No,11,Yes,Yes,Fiber optic,94,Yes,0,0,1,1,1,1,False,True,-0.8702409464784621,0.9718080754121239
Male,0,No,30,Yes,No,DSL,90,No,1,0,1,0,0,0,False,False,-0.0965540357978854,0.8388713973484064
Male,0,No,23,Yes,Yes,Fiber optic,75,Yes,1,0,1,1,1,1,False,False,-0.38159658183809786,0.3403588546094659
Female,0,No,52,Yes,Yes,DSL,105,Yes,0,0,1,1,0,1,False,True,0.7992939660427822,1.3373839400873468
Male,0,Yes,13,Yes,Yes,DSL,20,No,1,1,1,1,0,0,True,False,-0.7888002190384014,-1.4875204687666492
Male,0,Yes,54,Yes,No,DSL,63,No,1,1,1,0,0,0,False,False,0.880734693482843,-0.0584511795816865
Male,0,No,1,Yes,Yes,Fiber optic,48,No,1,0,1,1,1,0,False,True,-1.2774445836787656,-0.556963722320627
Female,0,Yes,68,Yes,No,DSL,84,No,0,1,1,0,0,0,False,False,1.4508197855632678,0.6394663802528302
Male,0,No,3,Yes,No,DSL,64,No,1,0,1,0,0,0,False,False,-1.1960038562387048,-0.025217010065757134
Male,0,Yes,1,Yes,No,Fiber optic,68,Yes,1,1,1,0,1,1,True,False,-1.2774445836787656,0.10771966799796033
Female,0,No,34,Yes,No,DSL,63,Yes,0,0,1,0,0,1,False,False,0.06632741908223598,-0.0584511795816865
Male,0,No,49,Yes,Yes,Fiber optic,66,No,1,0,1,1,1,0,False,False,0.6771328748826912,0.0412513289661016
Female,0,Yes,23,Yes,No,DSL,20,No,0,1,1,0,0,0,False,False,-0.38159658183809786,-1.4875204687666492
Male,0,Yes,71,Yes,No,DSL,20,No,1,1,1,0,0,0,True,False,1.5729808767233588,-1.4875204687666492
Female,0,Yes,46,Yes,No,DSL,85,No,0,1,1,0,0,0,True,False,0.5549717837226001,0.6727005497687596
Male,0,Yes,50,Yes,Yes,Fiber optic,108,No,1,1,1,1,1,0,False,True,0.7178532386027215,1.437086448635135
Male,0,No,1,No,Yes,Fiber optic,45,Yes,1,0,0,1,1,1,False,False,-1.2774445836787656,-0.6566662308684151
Male,0,No,24,Yes,Yes,Fiber optic,80,No,1,0,1,1,1,0,False,False,-0.3408762181180675,0.5065297021891128
Male,0,Yes,68,Yes,No,DSL,115,No,1,1,1,0,0,0,False,False,1.4508197855632678,1.6697256352466405
Female,0,No,31,Yes,Yes,Fiber optic,21,No,0,0,1,1,1,0,False,False,-0.055833672077855064,-1.45428629925072
Female,0,Yes,64,No,No,DSL,50,No,0,1,0,0,0,0,False,False,1.2879383306831464,-0.49049538328876824
Female,0,Yes,14,Yes,No,Fiber optic,87,Yes,0,1,1,0,1,1,False,False,-0.748079855318371,0.7391688888006183
Male,0,No,59,No,Yes,DSL,52,No,1,0,0,1,0,0,False,False,1.0843365120829946,-0.4240270442569095
Male,0,Yes,72,Yes,No,DSL,91,No,1,1,1,0,0,0,True,False,1.6137012404433893,0.8721055668643357
Female,0,Yes,4,Yes,No,DSL,98,Yes,0,1,1,0,0,1,False,False,-1.1552834925186746,1.1047447534758412
Female,0,No,32,Yes,No,DSL,84,Yes,0,0,1,0,0,1,True,False,-0.015113308357824713,0.6394663802528302
Male,1,No,48,Yes,No,Fiber optic,91,No,1,0,1,0,1,0,True,False,0.6364125111626608,0.8721055668643357
Male,0,No,72,Yes,Yes,Fiber optic,110,No,1,0,1,1,1,0,False,True,1.6137012404433893,1.5035547876669937
Male,0,Yes,3,Yes,Yes,Fiber optic,90,No,1,1,1,1,1,0,False,False,-1.1960038562387048,0.8388713973484064
Female,0,Yes,72,Yes,No,DSL,96,No,0,1,1,0,0,0,True,False,1.6137012404433893,1.0382764144439827
Male,0,No,18,Yes,No,Fiber optic,84,No,1,0,1,0,1,0,False,True,-0.5851984004382496,0.6394663802528302
Male,1,No,72,No,No,DSL,63,No,1,0,0,0,0,0,False,False,1.6137012404433893,-0.0584511795816865
Female,1,No,32,Yes,No,Fiber optic,86,Yes,0,0,1,0,1,1,False,True,-0.015113308357824713,0.7059347192846889
Female,1,No,13,Yes,No,DSL,82,Yes,0,0,1,0,0,1,False,False,-0.7888002190384014,0.5729980412209714
Female,0,Yes,7,No,No,DSL,30,No,0,1,0,0,0,0,True,False,-1.0331224013585834,-1.1551787736073555
Female,0,Yes,6,Yes,Yes,Fiber optic,56,Yes,0,1,1,1,1,1,False,True,-1.0738427650786138,-0.29109036619319206
Female,0,No,4,Yes,Yes,Fiber optic,55,No,0,0,1,1,1,0,False,False,-1.1552834925186746,-0.32432453570912145
Female,0,Yes,13,Yes,Yes,Fiber optic,20,No,0,1,1,1,1,0,False,False,-0.7888002190384014,-1.4875204687666492
Male,0,No,64,Yes,Yes,DSL,104,No,1,0,1,1,0,0,False,True,1.2879383306831464,1.3041497705714176
Female,0,No,17,Yes,Yes,DSL,70,No,0,0,1,1,0,0,False,True,-0.62591876415828,0.17418800702981907
Female,0,Yes,40,No,Yes,Fiber optic,51,No,0,1,0,1,1,0,True,False,0.3106496014024181,-0.4572612137728389
Female,0,Yes,11,No,No,DSL,51,No,0,1,0,0,0,0,False,True,-0.8702409464784621,-0.4572612137728389
Male,0,No,5,Yes,No,Fiber optic,20,No,1,0,1,0,1,0,False,False,-1.1145631287986442,-1.4875204687666492
Female,0,Yes,23,Yes,No,Fiber optic,86,No,0,1,1,0,1,0,False,False,-0.38159658183809786,0.7059347192846889
Male,0,No,68,Yes,Yes,Fiber optic,77,No,1,0,1,1,1,0,False,True,1.4508197855632678,0.40682719364132464
Female,0,No,1,Yes,Yes,DSL,79,No,0,0,1,1,0,0,False,True,-1.2774445836787656,0.47329553267318336
Male,0,Yes,72,Yes,No,Fiber optic,88,No,1,1,1,0,1,0,False,False,1.6137012404433893,0.7724030583165477
Female,0,No,57,No,Yes,Fiber optic,41,No,0,0,0,1,1,0,False,False,1.002895784642934,-0.7896029089321326
Female,1,No,60,Yes,No,DSL,116,No,0,0,1,0,0,0,True,False,1.125056875803025,1.7029598047625698
Male,1,No,6,Yes,No,DSL,45,No,1,0,1,0,0,0,False,False,-1.0738427650786138,-0.6566662308684151
Male,0,Yes,55,Yes,Yes,Fiber optic,90,No,1,1,1,1,1,0,True,False,0.9214550572028734,0.8388713973484064
Female,1,No,72,Yes,No,DSL,110,No,0,0,1,0,0,0,False,True,1.6137012404433893,1.5035547876669937
Male,0,No,70,Yes,No,DSL,68,No,1,0,1,0,0,0,False,False,1.5322605130033284,0.10771966799796033
Male,0,Yes,17,Yes,Yes,Fiber optic,89,Yes,1,1,1,1,1,1,False,False,-0.62591876415828,0.805637227832477
Male,0,No,9,Yes,Yes,Fiber optic,60,No,1,0,1,1,1,0,False,False,-0.9516816739185228,-0.15815368812947458
Male,0,Yes,51,Yes,Yes,Fiber optic,60,No,1,1,1,1,1,0,False,False,0.758573602322752,-0.15815368812947458
Female,0,Yes,67,Yes,Yes,Fiber optic,70,No,0,1,1,1,1,0,True,False,1.4100994218432374,0.17418800702981907
Female,0,No,1,Yes,No,DSL,76,Yes,0,0,1,0,0,1,False,False,-1.2774445836787656,0.37359302412539525
Female,0,No,3,No,Yes,DSL,25,Yes,0,0,0,1,0,1,True,False,-1.1960038562387048,-1.3213496211870024
Female,0,No,6,No,No,Fiber optic,51,No,0,0,0,0,1,0,False,False,-1.0738427650786138,-0.4572612137728389
Female,0,Yes,10,Yes,No,Fiber optic,66,No,0,1,1,0,1,0,False,False,-0.9109613101984924,0.0412513289661016
Female,0,No,21,Yes,No,DSL,86,No,0,0,1,0,0,0,True,False,-0.46303730927815856,0.7059347192846889
Female,0,No,13,Yes,No,DSL,94,Yes,0,0,1,0,0,1,False,True,-0.7888002190384014,0.9718080754121239
Male,0,No,51,Yes,No,DSL,75,No,1,0,1,0,0,0,False,False,0.758573602322752,0.3403588546094659
Male,0,No,25,Yes,No,Fiber optic,21,No,1,0,1,0,1,0,False,False,-0.30015585439803716,-1.45428629925072
Female,0,Yes,71,Yes,No,DSL,20,No,0,1,1,0,0,0,False,False,1.5729808767233588,-1.4875204687666492
Female,0,No,3,Yes,No,DSL,75,No,0,0,1,0,0,0,False,False,-1.1960038562387048,0.3403588546094659
Male,0,No,1,Yes,No,DSL,80,Yes,1,0,1,0,0,1,False,False,-1.2774445836787656,0.5065297021891128
Male,1,No,65,Yes,Yes,DSL,99,No,1,0,1,1,0,0,True,False,1.3286586944031769,1.1379789229917707
Male,0,Yes,65,Yes,No,DSL,72,Yes,1,1,1,0,0,1,True,False,1.3286586944031769,0.2406563460616778
Female,0,No,64,Yes,No,DSL,24,No,0,0,1,0,0,0,False,False,1.2879383306831464,-1.3545837907029317
Male,0,No,38,Yes,Yes,Fiber optic,71,No,1,0,1,1,1,0,False,False,0.22920887396235737,0.20742217654574843
Female,0,No,56,Yes,No,DSL,110,No,0,0,1,0,0,0,False,False,0.9621754209229036,1.5035547876669937
Female,0,Yes,72,Yes,No,DSL,20,No,0,1,1,0,0,0,False,True,1.6137012404433893,-1.4875204687666492
Female,0,Yes,9,Yes,No,Fiber optic,69,No,0,1,1,0,1,0,False,False,-0.9516816739185228,0.1409538375138897
Female,0,No,38,Yes,No,DSL,20,No,0,0,1,0,0,0,True,False,0.22920887396235737,-1.4875204687666492
Male,0,Yes,44,Yes,No,Fiber optic,55,No,1,1,1,0,1,0,False,False,0.47353105628253944,-0.32432453570912145
Male,0,No,71,Yes,No,Fiber optic,80,No,1,0,1,0,1,0,True,False,1.5729808767233588,0.5065297021891128
Female,0,No,57,Yes,No,DSL,100,No,0,0,1,0,0,0,False,False,1.002895784642934,1.1712130925077
Female,0,No,43,No,Yes,Fiber optic,49,Yes,0,0,0,1,1,1,False,False,0.43281069256250915,-0.5237295528046976
Female,0,No,17,Yes,Yes,DSL,20,No,0,0,1,1,0,0,False,False,-0.62591876415828,-1.4875204687666492
Male,0,No,7,Yes,Yes,DSL,87,Yes,1,0,1,1,0,1,False,False,-1.0331224013585834,0.7391688888006183
Female,0,No,2,Yes,No,DSL,80,Yes,0,0,1,0,0,1,True,False,-1.2367242199587352,0.5065297021891128
Male,0,No,50,Yes,No,Fiber optic,25,No,1,0,1,0,1,0,False,False,0.7178532386027215,-1.3213496211870024
Female,0,No,72,Yes,No,DSL,83,No,0,0,1,0,0,0,False,False,1.6137012404433893,0.6062322107369008
Female,0,Yes,13,Yes,No,Fiber optic,89,No,0,1,1,0,1,0,False,False,-0.7888002190384014,0.805637227832477
Male,0,No,19,Yes,No,DSL,70,No,1,0,1,0,0,0,False,False,-0.5444780367182193,0.17418800702981907
Male,0,Yes,30,Yes,No,Fiber optic,21,No,1,1,1,0,1,0,False,False,-0.0965540357978854,-1.45428629925072
Female,0,No,58,Yes,No,DSL,106,Yes,0,0,1,0,0,1,False,False,1.0436161483629645,1.3706181096032763
Male,0,Yes,7,Yes,No,Fiber optic,21,No,1,1,1,0,1,0,False,False,-1.0331224013585834,-1.45428629925072
Male,0,Yes,55,Yes,No,DSL,20,No,1,1,1,0,0,0,False,False,0.9214550572028734,-1.4875204687666492
Male,0,Yes,15,Yes,Yes,DSL,20,No,1,1,1,1,0,0,False,False,-0.7073594915983407,-1.4875204687666492
Male,0,Yes,68,Yes,Yes,Fiber optic,89,No,1,1,1,1,1,0,False,False,1.4508197855632678,0.805637227832477
Female,0,No,54,Yes,No,DSL,100,Yes,0,0,1,0,0,1,False,False,0.880734693482843,1.1712130925077
Female,0,No,25,No,Yes,DSL,48,No,0,0,0,1,0,0,False,False,-0.30015585439803716,-0.556963722320627
Female,0,No,1,Yes,No,DSL,84,Yes,0,0,1,0,0,1,False,False,-1.2774445836787656,0.6394663802528302
Male,0,No,72,Yes,No,DSL,21,No,1,0,1,0,0,0,False,False,1.6137012404433893,-1.45428629925072
Male,0,No,63,Yes,No,DSL,72,No,1,0,1,0,0,0,False,False,1.247217966963116,0.2406563460616778
Male,0,Yes,42,Yes,Yes,Fiber optic,20,No,1,1,1,1,1,0,True,False,0.3920903288424788,-1.4875204687666492
Male,1,No,37,No,No,DSL,37,No,1,0,0,0,0,0,True,False,0.18848851024232702,-0.92253958699585
Female,0,No,4,Yes,Yes,Fiber optic,20,Yes,0,0,1,1,1,1,False,False,-1.1552834925186746,-1.4875204687666492
Male,0,No,13,Yes,Yes,Fiber optic,19,No,1,0,1,1,1,0,True,False,-0.7888002190384014,-1.5207546382825785
Female,0,No,3,Yes,Yes,Fiber optic,21,No,0,0,1,1,1,0,False,False,-1.1960038562387048,-1.45428629925072
Female,0,No,1,Yes,No,Fiber optic,51,Yes,0,0,1,0,1,1,False,True,-1.2774445836787656,-0.4572612137728389
Female,0,No,68,Yes,Yes,Fiber optic,90,No,0,0,1,1,1,0,False,False,1.4508197855632678,0.8388713973484064
Male,0,No,10,Yes,No,DSL,60,No,1,0,1,0,0,0,True,False,-0.9109613101984924,-0.15815368812947458
Male,0,Yes,62,Yes,No,DSL,81,No,1,1,1,0,0,0,False,True,1.2064976032430856,0.5397638717050421
Male,0,No,49,Yes,Yes,Fiber optic,20,No,1,0,1,1,1,0,False,False,0.6771328748826912,-1.4875204687666492
Male,0,Yes,46,Yes,No,Fiber optic,20,No,1,1,1,0,1,0,True,False,0.5549717837226001,-1.4875204687666492
Male,0,No,52,No,No,DSL,64,No,1,0,0,0,0,0,False,False,0.7992939660427822,-0.025217010065757134
Female,0,Yes,26,Yes,Yes,DSL,82,No,0,1,1,1,0,0,False,False,-0.2594354906780068,0.5729980412209714
Female,0,Yes,8,Yes,No,DSL,20,No,0,1,1,0,0,0,False,True,-0.9924020376385531,-1.4875204687666492
Female,0,No,2,Yes,No,DSL,76,Yes,0,0,1,0,0,1,False,False,-1.2367242199587352,0.37359302412539525
Female,0,Yes,69,Yes,No,DSL,20,No,0,1,1,0,0,0,False,False,1.4915401492832983,-1.4875204687666492
Female,0,No,4,No,Yes,DSL,29,No,0,0,0,1,0,0,False,True,-1.1552834925186746,-1.188412943123285
Male,0,No,11,Yes,No,Fiber optic,76,No,1,0,1,0,1,0,False,False,-0.8702409464784621,0.37359302412539525
Male,1,No,9,Yes,Yes,Fiber optic,49,No,1,0,1,1,1,0,False,False,-0.9516816739185228,-0.5237295528046976
Female,0,No,29,Yes,No,DSL,69,Yes,0,0,1,0,0,1,False,True,-0.13727439951791576,0.1409538375138897
Male,1,Yes,60,Yes,No,DSL,93,No,1,1,1,0,0,0,False,False,1.125056875803025,0.9385739058961945
Male,1,No,27,No,No,DSL,31,Yes,1,0,0,0,0,1,True,False,-0.21871512695797646,-1.1219446040914263
Male,0,Yes,57,Yes,No,DSL,20,No,1,1,1,0,0,0,False,False,1.002895784642934,-1.4875204687666492
Female,0,Yes,1,Yes,Yes,DSL,74,Yes,0,1,1,1,0,1,False,True,-1.2774445836787656,0.3071246850935365
Female,0,No,1,Yes,No,DSL,92,Yes,0,0,1,0,0,1,False,False,-1.2774445836787656,0.9053397363802651
Female,0,No,37,Yes,No,DSL,20,No,0,0,1,0,0,0,False,False,0.18848851024232702,-1.4875204687666492
Male,1,Yes,72,No,Yes,Fiber optic,65,No,1,1,0,1,1,0,False,False,1.6137012404433893,0.008017159450172232
Female,0,Yes,31,Yes,No,Fiber optic,91,Yes,0,1,1,0,1,1,False,False,-0.055833672077855064,0.8721055668643357
Female,0,No,52,Yes,Yes,Fiber optic,59,No,0,0,1,1,1,0,False,True,0.7992939660427822,-0.19138785764540397
Female,1,No,48,Yes,Yes,DSL,59,No,0,0,1,1,0,0,False,True,0.6364125111626608,-0.19138785764540397
Female,0,No,22,Yes,No,DSL,89,Yes,0,0,1,0,0,1,False,False,-0.4223169455581282,0.805637227832477
Female,0,No,13,Yes,No,DSL,75,Yes,0,0,1,0,0,1,False,False,-0.7888002190384014,0.3403588546094659
Male,0,No,6,Yes,No,DSL,80,No,1,0,1,0,0,0,False,False,-1.0738427650786138,0.5065297021891128
Female,0,No,7,Yes,Yes,Fiber optic,54,No,0,0,1,1,1,0,True,False,-1.0331224013585834,-0.3575587052250508
Female,0,Yes,71,Yes,Yes,Fiber optic,109,No,0,1,1,1,1,0,False,False,1.5729808767233588,1.4703206181510644
Male,0,Yes,3,Yes,No,DSL,70,Yes,1,1,1,0,0,1,False,True,-1.1960038562387048,0.17418800702981907
Male,0,Yes,48,Yes,Yes,Fiber optic,64,No,1,1,1,1,1,0,False,False,0.6364125111626608,-0.025217010065757134
Male,0,Yes,9,Yes,No,DSL,55,No,1,1,1,0,0,0,True,False,-0.9516816739185228,-0.32432453570912145
Male,1,No,7,Yes,Yes,DSL,74,Yes,1,0,1,1,0,1,False,True,-1.0331224013585834,0.3071246850935365
Female,0,Yes,18,No,No,DSL,35,Yes,0,1,0,0,0,1,False,False,-0.5851984004382496,-0.9890079260277087
Male,1,No,11,Yes,No,Fiber optic,60,No,1,0,1,0,1,0,True,False,-0.8702409464784621,-0.15815368812947458
Female,0,No,9,Yes,No,Fiber optic,85,No,0,0,1,0,1,0,False,False,-0.9516816739185228,0.6727005497687596
Male,1,No,10,Yes,Yes,Fiber optic,79,Yes,1,0,1,1,1,1,True,False,-0.9109613101984924,0.47329553267318336
Male,0,No,1,Yes,Yes,DSL,20,No,1,0,1,1,0,0,False,True,-1.2774445836787656,-1.4875204687666492
Female,1,No,26,Yes,Yes,DSL,85,Yes,0,0,1,1,0,1,False,True,-0.2594354906780068,0.6727005497687596
Male,0,No,7,Yes,No,DSL,44,No,1,0,1,0,0,0,False,True,-1.0331224013585834,-0.6899004003843444
Female,0,No,46,Yes,No,DSL,104,No,0,0,1,0,0,0,False,False,0.5549717837226001,1.3041497705714176
Male,0,Yes,27,Yes,No,DSL,26,No,1,1,1,0,0,0,False,True,-0.21871512695797646,-1.288115451671073
Male,0,No,1,Yes,No,Fiber optic,70,Yes,1,0,1,0,1,1,False,False,-1.2774445836787656,0.17418800702981907
Female,1,No,40,No,No,DSL,56,Yes,0,0,0,0,0,1,False,False,0.3106496014024181,-0.29109036619319206
Male,0,Yes,49,Yes,No,DSL,75,Yes,1,1,1,0,0,1,False,True,0.6771328748826912,0.3403588546094659
Male,0,No,68,Yes,Yes,DSL,108,Yes,1,0,1,1,0,1,False,True,1.4508197855632678,1.437086448635135
Female,0,Yes,18,Yes,No,DSL,58,No,0,1,1,0,0,0,False,False,-0.5851984004382496,-0.22462202716133334
Female,1,No,28,Yes,Yes,Fiber optic,106,Yes,0,0,1,1,1,1,True,False,-0.1779947632379461,1.3706181096032763
Female,0,No,72,Yes,No,DSL,101,No,0,0,1,0,0,0,True,False,1.6137012404433893,1.2044472620236295
Female,0,No,62,Yes,No,Fiber optic,85,No,0,0,1,0,1,0,True,False,1.2064976032430856,0.6727005497687596
Female,0,Yes,34,Yes,No,DSL,25,No,0,1,1,0,0,0,False,False,0.06632741908223598,-1.3213496211870024
Female,0,No,46,Yes,No,Fiber optic,56,No,0,0,1,0,1,0,False,False,0.5549717837226001,-0.29109036619319206
Male,0,No,31,Yes,No,DSL,82,No,1,0,1,0,0,0,False,False,-0.055833672077855064,0.5729980412209714
Male,0,No,27,Yes,Yes,Fiber optic,100,No,1,0,1,1,1,0,False,True,-0.21871512695797646,1.1712130925077
Male,0,Yes,30,Yes,Yes,Fiber optic,54,No,1,1,1,1,1,0,False,False,-0.0965540357978854,-0.3575587052250508
Male,0,Yes,11,Yes,No,Fiber optic,86,No,1,1,1,0,1,0,False,True,-0.8702409464784621,0.7059347192846889
Female,1,No,46,Yes,No,DSL,110,Yes,0,0,1,0,0,1,True,False,0.5549717837226001,1.5035547876669937
Female,0,No,44,Yes,Yes,Fiber optic,50,No,0,0,1,1,1,0,False,False,0.47353105628253944,-0.49049538328876824
Female,0,No,42,Yes,Yes,DSL,68,No,0,0,1,1,0,0,False,False,0.3920903288424788,0.10771966799796033
Male,0,No,18,Yes,Yes,Fiber optic,50,Yes,1,0,1,1,1,1,False,False,-0.5851984004382496,-0.49049538328876824
Female,0,No,50,Yes,Yes,DSL,19,No,0,0,1,1,0,0,True,False,0.7178532386027215,-1.5207546382825785
Female,0,Yes,7,Yes,Yes,Fiber optic,51,No,0,1,1,1,1,0,False,False,-1.0331224013585834,-0.4572612137728389
Female,0,Yes,66,Yes,No,DSL,90,No,0,1,1,0,0,0,False,False,1.369379058123207,0.8388713973484064
Female,0,Yes,26,No,No,DSL,46,No,0,1,0,0,0,0,False,False,-0.2594354906780068,-0.6234320613524857
Male,0,No,1,Yes,No,DSL,69,Yes,1,0,1,0,0,1,True,False,-1.2774445836787656,0.1409538375138897
Male,0,No,67,Yes,No,DSL,93,No,1,0,1,0,0,0,False,False,1.4100994218432374,0.9385739058961945
Female,0,No,26,Yes,Yes,DSL,100,No,0,0,1,1,0,0,False,False,-0.2594354906780068,1.1712130925077
Female,0,No,52,Yes,No,DSL,95,No,0,0,1,0,0,0,False,False,0.7992939660427822,1.0050422449280532
Female,0,Yes,12,Yes,No,DSL,77,No,0,1,1,0,0,0,False,False,-0.8295205827584317,0.40682719364132464
Male,1,No,10,Yes,Yes,Fiber optic,73,Yes,1,0,1,1,1,1,False,False,-0.9109613101984924,0.2738905155776072
Female,0,No,1,Yes,No,Fiber optic,44,No,0,0,1,0,1,0,False,False,-1.2774445836787656,-0.6899004003843444
Female,1,No,47,Yes,No,DSL,67,No,0,0,1,0,0,0,False,True,0.5956921474426305,0.07448549848203097
Male,0,No,57,Yes,Yes,Fiber optic,90,No,1,0,1,1,1,0,False,False,1.002895784642934,0.8388713973484064
Female,0,No,1,Yes,No,DSL,71,Yes,0,0,1,0,0,1,True,False,-1.2774445836787656,0.20742217654574843
Male,1,No,72,Yes,Yes,Fiber optic,114,No,1,0,1,1,1,0,False,False,1.6137012404433893,1.6364914657307112
Female,1,No,45,No,No,Fiber optic,34,No,0,0,0,0,1,0,True,False,0.5142514200025698,-1.0222420955436382
Female,0,No,38,Yes,Yes,Fiber optic,20,No,0,0,1,1,1,0,False,False,0.22920887396235737,-1.4875204687666492
Male,0,Yes,1,Yes,No,Fiber optic,90,No,1,1,1,0,1,0,False,False,-1.2774445836787656,0.8388713973484064
Male,0,Yes,17,Yes,No,DSL,81,No,1,1,1,0,0,0,False,False,-0.62591876415828,0.5397638717050421
Female,0,Yes,59,Yes,Yes,DSL,76,No,0,1,1,1,0,0,True,False,1.0843365120829946,0.37359302412539525
Male,0,No,15,Yes,Yes,DSL,101,Yes,1,0,1,1,0,1,False,False,-0.7073594915983407,1.2044472620236295
Male,0,No,32,Yes,Yes,DSL,73,No,1,0,1,1,0,0,True,False,-0.015113308357824713,0.2738905155776072
Male,0,No,43,Yes,Yes,Fiber optic,20,No,1,0,1,1,1,0,False,True,0.43281069256250915,-1.4875204687666492
Male,1,No,71,Yes,Yes,Fiber optic,25,No,1,0,1,1,1,0,False,False,1.5729808767233588,-1.3213496211870024
Female,0,No,54,Yes,No,DSL,115,No,0,0,1,0,0,0,False,False,0.880734693482843,1.6697256352466405
Female,0,No,5,Yes,Yes,Fiber optic,81,Yes,0,0,1,1,1,1,False,False,-1.1145631287986442,0.5397638717050421
Female,0,Yes,14,Yes,Yes,Fiber optic,20,No,0,1,1,1,1,0,False,False,-0.748079855318371,-1.4875204687666492
Female,0,Yes,62,Yes,No,DSL,100,Yes,0,1,1,0,0,1,True,False,1.2064976032430856,1.1712130925077
Female,1,Yes,72,Yes,No,DSL,90,No,0,1,1,0,0,0,False,False,1.6137012404433893,0.8388713973484064
Male,0,No,42,Yes,Yes,DSL,108,No,1,0,1,1,0,0,False,True,0.3920903288424788,1.437086448635135
Female,0,No,2,Yes,Yes,Fiber optic,70,No,0,0,1,1,1,0,False,False,-1.2367242199587352,0.17418800702981907
Female,1,No,72,Yes,No,DSL,26,No,0,0,1,0,0,0,True,False,1.6137012404433893,-1.288115451671073
Female,0,Yes,30,Yes,Yes,DSL,25,No,0,1,1,1,0,0,True,False,-0.0965540357978854,-1.3213496211870024
Male,0,No,40,Yes,Yes,DSL,97,Yes,1,0,1,1,0,1,False,True,0.3106496014024181,1.071510583959912
Female,0,Yes,25,No,Yes,Fiber optic,35,No,0,1,0,1,1,0,False,False,-0.30015585439803716,-0.9890079260277087
Male,0,No,65,Yes,No,DSL,67,No,1,0,1,0,0,0,False,True,1.3286586944031769,0.07448549848203097
Female,0,No,14,Yes,No,DSL,20,No,0,0,1,0,0,0,False,True,-0.748079855318371,-1.4875204687666492
Female,0,Yes,35,Yes,Yes,DSL,20,No,0,1,1,1,0,0,False,False,0.10704778280226633,-1.4875204687666492
Female,0,No,30,Yes,No,DSL,70,No,0,0,1,0,0,0,True,False,-0.0965540357978854,0.17418800702981907
Female,0,Yes,30,Yes,Yes,DSL,86,No,0,1,1,1,0,0,True,False,-0.0965540357978854,0.7059347192846889
Male,0,No,64,Yes,No,DSL,100,No,1,0,1,0,0,0,True,False,1.2879383306831464,1.1712130925077
Male,0,Yes,71,Yes,No,Fiber optic,90,No,1,1,1,0,1,0,False,False,1.5729808767233588,0.8388713973484064
Male,0,No,3,No,No,DSL,37,Yes,1,0,0,0,0,1,False,True,-1.1960038562387048,-0.92253958699585
Male,0,No,8,Yes,No,Fiber optic,75,No,1,0,1,0,1,0,False,False,-0.9924020376385531,0.3403588546094659
Male,0,No,13,Yes,Yes,Fiber optic,99,Yes,1,0,1,1,1,1,False,False,-0.7888002190384014,1.1379789229917707
Female,0,No,48,Yes,No,DSL,25,No,0,0,1,0,0,0,False,False,0.6364125111626608,-1.3213496211870024
Male,0,No,26,Yes,Yes,Fiber optic,85,No,1,0,1,1,1,0,False,False,-0.2594354906780068,0.6727005497687596
Female,0,No,36,Yes,No,DSL,76,No,0,0,1,0,0,0,True,False,0.14776814652229667,0.37359302412539525
Female,0,Yes,50,Yes,No,DSL,70,No,0,1,1,0,0,0,False,False,0.7178532386027215,0.17418800702981907
Male,0,No,49,Yes,No,DSL,55,No,1,0,1,0,0,0,False,False,0.6771328748826912,-0.32432453570912145
Male,1,No,43,Yes,No,DSL,101,No,1,0,1,0,0,0,True,False,0.43281069256250915,1.2044472620236295
Male,0,Yes,8,Yes,No,DSL,19,No,1,1,1,0,0,0,False,False,-0.9924020376385531,-1.5207546382825785
Female,0,Yes,2,Yes,Yes,DSL,61,No,0,1,1,1,0,0,True,False,-1.2367242199587352,-0.12491951861354524
Male,0,Yes,53,Yes,No,Fiber optic,86,No,1,1,1,0,1,0,False,False,0.8400143297628127,0.7059347192846889
Female,0,No,64,Yes,Yes,Fiber optic,97,No,0,0,1,1,1,0,False,False,1.2879383306831464,1.071510583959912
Male,0,No,17,Yes,Yes,Fiber optic,56,No,1,0,1,1,1,0,False,False,-0.62591876415828,-0.29109036619319206
Male,0,No,53,Yes,Yes,DSL,20,No,1,0,1,1,0,0,True,False,0.8400143297628127,-1.4875204687666492
Male,0,No,1,Yes,No,DSL,51,No,1,0,1,0,0,0,False,True,-1.2774445836787656,-0.4572612137728389
Female,0,Yes,48,Yes,Yes,Fiber optic,100,No,0,1,1,1,1,0,False,False,0.6364125111626608,1.1712130925077
Female,0,Yes,8,No,No,Fiber optic,38,No,0,1,0,0,1,0,False,False,-0.9924020376385531,-0.8893054174799206
Female,0,Yes,10,Yes,Yes,DSL,91,No,0,1,1,1,0,0,False,True,-0.9109613101984924,0.8721055668643357
Male,0,No,40,Yes,No,DSL,81,No,1,0,1,0,0,0,False,True,0.3106496014024181,0.5397638717050421
Female,0,Yes,32,Yes,Yes,Fiber optic,74,No,0,1,1,1,1,0,False,True,-0.015113308357824713,0.3071246850935365
Male,1,No,41,Yes,Yes,Fiber optic,95,No,1,0,1,1,1,0,False,False,0.35136996512244845,1.0050422449280532
Female,0,No,25,Yes,No,DSL,100,Yes,0,0,1,0,0,1,True,False,-0.30015585439803716,1.1712130925077
Male,0,Yes,22,Yes,Yes,DSL,89,No,1,1,1,1,0,0,False,False,-0.4223169455581282,0.805637227832477
Female,0,No,72,Yes,No,DSL,25,No,0,0,1,0,0,0,False,False,1.6137012404433893,-1.3213496211870024
Male,0,No,24,Yes,Yes,DSL,25,No,1,0,1,1,0,0,True,False,-0.3408762181180675,-1.3213496211870024
Male,0,No,24,Yes,No,Fiber optic,60,No,1,0,1,0,1,0,False,False,-0.3408762181180675,-0.15815368812947458
Female,1,No,64,Yes,Yes,Fiber optic,75,No,0,0,1,1,1,0,False,True,1.2879383306831464,0.3403588546094659
Male,0,No,3,Yes,Yes,Fiber optic,108,No,1,0,1,1,1,0,False,False,-1.1960038562387048,1.437086448635135
Male,0,No,1,Yes,No,DSL,50,No,1,0,1,0,0,0,False,False,-1.2774445836787656,-0.49049538328876824
Male,1,No,63,Yes,No,Fiber optic,109,No,1,0,1,0,1,0,True,False,1.247217966963116,1.4703206181510644
Female,0,Yes,13,Yes,No,Fiber optic,53,No,0,1,1,0,1,0,False,False,-0.7888002190384014,-0.3907928747409802
Male,0,No,20,No,No,Fiber optic,55,No,1,0,0,0,1,0,False,False,-0.5037576729981889,-0.32432453570912145
Female,0,Yes,54,Yes,Yes,DSL,86,No,0,1,1,1,0,0,False,False,0.880734693482843,0.7059347192846889
Female,0,Yes,38,Yes,No,DSL,20,No,0,1,1,0,0,0,False,True,0.22920887396235737,-1.4875204687666492
Male,1,No,1,Yes,Yes,Fiber optic,70,Yes,1,0,1,1,1,1,False,False,-1.2774445836787656,0.17418800702981907
Male,0,No,67,No,No,DSL,44,No,1,0,0,0,0,0,True,False,1.4100994218432374,-0.6899004003843444
Male,0,No,55,Yes,Yes,Fiber optic,97,Yes,1,0,1,1,1,1,False,False,0.9214550572028734,1.071510583959912
Male,0,Yes,53,Yes,No,DSL,64,No,1,1,1,0,0,0,False,True,0.8400143297628127,-0.025217010065757134
Female,0,Yes,29,Yes,No,DSL,26,No,0,1,1,0,0,0,False,False,-0.13727439951791576,-1.288115451671073
Female,0,No,14,Yes,No,DSL,56,No,0,0,1,0,0,0,False,False,-0.748079855318371,-0.29109036619319206
Female,0,No,48,Yes,Yes,Fiber optic,60,Yes,0,0,1,1,1,1,False,False,0.6364125111626608,-0.15815368812947458
Female,0,No,48,Yes,No,DSL,70,No,0,0,1,0,0,0,False,False,0.6364125111626608,0.17418800702981907
Male,0,Yes,1,Yes,No,DSL,60,No,1,1,1,0,0,0,False,True,-1.2774445836787656,-0.15815368812947458
Male,0,Yes,44,Yes,No,DSL,25,No,1,1,1,0,0,0,False,False,0.47353105628253944,-1.3213496211870024
Male,0,Yes,45,Yes,Yes,Fiber optic,96,No,1,1,1,1,1,0,False,False,0.5142514200025698,1.0382764144439827
Female,0,No,56,Yes,No,Fiber optic,74,Yes,0,0,1,0,1,1,False,False,0.9621754209229036,0.3071246850935365
Male,0,No,14,No,Yes,DSL,31,No,1,0,0,1,0,0,False,True,-0.748079855318371,-1.1219446040914263
Male,0,No,2,Yes,Yes,DSL,71,No,1,0,1,1,0,0,False,False,-1.2367242199587352,0.20742217654574843
Male,1,No,36,Yes,No,Fiber optic,54,No,1,0,1,0,1,0,False,False,0.14776814652229667,-0.3575587052250508
Female,0,No,5,No,Yes,DSL,40,Yes,0,0,0,1,0,1,True,False,-1.1145631287986442,-0.8228370784480619
Female,0,Yes,69,Yes,Yes,DSL,61,No,0,1,1,1,0,0,False,False,1.4915401492832983,-0.12491951861354524
Male,0,Yes,62,Yes,No,DSL,108,No,1,1,1,0,0,0,False,False,1.2064976032430856,1.437086448635135
Female,0,No,1,Yes,Yes,Fiber optic,20,No,0,0,1,1,1,0,False,True,-1.2774445836787656,-1.4875204687666492
Female,0,No,34,Yes,Yes,Fiber optic,65,No,0,0,1,1,1,0,False,False,0.06632741908223598,0.008017159450172232
Male,0,No,16,Yes,Yes,DSL,81,No,1,0,1,1,0,0,False,False,-0.6666391278783103,0.5397638717050421
Female,0,Yes,14,Yes,No,DSL,19,No,0,1,1,0,0,0,False,True,-0.748079855318371,-1.5207546382825785
Male,0,Yes,49,Yes,No,Fiber optic,98,No,1,1,1,0,1,0,False,False,0.6771328748826912,1.1047447534758412
Male,0,No,2,Yes,No,Fiber optic,80,Yes,1,0,1,0,1,1,False,False,-1.2367242199587352,0.5065297021891128
Male,0,Yes,26,Yes,No,DSL,19,No,1,1,1,0,0,0,False,False,-0.2594354906780068,-1.5207546382825785
Male,0,No,22,Yes,Yes,DSL,96,No,1,0,1,1,0,0,True,False,-0.4223169455581282,1.0382764144439827
Male,0,Yes,33,Yes,Yes,Fiber optic,74,Yes,1,1,1,1,1,1,False,False,0.025607055362205634,0.3071246850935365
Male,0,Yes,4,Yes,No,DSL,20,No,1,1,1,0,0,0,True,False,-1.1552834925186746,-1.4875204687666492
Male,0,No,19,Yes,No,DSL,20,No,1,0,1,0,0,0,False,True,-0.5444780367182193,-1.4875204687666492
Male,0,Yes,57,Yes,Yes,DSL,90,No,1,1,1,1,0,0,False,False,1.002895784642934,0.8388713973484064
Male,0,No,51,Yes,Yes,DSL,86,No,1,0,1,1,0,0,False,True,0.758573602322752,0.7059347192846889
Male,0,No,1,Yes,No,DSL,44,Yes,1,0,1,0,0,1,False,True,-1.2774445836787656,-0.6899004003843444
Male,0,No,3,Yes,No,DSL,90,No,1,0,1,0,0,0,True,False,-1.1960038562387048,0.8388713973484064
Male,0,Yes,1,Yes,Yes,Fiber optic,20,No,1,1,1,1,1,0,False,False,-1.2774445836787656,-1.4875204687666492
Female,0,No,15,No,Yes,Fiber optic,46,No,0,0,0,1,1,0,False,False,-0.7073594915983407,-0.6234320613524857
Male,0,No,52,Yes,Yes,Fiber optic,80,No,1,0,1,1,1,0,False,False,0.7992939660427822,0.5065297021891128
Male,0,No,56,Yes,Yes,Fiber optic,100,Yes,1,0,1,1,1,1,False,False,0.9621754209229036,1.1712130925077
Male,0,No,3,Yes,Yes,Fiber optic,77,Yes,1,0,1,1,1,1,False,False,-1.1960038562387048,0.40682719364132464
Female,0,No,26,No,No,Fiber optic,35,No,0,0,0,0,1,0,False,False,-0.2594354906780068,-0.9890079260277087
Female,0,No,68,Yes,No,Fiber optic,111,No,0,0,1,0,1,0,False,True,1.4508197855632678,1.536788957182923
Female,0,No,4,Yes,No,DSL,51,No,0,0,1,0,0,0,False,False,-1.1552834925186746,-0.4572612137728389
Male,0,Yes,72,Yes,No,DSL,26,No,1,1,1,0,0,0,True,False,1.6137012404433893,-1.288115451671073
Female,0,No,40,Yes,No,Fiber optic,106,No,0,0,1,0,1,0,False,False,0.3106496014024181,1.3706181096032763
Male,1,Yes,66,Yes,No,Fiber optic,100,Yes,1,1,1,0,1,1,False,False,1.369379058123207,1.1712130925077
Male,0,Yes,1,Yes,No,DSL,20,No,1,1,1,0,0,0,False,False,-1.2774445836787656,-1.4875204687666492
Female,1,No,19,Yes,No,DSL,105,No,0,0,1,0,0,0,False,False,-0.5444780367182193,1.3373839400873468
Male,0,No,42,Yes,No,Fiber optic,20,No,1,0,1,0,1,0,False,False,0.3920903288424788,-1.4875204687666492
Male,0,Yes,34,Yes,Yes,DSL,98,No,1,1,1,1,0,0,False,False,0.06632741908223598,1.1047447534758412
Female,0,No,1,Yes,Yes,DSL,81,Yes,0,0,1,1,0,1,True,False,-1.2774445836787656,0.5397638717050421
Male,0,Yes,72,Yes,Yes,Fiber optic,89,No,1,1,1,1,1,0,False,False,1.6137012404433893,0.805637227832477
Female,0,No,51,Yes,Yes,DSL,20,No,0,0,1,1,0,0,False,False,0.758573602322752,-1.4875204687666492
Female,1,No,55,Yes,Yes,Fiber optic,85,Yes,0,0,1,1,1,1,False,True,0.9214550572028734,0.6727005497687596
Female,0,Yes,66,Yes,Yes,Fiber optic,102,Yes,0,1,1,1,1,1,False,False,1.369379058123207,1.2376814315395588
Female,1,No,30,Yes,No,DSL,90,No,0,0,1,0,0,0,False,False,-0.0965540357978854,0.8388713973484064
Male,1,No,34,Yes,Yes,Fiber optic,90,No,1,0,1,1,1,0,False,True,0.06632741908223598,0.8388713973484064
Female,0,No,55,Yes,Yes,Fiber optic,78,Yes,0,0,1,1,1,1,False,False,0.9214550572028734,0.44006136315725397
Female,0,No,54,Yes,No,Fiber optic,95,No,0,0,1,0,1,0,False,False,0.880734693482843,1.0050422449280532
Male,0,No,57,No,No,Fiber optic,39,Yes,1,0,0,0,1,1,False,False,1.002895784642934,-0.8560712479639913
Male,0,Yes,11,Yes,Yes,Fiber optic,74,Yes,1,1,1,1,1,1,False,False,-0.8702409464784621,0.3071246850935365
Male,0,No,2,Yes,No,DSL,20,No,1,0,1,0,0,0,False,False,-1.2367242199587352,-1.4875204687666492
Male,1,No,4,Yes,No,DSL,69,No,1,0,1,0,0,0,True,False,-1.1552834925186746,0.1409538375138897
Female,0,Yes,72,Yes,No,DSL,91,No,0,1,1,0,0,0,False,False,1.6137012404433893,0.8721055668643357
Male,0,No,48,Yes,No,DSL,20,No,1,0,1,0,0,0,False,False,0.6364125111626608,-1.4875204687666492
Male,0,No,26,Yes,No,DSL,21,No,1,0,1,0,0,0,True,False,-0.2594354906780068,-1.45428629925072
Female,0,Yes,15,Yes,Yes,Fiber optic,20,No,0,1,1,1,1,0,False,True,-0.7073594915983407,-1.4875204687666492
Female,0,No,15,Yes,Yes,DSL,83,No,0,0,1,1,0,0,False,True,-0.7073594915983407,0.6062322107369008
Male,0,No,64,Yes,Yes,Fiber optic,102,No,1,0,1,1,1,0,False,False,1.2879383306831464,1.2376814315395588
Female,0,No,71,Yes,Yes,DSL,111,No,0,0,1,1,0,0,False,True,1.5729808767233588,1.536788957182923
Male,0,No,63,Yes,No,DSL,69,No,1,0,1,0,0,0,False,True,1.247217966963116,0.1409538375138897
Male,0,No,1,Yes,Yes,Fiber optic,20,No,1,0,1,1,1,0,False,True,-1.2774445836787656,-1.4875204687666492
Female,0,Yes,64,Yes,No,DSL,104,No,0,1,1,0,0,0,True,False,1.2879383306831464,1.3041497705714176
Male,0,No,45,Yes,Yes,Fiber optic,76,No,1,0,1,1,1,0,False,False,0.5142514200025698,0.37359302412539525
Female,0,No,4,Yes,Yes,Fiber optic,20,No,0,0,1,1,1,0,False,False,-1.1552834925186746,-1.4875204687666492
Female,0,No,31,Yes,Yes,Fiber optic,90,Yes,0,0,1,1,1,1,False,False,-0.055833672077855064,0.8388713973484064
Male,0,No,68,Yes,Yes,DSL,110,Yes,1,0,1,1,0,1,False,True,1.4508197855632678,1.5035547876669937
Male,0,No,25,Yes,No,DSL,82,No,1,0,1,0,0,0,False,False,-0.30015585439803716,0.5729980412209714
Male,0,Yes,72,Yes,No,DSL,25,No,1,1,1,0,0,0,False,True,1.6137012404433893,-1.3213496211870024
Female,0,No,36,Yes,Yes,DSL,56,No,0,0,1,1,0,0,False,True,0.14776814652229667,-0.29109036619319206
Male,0,No,1,Yes,No,DSL,44,No,1,0,1,0,0,0,True,False,-1.2774445836787656,-0.6899004003843444
Male,0,Yes,0,Yes,No,DSL,25,No,1,1,1,0,0,0,False,True,-1.318164947398796,-1.3213496211870024
Female,0,No,25,Yes,Yes,Fiber optic,20,No,0,0,1,1,1,0,False,False,-0.30015585439803716,-1.4875204687666492
Female,0,No,8,Yes,Yes,Fiber optic,19,No,0,0,1,1,1,0,False,False,-0.9924020376385531,-1.5207546382825785
Female,0,Yes,37,Yes,Yes,Fiber optic,75,No,0,1,1,1,1,0,True,False,0.18848851024232702,0.3403588546094659
Male,1,No,4,Yes,Yes,DSL,95,No,1,0,1,1,0,0,True,False,-1.1552834925186746,1.0050422449280532
Female,0,Yes,28,Yes,Yes,DSL,83,No,0,1,1,1,0,0,False,False,-0.1779947632379461,0.6062322107369008
Female,0,No,37,No,No,DSL,45,No,0,0,0,0,0,0,True,False,0.18848851024232702,-0.6566662308684151
Male,0,No,8,Yes,No,DSL,20,No,1,0,1,0,0,0,True,False,-0.9924020376385531,-1.4875204687666492
Male,0,Yes,1,Yes,Yes,DSL,49,No,1,1,1,1,0,0,True,False,-1.2774445836787656,-0.5237295528046976
Female,0,Yes,25,Yes,No,Fiber optic,20,No,0,1,1,0,1,0,True,False,-0.30015585439803716,-1.4875204687666492
Male,0,No,26,Yes,Yes,Fiber optic,98,Yes,1,0,1,1,1,1,False,False,-0.2594354906780068,1.1047447534758412
Female,1,No,9,Yes,No,DSL,81,Yes,0,0,1,0,0,1,False,False,-0.9516816739185228,0.5397638717050421
Female,0,Yes,21,Yes,Yes,DSL,103,Yes,0,1,1,1,0,1,False,True,-0.46303730927815856,1.270915601055488
Male,1,No,19,Yes,Yes,Fiber optic,80,Yes,1,0,1,1,1,1,False,False,-0.5444780367182193,0.5065297021891128
Male,0,No,18,No,Yes,Fiber optic,34,No,1,0,0,1,1,0,False,False,-0.5851984004382496,-1.0222420955436382
Male,0,No,32,Yes,No,Fiber optic,108,Yes,1,0,1,0,1,1,False,False,-0.015113308357824713,1.437086448635135
Male,1,No,23,No,Yes,DSL,35,No,1,0,0,1,0,0,True,False,-0.38159658183809786,-0.9890079260277087
Female,0,Yes,55,Yes,No,Fiber optic,75,No,0,1,1,0,1,0,False,False,0.9214550572028734,0.3403588546094659
Male,0,No,43,Yes,No,DSL,26,No,1,0,1,0,0,0,False,False,0.43281069256250915,-1.288115451671073
Male,1,No,2,Yes,No,DSL,45,Yes,1,0,1,0,0,1,False,False,-1.2367242199587352,-0.6566662308684151
Female,0,No,5,Yes,No,DSL,83,No,0,0,1,0,0,0,False,False,-1.1145631287986442,0.6062322107369008
Male,0,Yes,14,Yes,Yes,Fiber optic,61,No,1,1,1,1,1,0,False,True,-0.748079855318371,-0.12491951861354524
Male,0,No,4,Yes,No,DSL,61,No,1,0,1,0,0,0,False,True,-1.1552834925186746,-0.12491951861354524
Male,0,No,4,Yes,No,DSL,45,No,1,0,1,0,0,0,False,True,-1.1552834925186746,-0.6566662308684151
Female,0,No,12,Yes,No,DSL,20,No,0,0,1,0,0,0,False,False,-0.8295205827584317,-1.4875204687666492
Female,0,No,68,Yes,Yes,Fiber optic,86,No,0,0,1,1,1,0,False,False,1.4508197855632678,0.7059347192846889
Male,0,No,10,Yes,Yes,Fiber optic,86,Yes,1,0,1,1,1,1,False,False,-0.9109613101984924,0.7059347192846889
Female,0,No,53,Yes,No,DSL,95,Yes,0,0,1,0,0,1,False,False,0.8400143297628127,1.0050422449280532
Female,0,No,66,Yes,Yes,Fiber optic,89,No,0,0,1,1,1,0,False,False,1.369379058123207,0.805637227832477
Male,0,No,27,Yes,No,DSL,19,No,1,0,1,0,0,0,False,False,-0.21871512695797646,-1.5207546382825785
Female,1,Yes,34,Yes,No,DSL,80,Yes,0,1,1,0,0,1,True,False,0.06632741908223598,0.5065297021891128
Female,1,No,11,Yes,Yes,Fiber optic,85,Yes,0,0,1,1,1,1,True,False,-0.8702409464784621,0.6727005497687596
Female,0,No,64,Yes,No,DSL,26,No,0,0,1,0,0,0,False,False,1.2879383306831464,-1.288115451671073
Female,0,No,13,Yes,No,Fiber optic,82,No,0,0,1,0,1,0,False,True,-0.7888002190384014,0.5729980412209714
Male,0,Yes,3,Yes,Yes,DSL,20,No,1,1,1,1,0,0,False,True,-1.1960038562387048,-1.4875204687666492
Male,0,No,24,Yes,Yes,Fiber optic,90,No,1,0,1,1,1,0,False,False,-0.3408762181180675,0.8388713973484064
Female,0,No,69,Yes,Yes,Fiber optic,61,No,0,0,1,1,1,0,False,False,1.4915401492832983,-0.12491951861354524
Female,0,Yes,20,Yes,Yes,DSL,96,No,0,1,1,1,0,0,False,False,-0.5037576729981889,1.0382764144439827
Female,0,No,48,No,Yes,DSL,45,No,0,0,0,1,0,0,False,True,0.6364125111626608,-0.6566662308684151
Male,0,No,13,No,No,DSL,54,Yes,1,0,0,0,0,1,False,True,-0.7888002190384014,-0.3575587052250508
Male,1,No,5,Yes,No,Fiber optic,86,No,1,0,1,0,1,0,False,False,-1.1145631287986442,0.7059347192846889
Female,0,Yes,5,Yes,Yes,Fiber optic,70,No,0,1,1,1,1,0,True,False,-1.1145631287986442,0.17418800702981907
Male,1,No,1,Yes,No,DSL,74,No,1,0,1,0,0,0,True,False,-1.2774445836787656,0.3071246850935365
Male,0,Yes,30,Yes,Yes,Fiber optic,94,Yes,1,1,1,1,1,1,False,False,-0.0965540357978854,0.9718080754121239
Male,0,No,13,Yes,No,Fiber optic,101,No,1,0,1,0,1,0,False,False,-0.7888002190384014,1.2044472620236295
Female,0,No,61,Yes,No,DSL,94,No,0,0,1,0,0,0,False,True,1.1657772395230555,0.9718080754121239
Female,0,No,4,Yes,No,DSL,20,No,0,0,1,0,0,0,False,False,-1.1552834925186746,-1.4875204687666492
Female,0,Yes,10,Yes,Yes,Fiber optic,55,Yes,0,1,1,1,1,1,True,False,-0.9109613101984924,-0.32432453570912145
Female,0,No,40,Yes,Yes,Fiber optic,64,No,0,0,1,1,1,0,False,False,0.3106496014024181,-0.025217010065757134
Male,0,No,43,Yes,No,DSL,66,No,1,0,1,0,0,0,True,False,0.43281069256250915,0.0412513289661016
Female,0,No,1,No,Yes,Fiber optic,30,No,0,0,0,1,1,0,False,True,-1.2774445836787656,-1.1551787736073555
Male,0,No,9,Yes,No,DSL,70,No,1,0,1,0,0,0,False,False,-0.9516816739185228,0.17418800702981907
Female,1,No,1,Yes,Yes,DSL,70,Yes,0,0,1,1,0,1,True,False,-1.2774445836787656,0.17418800702981907
Female,0,No,19,Yes,Yes,DSL,20,No,0,0,1,1,0,0,False,True,-0.5444780367182193,-1.4875204687666492
Female,0,No,9,Yes,No,DSL,75,No,0,0,1,0,0,0,False,False,-0.9516816739185228,0.3403588546094659
Male,0,No,9,Yes,Yes,Fiber optic,81,No,1,0,1,1,1,0,False,False,-0.9516816739185228,0.5397638717050421
Male,0,Yes,18,Yes,Yes,Fiber optic,20,No,1,1,1,1,1,0,False,False,-0.5851984004382496,-1.4875204687666492
Female,0,No,67,Yes,Yes,Fiber optic,106,No,0,0,1,1,1,0,False,False,1.4100994218432374,1.3706181096032763
Female,0,No,13,Yes,Yes,Fiber optic,44,No,0,0,1,1,1,0,True,False,-0.7888002190384014,-0.6899004003843444
Male,0,No,5,Yes,No,Fiber optic,70,Yes,1,0,1,0,1,1,False,False,-1.1145631287986442,0.17418800702981907
Male,1,No,33,Yes,No,Fiber optic,110,No,1,0,1,0,1,0,False,False,0.025607055362205634,1.5035547876669937
Female,0,No,62,Yes,No,DSL,65,No,0,0,1,0,0,0,True,False,1.2064976032430856,0.008017159450172232
Male,0,No,72,Yes,Yes,Fiber optic,101,No,1,0,1,1,1,0,True,False,1.6137012404433893,1.2044472620236295
Male,0,No,8,Yes,Yes,DSL,84,Yes,1,0,1,1,0,1,True,False,-0.9924020376385531,0.6394663802528302
Female,1,No,1,Yes,No,DSL,46,Yes,0,0,1,0,0,1,False,False,-1.2774445836787656,-0.6234320613524857
Female,0,No,44,Yes,No,DSL,95,No,0,0,1,0,0,0,False,False,0.47353105628253944,1.0050422449280532
Male,0,No,17,Yes,Yes,Fiber optic,97,No,1,0,1,1,1,0,False,True,-0.62591876415828,1.071510583959912
Female,0,Yes,30,Yes,Yes,DSL,100,Yes,0,1,1,1,0,1,False,True,-0.0965540357978854,1.1712130925077
Male,0,Yes,69,Yes,No,DSL,26,No,1,1,1,0,0,0,True,False,1.4915401492832983,-1.288115451671073
Female,0,No,23,Yes,Yes,Fiber optic,50,No,0,0,1,1,1,0,False,True,-0.38159658183809786,-0.49049538328876824
Female,0,No,2,Yes,Yes,DSL,86,Yes,0,0,1,1,0,1,True,False,-1.2367242199587352,0.7059347192846889
Female,1,No,3,Yes,Yes,Fiber optic,45,Yes,0,0,1,1,1,1,False,False,-1.1960038562387048,-0.6566662308684151
Female,0,No,30,Yes,No,DSL,75,No,0,0,1,0,0,0,True,False,-0.0965540357978854,0.3403588546094659
Male,0,No,1,Yes,Yes,Fiber optic,44,No,1,0,1,1,1,0,False,True,-1.2774445836787656,-0.6899004003843444
Female,1,No,8,Yes,No,DSL,100,No,0,0,1,0,0,0,False,False,-0.9924020376385531,1.1712130925077
Male,1,No,59,Yes,No,Fiber optic,83,No,1,0,1,0,1,0,False,False,1.0843365120829946,0.6062322107369008
Female,1,No,7,Yes,No,DSL,51,No,0,0,1,0,0,0,False,False,-1.0331224013585834,-0.4572612137728389
Female,0,Yes,37,Yes,No,DSL,95,No,0,1,1,0,0,0,False,False,0.18848851024232702,1.0050422449280532
Male,0,Yes,49,Yes,No,Fiber optic,109,No,1,1,1,0,1,0,False,False,0.6771328748826912,1.4703206181510644
Female,0,No,26,Yes,No,Fiber optic,82,No,0,0,1,0,1,0,False,False,-0.2594354906780068,0.5729980412209714
Female,0,No,1,Yes,Yes,Fiber optic,80,Yes,0,0,1,1,1,1,False,True,-1.2774445836787656,0.5065297021891128
Female,0,No,62,Yes,No,DSL,114,No,0,0,1,0,0,0,False,True,1.2064976032430856,1.6364914657307112
Female,0,No,17,Yes,Yes,Fiber optic,20,No,0,0,1,1,1,0,False,False,-0.62591876415828,-1.4875204687666492
Male,0,No,36,Yes,No,DSL,95,No,1,0,1,0,0,0,False,False,0.14776814652229667,1.0050422449280532
Male,0,Yes,32,Yes,Yes,Fiber optic,20,No,1,1,1,1,1,0,False,True,-0.015113308357824713,-1.4875204687666492
Male,0,No,2,Yes,Yes,DSL,20,No,1,0,1,1,0,0,False,True,-1.2367242199587352,-1.4875204687666492
Female,0,Yes,30,Yes,No,DSL,19,No,0,1,1,0,0,0,True,False,-0.0965540357978854,-1.5207546382825785
Male,0,No,21,Yes,No,Fiber optic,106,Yes,1,0,1,0,1,1,True,False,-0.46303730927815856,1.3706181096032763
Male,0,No,66,Yes,No,Fiber optic,106,Yes,1,0,1,0,1,1,False,False,1.369379058123207,1.3706181096032763
Male,0,No,32,Yes,No,Fiber optic,80,Yes,1,0,1,0,1,1,False,False,-0.015113308357824713,0.5065297021891128
Female,1,No,3,Yes,No,Fiber optic,80,Yes,0,0,1,0,1,1,False,False,-1.1960038562387048,0.5065297021891128
Female,0,Yes,69,Yes,Yes,Fiber optic,20,No,0,1,1,1,1,0,False,False,1.4915401492832983,-1.4875204687666492
Male,0,No,10,Yes,Yes,Fiber optic,110,Yes,1,0,1,1,1,1,False,True,-0.9109613101984924,1.5035547876669937
Female,1,No,1,Yes,Yes,DSL,69,Yes,0,0,1,1,0,1,False,False,-1.2774445836787656,0.1409538375138897
Male,0,No,69,Yes,Yes,Fiber optic,91,No,1,0,1,1,1,0,False,False,1.4915401492832983,0.8721055668643357
Female,1,No,4,Yes,No,Fiber optic,94,Yes,0,0,1,0,1,1,False,False,-1.1552834925186746,0.9718080754121239
Male,0,Yes,66,Yes,Yes,Fiber optic,63,No,1,1,1,1,1,0,True,False,1.369379058123207,-0.0584511795816865
Female,0,No,35,No,Yes,DSL,24,No,0,0,0,1,0,0,True,False,0.10704778280226633,-1.3545837907029317
Male,0,No,22,Yes,No,DSL,105,No,1,0,1,0,0,0,False,False,-0.4223169455581282,1.3373839400873468
Female,0,Yes,55,Yes,No,DSL,19,No,0,1,1,0,0,0,False,False,0.9214550572028734,-1.5207546382825785
Male,0,No,9,Yes,No,Fiber optic,81,Yes,1,0,1,0,1,1,False,False,-0.9516816739185228,0.5397638717050421
Female,0,No,55,Yes,No,DSL,90,No,0,0,1,0,0,0,True,False,0.9214550572028734,0.8388713973484064
Female,0,No,36,Yes,Yes,Fiber optic,106,No,0,0,1,1,1,0,True,False,0.14776814652229667,1.3706181096032763
Male,1,No,27,Yes,No,DSL,81,Yes,1,0,1,0,0,1,False,False,-0.21871512695797646,0.5397638717050421
Female,0,Yes,67,Yes,Yes,Fiber optic,107,No,0,1,1,1,1,0,False,False,1.4100994218432374,1.4038522791192056
Female,1,No,54,Yes,No,DSL,102,Yes,0,0,1,0,0,1,False,False,0.880734693482843,1.2376814315395588
Male,0,No,62,No,No,DSL,39,No,1,0,0,0,0,0,True,False,1.2064976032430856,-0.8560712479639913
Male,0,Yes,56,No,No,DSL,52,No,1,1,0,0,0,0,False,True,0.9621754209229036,-0.4240270442569095
Female,0,No,34,Yes,No,DSL,110,Yes,0,0,1,0,0,1,False,False,0.06632741908223598,1.5035547876669937
Female,0,Yes,33,Yes,No,DSL,86,Yes,0,1,1,0,0,1,False,False,0.025607055362205634,0.7059347192846889
Female,0,No,5,Yes,No,DSL,94,Yes,0,0,1,0,0,1,False,False,-1.1145631287986442,0.9718080754121239
Female,0,No,16,Yes,No,Fiber optic,20,No,0,0,1,0,1,0,False,False,-0.6666391278783103,-1.4875204687666492
Male,0,No,34,Yes,No,DSL,89,No,1,0,1,0,0,0,False,False,0.06632741908223598,0.805637227832477
Female,1,No,58,Yes,No,DSL,106,Yes,0,0,1,0,0,1,False,False,1.0436161483629645,1.3706181096032763
Female,1,No,66,Yes,No,DSL,71,No,0,0,1,0,0,0,False,False,1.369379058123207,0.20742217654574843
Male,0,No,37,Yes,No,DSL,20,No,1,0,1,0,0,0,False,False,0.18848851024232702,-1.4875204687666492
Female,0,Yes,6,Yes,No,DSL,46,No,0,1,1,0,0,0,True,False,-1.0738427650786138,-0.6234320613524857
Male,0,No,65,Yes,No,DSL,74,No,1,0,1,0,0,0,False,False,1.3286586944031769,0.3071246850935365
Male,0,No,51,Yes,No,DSL,20,No,1,0,1,0,0,0,False,False,0.758573602322752,-1.4875204687666492
Male,0,No,2,Yes,No,DSL,45,Yes,1,0,1,0,0,1,False,False,-1.2367242199587352,-0.6566662308684151
Male,0,No,18,Yes,No,Fiber optic,68,No,1,0,1,0,1,0,True,False,-0.5851984004382496,0.10771966799796033
Female,0,No,51,Yes,Yes,DSL,60,No,0,0,1,1,0,0,False,False,0.758573602322752,-0.15815368812947458
Female,0,No,9,Yes,Yes,Fiber optic,20,No,0,0,1,1,1,0,False,False,-0.9516816739185228,-1.4875204687666492
Male,0,No,15,Yes,Yes,DSL,100,No,1,0,1,1,0,0,False,True,-0.7073594915983407,1.1712130925077
Male,0,Yes,72,Yes,Yes,Fiber optic,106,No,1,1,1,1,1,0,False,True,1.6137012404433893,1.3706181096032763
Male,0,Yes,12,Yes,No,Fiber optic,19,No,1,1,1,0,1,0,False,False,-0.8295205827584317,-1.5207546382825785
Male,0,No,60,No,Yes,Fiber optic,40,No,1,0,0,1,1,0,False,False,1.125056875803025,-0.8228370784480619
Female,0,No,32,Yes,No,DSL,19,No,0,0,1,0,0,0,False,False,-0.015113308357824713,-1.5207546382825785
Male,0,No,6,Yes,Yes,Fiber optic,80,Yes,1,0,1,1,1,1,False,False,-1.0738427650786138,0.5065297021891128
Male,0,Yes,39,Yes,Yes,Fiber optic,100,No,1,1,1,1,1,0,False,True,0.26992923768238775,1.1712130925077
Male,0,No,2,Yes,Yes,Fiber optic,75,No,1,0,1,1,1,0,False,False,-1.2367242199587352,0.3403588546094659
Male,0,No,71,Yes,No,DSL,79,No,1,0,1,0,0,0,True,False,1.5729808767233588,0.47329553267318336
Female,0,No,1,Yes,No,DSL,60,Yes,0,0,1,0,0,1,False,False,-1.2774445836787656,-0.15815368812947458
Male,0,No,2,Yes,No,DSL,80,Yes,1,0,1,0,0,1,False,False,-1.2367242199587352,0.5065297021891128
Female,0,Yes,72,Yes,Yes,Fiber optic,110,No,0,1,1,1,1,0,False,False,1.6137012404433893,1.5035547876669937
Female,0,No,41,Yes,No,DSL,69,No,0,0,1,0,0,0,False,True,0.35136996512244845,0.1409538375138897
Male,1,No,7,Yes,Yes,Fiber optic,75,No,1,0,1,1,1,0,False,True,-1.0331224013585834,0.3403588546094659
Male,1,No,35,Yes,Yes,Fiber optic,95,No,1,0,1,1,1,0,True,False,0.10704778280226633,1.0050422449280532
Male,0,No,31,Yes,Yes,Fiber optic,80,No,1,0,1,1,1,0,False,True,-0.055833672077855064,0.5065297021891128
Male,0,Yes,45,Yes,No,DSL,24,No,1,1,1,0,0,0,True,False,0.5142514200025698,-1.3545837907029317
Male,0,No,15,Yes,No,DSL,93,Yes,1,0,1,0,0,1,False,True,-0.7073594915983407,0.9385739058961945
Male,0,Yes,27,Yes,No,Fiber optic,20,No,1,1,1,0,1,0,False,False,-0.21871512695797646,-1.4875204687666492
Female,1,No,31,Yes,No,DSL,91,No,0,0,1,0,0,0,True,False,-0.055833672077855064,0.8721055668643357
Female,0,Yes,41,Yes,Yes,DSL,66,Yes,0,1,1,1,0,1,False,True,0.35136996512244845,0.0412513289661016
Male,0,No,19,Yes,No,DSL,19,No,1,0,1,0,0,0,False,False,-0.5444780367182193,-1.5207546382825785
Female,0,Yes,25,No,No,DSL,59,Yes,0,1,0,0,0,1,True,False,-0.30015585439803716,-0.19138785764540397
Female,0,Yes,15,Yes,Yes,DSL,105,No,0,1,1,1,0,0,True,False,-0.7073594915983407,1.3373839400873468
Female,0,Yes,2,Yes,Yes,Fiber optic,72,No,0,1,1,1,1,0,False,False,-1.2367242199587352,0.2406563460616778
Male,0,No,12,Yes,No,DSL,50,Yes,1,0,1,0,0,1,False,False,-0.8295205827584317,-0.49049538328876824
Female,1,No,23,Yes,No,Fiber optic,79,No,0,0,1,0,1,0,False,True,-0.38159658183809786,0.47329553267318336
Female,0,Yes,22,Yes,No,Fiber optic,20,No,0,1,1,0,1,0,False,False,-0.4223169455581282,-1.4875204687666492
Male,0,Yes,71,Yes,Yes,DSL,101,No,1,1,1,1,0,0,False,True,1.5729808767233588,1.2044472620236295
Female,1,Yes,30,Yes,Yes,Fiber optic,101,No,0,1,1,1,1,0,False,False,-0.0965540357978854,1.2044472620236295
Female,0,No,1,Yes,Yes,Fiber optic,45,Yes,0,0,1,1,1,1,False,False,-1.2774445836787656,-0.6566662308684151
Female,0,No,20,Yes,Yes,DSL,19,No,0,0,1,1,0,0,False,True,-0.5037576729981889,-1.5207546382825785
Male,0,No,1,Yes,No,DSL,56,No,1,0,1,0,0,0,False,False,-1.2774445836787656,-0.29109036619319206
Female,0,Yes,68,Yes,Yes,DSL,85,No,0,1,1,1,0,0,False,True,1.4508197855632678,0.6727005497687596
Male,0,No,14,Yes,No,DSL,20,No,1,0,1,0,0,0,False,False,-0.748079855318371,-1.4875204687666492
Male,0,Yes,2,Yes,Yes,Fiber optic,20,Yes,1,1,1,1,1,1,False,True,-1.2367242199587352,-1.4875204687666492
Male,0,No,38,Yes,Yes,Fiber optic,70,No,1,0,1,1,1,0,False,False,0.22920887396235737,0.17418800702981907
Male,0,No,18,Yes,Yes,DSL,20,No,1,0,1,1,0,0,True,False,-0.5851984004382496,-1.4875204687666492
Female,0,No,31,Yes,No,DSL,104,No,0,0,1,0,0,0,False,False,-0.055833672077855064,1.3041497705714176
Female,0,Yes,71,Yes,No,Fiber optic,64,No,0,1,1,0,1,0,False,False,1.5729808767233588,-0.025217010065757134
Male,0,No,67,Yes,Yes,Fiber optic,110,No,1,0,1,1,1,0,False,False,1.4100994218432374,1.5035547876669937
Male,0,No,72,Yes,Yes,DSL,92,No,1,0,1,1,0,0,False,True,1.6137012404433893,0.9053397363802651
Male,1,No,32,Yes,Yes,DSL,106,Yes,1,0,1,1,0,1,False,True,-0.015113308357824713,1.3706181096032763
Male,0,Yes,4,Yes,Yes,Fiber optic,81,Yes,1,1,1,1,1,1,True,False,-1.1552834925186746,0.5397638717050421
Female,0,No,23,Yes,No,Fiber optic,60,No,0,0,1,0,1,0,False,False,-0.38159658183809786,-0.15815368812947458
Female,0,Yes,66,Yes,No,DSL,67,No,0,1,1,0,0,0,False,True,1.369379058123207,0.07448549848203097
Male,1,No,57,Yes,No,DSL,105,No,1,0,1,0,0,0,False,True,1.002895784642934,1.3373839400873468
Female,0,No,36,Yes,No,DSL,90,No,0,0,1,0,0,0,False,False,0.14776814652229667,0.8388713973484064
Male,0,No,13,No,No,Fiber optic,25,No,1,0,0,0,1,0,False,False,-0.7888002190384014,-1.3213496211870024
Female,0,No,9,Yes,Yes,Fiber optic,83,Yes,0,0,1,1,1,1,False,False,-0.9516816739185228,0.6062322107369008
Female,0,Yes,5,Yes,Yes,Fiber optic,81,No,0,1,1,1,1,0,False,True,-1.1145631287986442,0.5397638717050421
Female,0,No,67,Yes,Yes,DSL,86,No,0,0,1,1,0,0,False,True,1.4100994218432374,0.7059347192846889
Male,0,No,1,Yes,No,DSL,70,Yes,1,0,1,0,0,1,False,True,-1.2774445836787656,0.17418800702981907
Male,0,No,4,Yes,Yes,DSL,75,Yes,1,0,1,1,0,1,False,True,-1.1552834925186746,0.3403588546094659
Female,0,No,1,Yes,Yes,DSL,70,Yes,0,0,1,1,0,1,False,False,-1.2774445836787656,0.17418800702981907
Female,0,Yes,31,Yes,No,DSL,20,Yes,0,1,1,0,0,1,False,True,-0.055833672077855064,-1.4875204687666492
Male,0,No,3,Yes,Yes,DSL,43,Yes,1,0,1,1,0,1,False,True,-1.1960038562387048,-0.7231345699002738
Female,0,Yes,4,Yes,No,DSL,79,No,0,1,1,0,0,0,True,False,-1.1552834925186746,0.47329553267318336
Female,0,No,33,Yes,No,DSL,95,No,0,0,1,0,0,0,False,True,0.025607055362205634,1.0050422449280532
Female,0,Yes,58,Yes,No,DSL,25,No,0,1,1,0,0,0,False,False,1.0436161483629645,-1.3213496211870024
Male,0,Yes,25,Yes,No,DSL,25,No,1,1,1,0,0,0,False,True,-0.30015585439803716,-1.3213496211870024
Male,0,No,4,Yes,No,DSL,76,Yes,1,0,1,0,0,1,False,False,-1.1552834925186746,0.37359302412539525
Male,1,No,51,Yes,Yes,DSL,94,No,1,0,1,1,0,0,False,False,0.758573602322752,0.9718080754121239
Male,0,No,19,No,Yes,Fiber optic,25,No,1,0,0,1,1,0,False,False,-0.5444780367182193,-1.3213496211870024
Female,0,No,11,Yes,Yes,DSL,44,Yes,0,0,1,1,0,1,True,False,-0.8702409464784621,-0.6899004003843444
Female,0,No,24,Yes,No,DSL,56,No,0,0,1,0,0,0,False,False,-0.3408762181180675,-0.29109036619319206
Male,0,No,18,Yes,Yes,DSL,74,No,1,0,1,1,0,0,True,False,-0.5851984004382496,0.3071246850935365
Female,0,No,4,No,No,DSL,24,Yes,0,0,0,0,0,1,True,False,-1.1552834925186746,-1.3545837907029317
Female,0,No,12,Yes,Yes,Fiber optic,78,Yes,0,0,1,1,1,1,False,False,-0.8295205827584317,0.44006136315725397
Male,1,No,19,Yes,No,DSL,88,Yes,1,0,1,0,0,1,False,True,-0.5444780367182193,0.7724030583165477
Male,1,No,31,Yes,No,DSL,97,No,1,0,1,0,0,0,False,False,-0.055833672077855064,1.071510583959912
Male,1,No,61,Yes,No,DSL,64,No,1,0,1,0,0,0,False,False,1.1657772395230555,-0.025217010065757134
Male,1,No,8,Yes,No,DSL,70,No,1,0,1,0,0,0,True,False,-0.9924020376385531,0.17418800702981907
Female,0,Yes,49,Yes,No,DSL,87,No,0,1,1,0,0,0,False,False,0.6771328748826912,0.7391688888006183
Male,0,No,5,No,No,Fiber optic,51,Yes,1,0,0,0,1,1,False,False,-1.1145631287986442,-0.4572612137728389
Male,0,Yes,35,Yes,Yes,Fiber optic,73,No,1,1,1,1,1,0,False,True,0.10704778280226633,0.2738905155776072
Male,0,No,70,Yes,No,DSL,116,Yes,1,0,1,0,0,1,False,False,1.5322605130033284,1.7029598047625698
Male,0,No,1,Yes,No,Fiber optic,101,Yes,1,0,1,0,1,1,False,True,-1.2774445836787656,1.2044472620236295
Female,0,No,31,Yes,No,DSL,88,No,0,0,1,0,0,0,False,True,-0.055833672077855064,0.7724030583165477
Female,1,No,13,Yes,No,DSL,74,Yes,0,0,1,0,0,1,False,False,-0.7888002190384014,0.3071246850935365
Male,0,Yes,28,No,Yes,Fiber optic,51,No,1,1,0,1,1,0,False,True,-0.1779947632379461,-0.4572612137728389
Male,1,No,50,Yes,Yes,Fiber optic,70,No,1,0,1,1,1,0,False,False,0.7178532386027215,0.17418800702981907
Female,1,No,22,Yes,No,DSL,20,No,0,0,1,0,0,0,True,False,-0.4223169455581282,-1.4875204687666492
Male,0,Yes,36,No,No,DSL,61,No,1,1,0,0,0,0,False,False,0.14776814652229667,-0.12491951861354524
Male,0,No,40,Yes,Yes,Fiber optic,106,No,1,0,1,1,1,0,False,False,0.3106496014024181,1.3706181096032763
Male,0,Yes,19,Yes,No,DSL,50,No,1,1,1,0,0,0,False,False,-0.5444780367182193,-0.49049538328876824
Female,0,Yes,4,Yes,Yes,DSL,81,Yes,0,1,1,1,0,1,False,True,-1.1552834925186746,0.5397638717050421
Female,0,No,35,Yes,No,DSL,86,Yes,0,0,1,0,0,1,False,True,0.10704778280226633,0.7059347192846889
Female,0,No,20,Yes,Yes,Fiber optic,69,No,0,0,1,1,1,0,False,False,-0.5037576729981889,0.1409538375138897
Male,0,No,11,Yes,No,DSL,20,No,1,0,1,0,0,0,True,False,-0.8702409464784621,-1.4875204687666492
Female,0,Yes,9,Yes,No,DSL,20,No,0,1,1,0,0,0,False,True,-0.9516816739185228,-1.4875204687666492
Female,0,Yes,71,Yes,No,DSL,99,No,0,1,1,0,0,0,False,False,1.5729808767233588,1.1379789229917707
Female,0,Yes,71,Yes,No,DSL,20,No,0,1,1,0,0,0,False,True,1.5729808767233588,-1.4875204687666492
Female,0,No,71,Yes,Yes,DSL,113,No,0,0,1,1,0,0,False,True,1.5729808767233588,1.6032572962147817
Female,0,No,31,Yes,No,Fiber optic,79,No,0,0,1,0,1,0,False,False,-0.055833672077855064,0.47329553267318336
Female,1,No,1,Yes,Yes,DSL,70,Yes,0,0,1,1,0,1,False,False,-1.2774445836787656,0.17418800702981907
Male,0,No,31,Yes,Yes,Fiber optic,76,No,1,0,1,1,1,0,False,True,-0.055833672077855064,0.37359302412539525
Female,0,No,1,Yes,No,DSL,71,Yes,0,0,1,0,0,1,False,True,-1.2774445836787656,0.20742217654574843
Male,0,No,1,Yes,Yes,Fiber optic,69,Yes,1,0,1,1,1,1,True,False,-1.2774445836787656,0.1409538375138897
Male,0,Yes,67,Yes,Yes,Fiber optic,80,Yes,1,1,1,1,1,1,False,False,1.4100994218432374,0.5065297021891128
Female,1,No,43,Yes,Yes,Fiber optic,94,No,0,0,1,1,1,0,False,True,0.43281069256250915,0.9718080754121239
Male,1,No,21,Yes,No,DSL,87,No,1,0,1,0,0,0,False,False,-0.46303730927815856,0.7391688888006183
Female,0,No,61,Yes,Yes,DSL,106,No,0,0,1,1,0,0,False,False,1.1657772395230555,1.3706181096032763
Female,0,No,72,Yes,No,DSL,25,No,0,0,1,0,0,0,False,False,1.6137012404433893,-1.3213496211870024
Male,0,Yes,6,Yes,No,DSL,25,No,1,1,1,0,0,0,False,True,-1.0738427650786138,-1.3213496211870024
Female,0,Yes,47,Yes,No,DSL,20,No,0,1,1,0,0,0,False,False,0.5956921474426305,-1.4875204687666492
Female,0,No,24,Yes,Yes,DSL,20,No,0,0,1,1,0,0,False,True,-0.3408762181180675,-1.4875204687666492
Male,0,No,39,Yes,Yes,Fiber optic,81,No,1,0,1,1,1,0,False,False,0.26992923768238775,0.5397638717050421
Female,0,Yes,65,Yes,No,DSL,25,No,0,1,1,0,0,0,False,False,1.3286586944031769,-1.3213496211870024
Female,0,No,1,Yes,Yes,DSL,86,Yes,0,0,1,1,0,1,False,True,-1.2774445836787656,0.7059347192846889
Male,0,No,6,Yes,No,DSL,88,No,1,0,1,0,0,0,False,False,-1.0738427650786138,0.7724030583165477
Female,1,No,56,Yes,No,Fiber optic,101,Yes,0,0,1,0,1,1,False,False,0.9621754209229036,1.2044472620236295
Female,0,No,23,Yes,Yes,Fiber optic,69,No,0,0,1,1,1,0,False,False,-0.38159658183809786,0.1409538375138897
Male,0,No,34,Yes,No,DSL,20,No,1,0,1,0,0,0,False,False,0.06632741908223598,-1.4875204687666492
Male,0,No,21,Yes,No,DSL,20,No,1,0,1,0,0,0,False,False,-0.46303730927815856,-1.4875204687666492
Male,0,No,62,Yes,Yes,DSL,69,No,1,0,1,1,0,0,True,False,1.2064976032430856,0.1409538375138897
Male,0,No,62,Yes,No,DSL,20,No,1,0,1,0,0,0,False,True,1.2064976032430856,-1.4875204687666492
Female,0,No,51,Yes,No,DSL,112,No,0,0,1,0,0,0,True,False,0.758573602322752,1.5700231266988525
Male,0,No,18,Yes,No,Fiber optic,57,No,1,0,1,0,1,0,False,True,-0.5851984004382496,-0.2578561966772627
Female,0,No,34,Yes,Yes,Fiber optic,74,Yes,0,0,1,1,1,1,False,False,0.06632741908223598,0.3071246850935365
Female,0,No,61,Yes,No,DSL,94,No,0,0,1,0,0,0,False,False,1.1657772395230555,0.9718080754121239
Male,1,No,2,Yes,No,Fiber optic,50,No,1,0,1,0,1,0,False,False,-1.2367242199587352,-0.49049538328876824
Male,0,Yes,72,Yes,No,DSL,55,No,1,1,1,0,0,0,False,False,1.6137012404433893,-0.32432453570912145
Female,0,No,53,Yes,Yes,Fiber optic,110,No,0,0,1,1,1,0,False,False,0.8400143297628127,1.5035547876669937
Male,0,No,6,Yes,No,DSL,79,No,1,0,1,0,0,0,False,False,-1.0738427650786138,0.47329553267318336
Female,0,No,24,Yes,Yes,Fiber optic,84,No,0,0,1,1,1,0,False,True,-0.3408762181180675,0.6394663802528302
Male,0,Yes,68,Yes,Yes,Fiber optic,71,No,1,1,1,1,1,0,False,False,1.4508197855632678,0.20742217654574843
Female,0,Yes,47,No,No,DSL,60,No,0,1,0,0,0,0,True,False,0.5956921474426305,-0.15815368812947458
Male,1,No,47,Yes,Yes,Fiber optic,86,Yes,1,0,1,1,1,1,False,False,0.5956921474426305,0.7059347192846889
Female,0,Yes,36,Yes,Yes,DSL,19,No,0,1,1,1,0,0,False,True,0.14776814652229667,-1.5207546382825785
Male,0,No,9,Yes,No,Fiber optic,20,No,1,0,1,0,1,0,False,False,-0.9516816739185228,-1.4875204687666492
Female,0,Yes,61,Yes,Yes,DSL,101,No,0,1,1,1,0,0,True,False,1.1657772395230555,1.2044472620236295
Male,0,No,72,Yes,Yes,Fiber optic,79,No,1,0,1,1,1,0,False,False,1.6137012404433893,0.47329553267318336
Female,0,Yes,35,Yes,No,Fiber optic,55,No,0,1,1,0,1,0,False,False,0.10704778280226633,-0.32432453570912145
Female,0,No,25,Yes,No,DSL,27,No,0,0,1,0,0,0,True,False,-0.30015585439803716,-1.2548812821551436
Male,1,No,35,Yes,Yes,DSL,101,Yes,1,0,1,1,0,1,False,True,0.10704778280226633,1.2044472620236295
Female,0,Yes,24,No,No,DSL,58,No,0,1,0,0,0,0,False,False,-0.3408762181180675,-0.22462202716133334
Male,0,No,56,Yes,Yes,Fiber optic,25,Yes,1,0,1,1,1,1,False,False,0.9621754209229036,-1.3213496211870024
Male,1,No,26,Yes,Yes,Fiber optic,94,No,1,0,1,1,1,0,False,False,-0.2594354906780068,0.9718080754121239
Female,0,No,72,Yes,No,DSL,80,No,0,0,1,0,0,0,False,False,1.6137012404433893,0.5065297021891128
Female,0,No,37,Yes,Yes,DSL,65,No,0,0,1,1,0,0,False,False,0.18848851024232702,0.008017159450172232
Female,0,No,7,Yes,No,DSL,75,Yes,0,0,1,0,0,1,False,False,-1.0331224013585834,0.3403588546094659
Male,0,No,7,Yes,Yes,Fiber optic,74,Yes,1,0,1,1,1,1,False,False,-1.0331224013585834,0.3071246850935365
Male,0,No,69,Yes,No,Fiber optic,79,Yes,1,0,1,0,1,1,False,False,1.4915401492832983,0.47329553267318336
Male,0,Yes,8,Yes,No,Fiber optic,20,No,1,1,1,0,1,0,False,False,-0.9924020376385531,-1.4875204687666492
Female,0,Yes,12,No,No,Fiber optic,30,No,0,1,0,0,1,0,False,False,-0.8295205827584317,-1.1551787736073555
Male,0,Yes,44,Yes,No,Fiber optic,26,No,1,1,1,0,1,0,False,False,0.47353105628253944,-1.288115451671073
Male,0,Yes,72,Yes,No,DSL,81,No,1,1,1,0,0,0,False,False,1.6137012404433893,0.5397638717050421
Male,0,No,56,Yes,No,DSL,94,Yes,1,0,1,0,0,1,False,False,0.9621754209229036,0.9718080754121239
Female,0,No,10,Yes,No,DSL,20,No,0,0,1,0,0,0,False,True,-0.9109613101984924,-1.4875204687666492
Male,1,No,1,Yes,No,DSL,69,Yes,1,0,1,0,0,1,False,False,-1.2774445836787656,0.1409538375138897
Male,0,Yes,47,Yes,No,DSL,54,No,1,1,1,0,0,0,False,False,0.5956921474426305,-0.3575587052250508
Male,0,No,44,Yes,Yes,Fiber optic,20,No,1,0,1,1,1,0,False,True,0.47353105628253944,-1.4875204687666492
Male,0,No,3,Yes,No,DSL,78,Yes,1,0,1,0,0,1,False,False,-1.1960038562387048,0.44006136315725397
Female,0,No,8,Yes,Yes,Fiber optic,71,Yes,0,0,1,1,1,1,False,True,-0.9924020376385531,0.20742217654574843
Male,0,No,16,Yes,Yes,Fiber optic,21,No,1,0,1,1,1,0,False,False,-0.6666391278783103,-1.45428629925072
Male,0,Yes,72,Yes,Yes,Fiber optic,82,No,1,1,1,1,1,0,False,True,1.6137012404433893,0.5729980412209714
Female,0,No,1,Yes,No,DSL,46,Yes,0,0,1,0,0,1,True,False,-1.2774445836787656,-0.6234320613524857
Female,1,No,71,Yes,No,DSL,89,No,0,0,1,0,0,0,False,False,1.5729808767233588,0.805637227832477
Female,1,No,56,Yes,No,DSL,68,No,0,0,1,0,0,0,False,True,0.9621754209229036,0.10771966799796033
Female,0,Yes,3,Yes,No,DSL,19,No,0,1,1,0,0,0,True,False,-1.1960038562387048,-1.5207546382825785
Male,0,Yes,11,Yes,Yes,Fiber optic,65,No,1,1,1,1,1,0,False,False,-0.8702409464784621,0.008017159450172232
Female,0,No,60,Yes,No,DSL,81,No,0,0,1,0,0,0,True,False,1.125056875803025,0.5397638717050421
Female,1,No,42,Yes,No,DSL,105,No,0,0,1,0,0,0,False,True,0.3920903288424788,1.3373839400873468
Female,0,No,2,Yes,Yes,DSL,51,No,0,0,1,1,0,0,True,False,-1.2367242199587352,-0.4572612137728389
Female,0,No,9,Yes,No,DSL,20,No,0,0,1,0,0,0,True,False,-0.9516816739185228,-1.4875204687666492
Male,0,No,1,Yes,No,Fiber optic,75,No,1,0,1,0,1,0,False,True,-1.2774445836787656,0.3403588546094659
Male,0,Yes,52,No,No,Fiber optic,50,No,1,1,0,0,1,0,False,False,0.7992939660427822,-0.49049538328876824
Male,1,No,35,Yes,No,DSL,99,Yes,1,0,1,0,0,1,True,False,0.10704778280226633,1.1379789229917707
Male,0,Yes,20,Yes,No,Fiber optic,19,Yes,1,1,1,0,1,1,True,False,-0.5037576729981889,-1.5207546382825785
Female,0,No,15,Yes,Yes,Fiber optic,75,No,0,0,1,1,1,0,False,False,-0.7073594915983407,0.3403588546094659
Male,0,No,17,Yes,No,DSL,71,No,1,0,1,0,0,0,True,False,-0.62591876415828,0.20742217654574843
Male,0,No,30,Yes,No,Fiber optic,90,Yes,1,0,1,0,1,1,False,False,-0.0965540357978854,0.8388713973484064
Female,0,No,1,Yes,Yes,Fiber optic,96,No,0,0,1,1,1,0,False,False,-1.2774445836787656,1.0382764144439827
Male,0,No,10,Yes,No,Fiber optic,85,Yes,1,0,1,0,1,1,False,False,-0.9109613101984924,0.6727005497687596
Female,0,No,13,Yes,No,DSL,70,No,0,0,1,0,0,0,False,False,-0.7888002190384014,0.17418800702981907
Male,0,No,4,Yes,Yes,DSL,100,Yes,1,0,1,1,0,1,False,True,-1.1552834925186746,1.1712130925077
Female,1,No,3,Yes,No,DSL,70,Yes,0,0,1,0,0,1,False,False,-1.1960038562387048,0.17418800702981907
Female,0,No,59,Yes,No,Fiber optic,80,No,0,0,1,0,1,0,False,False,1.0843365120829946,0.5065297021891128
Female,0,No,2,Yes,No,DSL,70,Yes,0,0,1,0,0,1,False,False,-1.2367242199587352,0.17418800702981907
Female,0,Yes,14,Yes,No,DSL,81,No,0,1,1,0,0,0,False,False,-0.748079855318371,0.5397638717050421
Male,0,No,1,No,No,DSL,25,Yes,1,0,0,0,0,1,False,False,-1.2774445836787656,-1.3213496211870024
Male,1,No,43,Yes,Yes,Fiber optic,103,Yes,1,0,1,1,1,1,False,False,0.43281069256250915,1.270915601055488
Female,0,No,16,Yes,Yes,Fiber optic,75,No,0,0,1,1,1,0,False,False,-0.6666391278783103,0.3403588546094659
Male,1,No,53,No,Yes,DSL,54,Yes,1,0,0,1,0,1,False,True,0.8400143297628127,-0.3575587052250508
Female,0,Yes,4,Yes,No,DSL,25,No,0,1,1,0,0,0,True,False,-1.1552834925186746,-1.3213496211870024
Female,0,No,16,Yes,No,DSL,75,No,0,0,1,0,0,0,False,False,-0.6666391278783103,0.3403588546094659
Female,0,No,43,Yes,No,Fiber optic,55,No,0,0,1,0,1,0,False,False,0.43281069256250915,-0.32432453570912145
Male,1,No,8,Yes,Yes,Fiber optic,81,Yes,1,0,1,1,1,1,False,False,-0.9924020376385531,0.5397638717050421
Male,0,Yes,6,Yes,Yes,Fiber optic,49,No,1,1,1,1,1,0,True,False,-1.0738427650786138,-0.5237295528046976
Female,0,No,72,Yes,No,DSL,112,No,0,0,1,0,0,0,False,False,1.6137012404433893,1.5700231266988525
Female,0,Yes,60,No,No,DSL,50,No,0,1,0,0,0,0,True,False,1.125056875803025,-0.49049538328876824
Male,0,Yes,0,Yes,Yes,Fiber optic,20,No,1,1,1,1,1,0,False,False,-1.318164947398796,-1.4875204687666492
Female,0,No,2,Yes,Yes,Fiber optic,20,No,0,0,1,1,1,0,False,False,-1.2367242199587352,-1.4875204687666492
Female,0,No,55,Yes,No,DSL,90,No,0,0,1,0,0,0,False,False,0.9214550572028734,0.8388713973484064
Female,0,No,56,Yes,Yes,Fiber optic,99,No,0,0,1,1,1,0,False,False,0.9621754209229036,1.1379789229917707
Male,0,Yes,71,Yes,Yes,DSL,85,No,1,1,1,1,0,0,False,True,1.5729808767233588,0.6727005497687596
Male,0,No,2,Yes,No,DSL,62,Yes,1,0,1,0,0,1,False,False,-1.2367242199587352,-0.09168534909761586
Female,0,No,64,Yes,No,DSL,105,No,0,0,1,0,0,0,False,True,1.2879383306831464,1.3373839400873468
Female,0,No,42,Yes,No,Fiber optic,74,Yes,0,0,1,0,1,1,False,False,0.3920903288424788,0.3071246850935365
Male,1,No,25,Yes,No,DSL,89,Yes,1,0,1,0,0,1,False,False,-0.30015585439803716,0.805637227832477
Female,0,Yes,5,Yes,Yes,DSL,49,No,0,1,1,1,0,0,False,True,-1.1145631287986442,-0.5237295528046976
Male,0,Yes,72,Yes,No,DSL,117,No,1,1,1,0,0,0,True,False,1.6137012404433893,1.7361939742784993
Female,1,No,33,Yes,Yes,Fiber optic,81,Yes,0,0,1,1,1,1,False,False,0.025607055362205634,0.5397638717050421
Male,1,No,32,Yes,Yes,Fiber optic,85,Yes,1,0,1,1,1,1,False,True,-0.015113308357824713,0.6727005497687596
Male,0,Yes,5,Yes,No,DSL,20,No,1,1,1,0,0,0,False,False,-1.1145631287986442,-1.4875204687666492
Female,0,No,3,Yes,No,DSL,74,Yes,0,0,1,0,0,1,False,False,-1.1960038562387048,0.3071246850935365
Female,1,No,6,Yes,Yes,DSL,84,Yes,0,0,1,1,0,1,False,True,-1.0738427650786138,0.6394663802528302
Male,0,No,69,Yes,Yes,Fiber optic,106,Yes,1,0,1,1,1,1,False,False,1.4915401492832983,1.3706181096032763
Female,0,No,13,Yes,No,DSL,80,No,0,0,1,0,0,0,True,False,-0.7888002190384014,0.5065297021891128
Male,0,Yes,22,Yes,No,DSL,75,No,1,1,1,0,0,0,False,False,-0.4223169455581282,0.3403588546094659
Male,0,No,61,Yes,No,DSL,70,No,1,0,1,0,0,0,False,True,1.1657772395230555,0.17418800702981907
Female,1,No,33,No,Yes,DSL,59,No,0,0,0,1,0,0,True,False,0.025607055362205634,-0.19138785764540397
Male,0,No,41,Yes,Yes,Fiber optic,73,Yes,1,0,1,1,1,1,False,True,0.35136996512244845,0.2738905155776072
Female,0,No,45,Yes,Yes,Fiber optic,113,No,0,0,1,1,1,0,False,False,0.5142514200025698,1.6032572962147817
Male,1,No,70,Yes,No,DSL,90,No,1,0,1,0,0,0,True,False,1.5322605130033284,0.8388713973484064
Male,0,Yes,55,Yes,Yes,DSL,58,Yes,1,1,1,1,0,1,True,False,0.9214550572028734,-0.22462202716133334
Male,0,Yes,52,No,No,DSL,44,No,1,1,0,0,0,0,False,True,0.7992939660427822,-0.6899004003843444
Male,0,No,3,No,No,Fiber optic,40,Yes,1,0,0,0,1,1,False,False,-1.1960038562387048,-0.8228370784480619
Female,0,No,30,Yes,Yes,Fiber optic,100,Yes,0,0,1,1,1,1,False,True,-0.0965540357978854,1.1712130925077
Male,1,No,70,No,No,DSL,45,Yes,1,0,0,0,0,1,False,False,1.5322605130033284,-0.6566662308684151
Female,0,Yes,9,Yes,No,DSL,93,No,0,1,1,0,0,0,False,False,-0.9516816739185228,0.9385739058961945
Male,0,Yes,21,Yes,Yes,Fiber optic,20,No,1,1,1,1,1,0,False,False,-0.46303730927815856,-1.4875204687666492
Female,0,Yes,55,Yes,No,DSL,76,No,0,1,1,0,0,0,False,False,0.9214550572028734,0.37359302412539525
Male,0,No,41,Yes,No,DSL,65,No,1,0,1,0,0,0,True,False,0.35136996512244845,0.008017159450172232
Female,0,Yes,62,Yes,No,DSL,26,No,0,1,1,0,0,0,True,False,1.2064976032430856,-1.288115451671073
Female,0,No,1,Yes,No,DSL,80,Yes,0,0,1,0,0,1,False,False,-1.2774445836787656,0.5065297021891128
Female,1,No,67,Yes,No,DSL,55,No,0,0,1,0,0,0,False,True,1.4100994218432374,-0.32432453570912145
Female,0,No,63,Yes,Yes,Fiber optic,80,No,0,0,1,1,1,0,False,False,1.247217966963116,0.5065297021891128
Male,0,No,38,Yes,No,DSL,69,No,1,0,1,0,0,0,False,False,0.22920887396235737,0.1409538375138897
Female,0,No,70,No,Yes,Fiber optic,58,No,0,0,0,1,1,0,False,False,1.5322605130033284,-0.22462202716133334
Male,0,Yes,38,Yes,Yes,Fiber optic,20,No,1,1,1,1,1,0,False,False,0.22920887396235737,-1.4875204687666492
Female,0,Yes,5,No,No,DSL,30,No,0,1,0,0,0,0,False,False,-1.1145631287986442,-1.1551787736073555
Male,0,No,24,Yes,Yes,Fiber optic,50,No,1,0,1,1,1,0,False,False,-0.3408762181180675,-0.49049538328876824
Male,0,No,16,Yes,No,DSL,74,Yes,1,0,1,0,0,1,False,False,-0.6666391278783103,0.3071246850935365
Female,0,No,68,No,Yes,Fiber optic,39,No,0,0,0,1,1,0,False,True,1.4508197855632678,-0.8560712479639913
Female,0,Yes,57,Yes,No,DSL,101,No,0,1,1,0,0,0,False,True,1.002895784642934,1.2044472620236295
Male,1,No,60,Yes,Yes,Fiber optic,104,No,1,0,1,1,1,0,False,False,1.125056875803025,1.3041497705714176
Female,0,No,29,Yes,Yes,DSL,71,No,0,0,1,1,0,0,True,False,-0.13727439951791576,0.20742217654574843
Female,0,Yes,9,Yes,Yes,Fiber optic,66,No,0,1,1,1,1,0,False,False,-0.9516816739185228,0.0412513289661016
Female,0,No,71,Yes,Yes,Fiber optic,26,No,0,0,1,1,1,0,False,False,1.5729808767233588,-1.288115451671073
Female,0,No,24,No,No,DSL,54,Yes,0,0,0,0,0,1,True,False,-0.3408762181180675,-0.3575587052250508
Male,1,No,2,Yes,No,DSL,49,Yes,1,0,1,0,0,1,False,False,-1.2367242199587352,-0.5237295528046976
Male,0,Yes,66,Yes,Yes,DSL,21,No,1,1,1,1,0,0,False,True,1.369379058123207,-1.45428629925072
Male,0,No,54,Yes,Yes,DSL,104,Yes,1,0,1,1,0,1,False,False,0.880734693482843,1.3041497705714176
Female,0,No,72,Yes,Yes,DSL,114,No,0,0,1,1,0,0,False,True,1.6137012404433893,1.6364914657307112
Male,0,No,52,Yes,Yes,Fiber optic,20,No,1,0,1,1,1,0,False,False,0.7992939660427822,-1.4875204687666492
Male,0,Yes,71,Yes,Yes,DSL,77,No,1,1,1,1,0,0,False,True,1.5729808767233588,0.40682719364132464
Female,1,No,5,Yes,Yes,Fiber optic,79,Yes,0,0,1,1,1,1,True,False,-1.1145631287986442,0.47329553267318336
Male,0,No,42,Yes,No,DSL,20,No,1,0,1,0,0,0,False,True,0.3920903288424788,-1.4875204687666492
Female,0,No,2,Yes,No,DSL,45,Yes,0,0,1,0,0,1,False,True,-1.2367242199587352,-0.6566662308684151
Male,0,No,11,Yes,No,DSL,75,Yes,1,0,1,0,0,1,True,False,-0.8702409464784621,0.3403588546094659
Female,0,Yes,41,Yes,No,DSL,80,Yes,0,1,1,0,0,1,True,False,0.35136996512244845,0.5065297021891128
Female,0,Yes,68,Yes,No,Fiber optic,88,No,0,1,1,0,1,0,False,False,1.4508197855632678,0.7724030583165477
Female,1,No,50,Yes,Yes,DSL,95,Yes,0,0,1,1,0,1,False,True,0.7178532386027215,1.0050422449280532
Male,0,No,53,Yes,Yes,Fiber optic,94,Yes,1,0,1,1,1,1,False,True,0.8400143297628127,0.9718080754121239
Female,0,Yes,8,Yes,No,DSL,84,Yes,0,1,1,0,0,1,False,False,-0.9924020376385531,0.6394663802528302
Female,0,No,50,Yes,No,DSL,104,No,0,0,1,0,0,0,True,False,0.7178532386027215,1.3041497705714176
Female,0,No,50,Yes,No,DSL,100,No,0,0,1,0,0,0,False,False,0.7178532386027215,1.1712130925077
Female,0,No,8,Yes,Yes,DSL,60,No,0,0,1,1,0,0,True,False,-0.9924020376385531,-0.15815368812947458
Female,0,No,10,No,Yes,Fiber optic,30,No,0,0,0,1,1,0,False,False,-0.9109613101984924,-1.1551787736073555
Female,0,Yes,37,Yes,No,Fiber optic,24,No,0,1,1,0,1,0,False,False,0.18848851024232702,-1.3545837907029317
Female,0,Yes,49,Yes,No,DSL,62,No,0,1,1,0,0,0,False,False,0.6771328748826912,-0.09168534909761586
Female,0,No,17,No,Yes,Fiber optic,36,No,0,0,0,1,1,0,False,False,-0.62591876415828,-0.9557737565117794
Male,0,Yes,12,Yes,Yes,Fiber optic,20,No,1,1,1,1,1,0,False,True,-0.8295205827584317,-1.4875204687666492
Male,0,Yes,23,Yes,Yes,DSL,100,Yes,1,1,1,1,0,1,False,True,-0.38159658183809786,1.1712130925077
Female,0,Yes,71,No,Yes,Fiber optic,59,No,0,1,0,1,1,0,False,False,1.5729808767233588,-0.19138785764540397
Female,0,Yes,71,Yes,Yes,DSL,78,No,0,1,1,1,0,0,False,False,1.5729808767233588,0.44006136315725397
Male,0,No,24,Yes,No,Fiber optic,89,No,1,0,1,0,1,0,True,False,-0.3408762181180675,0.805637227832477
Male,0,Yes,45,Yes,No,DSL,79,No,1,1,1,0,0,0,True,False,0.5142514200025698,0.47329553267318336
Male,0,Yes,42,Yes,No,DSL,64,No,1,1,1,0,0,0,False,False,0.3920903288424788,-0.025217010065757134
Female,0,No,18,Yes,No,Fiber optic,96,Yes,0,0,1,0,1,1,True,False,-0.5851984004382496,1.0382764144439827
Female,0,No,26,Yes,No,Fiber optic,74,No,0,0,1,0,1,0,False,False,-0.2594354906780068,0.3071246850935365
Male,0,Yes,9,Yes,No,DSL,55,Yes,1,1,1,0,0,1,False,True,-0.9516816739185228,-0.32432453570912145
Female,0,No,2,Yes,No,DSL,44,No,0,0,1,0,0,0,False,False,-1.2367242199587352,-0.6899004003843444
Female,0,Yes,5,Yes,Yes,Fiber optic,45,No,0,1,1,1,1,0,False,False,-1.1145631287986442,-0.6566662308684151
Male,1,No,6,Yes,No,DSL,84,Yes,1,0,1,0,0,1,False,True,-1.0738427650786138,0.6394663802528302
Male,1,No,52,Yes,No,Fiber optic,111,No,1,0,1,0,1,0,False,False,0.7992939660427822,1.536788957182923
Male,0,No,57,Yes,Yes,Fiber optic,74,No,1,0,1,1,1,0,False,True,1.002895784642934,0.3071246850935365
Male,0,No,29,Yes,No,Fiber optic,75,No,1,0,1,0,1,0,False,False,-0.13727439951791576,0.3403588546094659
Female,0,Yes,67,Yes,Yes,DSL,25,No,0,1,1,1,0,0,False,True,1.4100994218432374,-1.3213496211870024
Female,0,No,42,Yes,No,Fiber optic,105,Yes,0,0,1,0,1,1,False,False,0.3920903288424788,1.3373839400873468
Female,0,No,12,Yes,No,DSL,19,No,0,0,1,0,0,0,False,True,-0.8295205827584317,-1.5207546382825785
Male,0,Yes,7,No,No,DSL,34,Yes,1,1,0,0,0,1,True,False,-1.0331224013585834,-1.0222420955436382
Female,0,No,12,Yes,Yes,Fiber optic,20,No,0,0,1,1,1,0,True,False,-0.8295205827584317,-1.4875204687666492
Female,0,No,13,No,No,DSL,49,Yes,0,0,0,0,0,1,False,False,-0.7888002190384014,-0.5237295528046976
Male,0,No,31,Yes,No,DSL,71,No,1,0,1,0,0,0,False,False,-0.055833672077855064,0.20742217654574843
Male,0,Yes,9,No,No,DSL,30,Yes,1,1,0,0,0,1,True,False,-0.9516816739185228,-1.1551787736073555
Male,0,No,63,Yes,No,DSL,20,No,1,0,1,0,0,0,True,False,1.247217966963116,-1.4875204687666492
Male,1,No,45,Yes,Yes,Fiber optic,99,No,1,0,1,1,1,0,False,False,0.5142514200025698,1.1379789229917707
Female,1,No,12,Yes,No,DSL,79,No,0,0,1,0,0,0,False,False,-0.8295205827584317,0.47329553267318336
Male,0,No,41,Yes,No,DSL,80,No,1,0,1,0,0,0,False,False,0.35136996512244845,0.5065297021891128
Male,0,No,5,Yes,No,DSL,21,Yes,1,0,1,0,0,1,False,False,-1.1145631287986442,-1.45428629925072
Male,1,No,71,No,No,DSL,46,No,1,0,0,0,0,0,False,True,1.5729808767233588,-0.6234320613524857
Female,0,Yes,72,Yes,No,DSL,79,No,0,1,1,0,0,0,False,True,1.6137012404433893,0.47329553267318336
Male,0,No,9,Yes,Yes,Fiber optic,69,No,1,0,1,1,1,0,False,True,-0.9516816739185228,0.1409538375138897
Female,0,Yes,51,Yes,No,Fiber optic,90,No,0,1,1,0,1,0,False,True,0.758573602322752,0.8388713973484064
Female,0,Yes,35,No,Yes,Fiber optic,41,No,0,1,0,1,1,0,False,False,0.10704778280226633,-0.7896029089321326
Male,0,No,56,Yes,No,DSL,101,No,1,0,1,0,0,0,True,False,0.9621754209229036,1.2044472620236295
Female,1,No,18,Yes,Yes,Fiber optic,75,No,0,0,1,1,1,0,True,False,-0.5851984004382496,0.3403588546094659
Male,0,No,44,Yes,No,DSL,112,No,1,0,1,0,0,0,False,True,0.47353105628253944,1.5700231266988525
Female,0,Yes,48,No,Yes,DSL,30,No,0,1,0,1,0,0,False,False,0.6364125111626608,-1.1551787736073555
Female,0,No,11,Yes,Yes,Fiber optic,65,No,0,0,1,1,1,0,False,False,-0.8702409464784621,0.008017159450172232
Male,0,Yes,71,Yes,Yes,Fiber optic,106,Yes,1,1,1,1,1,1,False,False,1.5729808767233588,1.3706181096032763
Male,1,No,35,Yes,Yes,DSL,82,No,1,0,1,1,0,0,True,False,0.10704778280226633,0.5729980412209714
Male,1,No,24,No,Yes,DSL,34,No,1,0,0,1,0,0,False,True,-0.3408762181180675,-1.0222420955436382
Female,0,No,60,Yes,No,Fiber optic,105,No,0,0,1,0,1,0,False,False,1.125056875803025,1.3373839400873468
Male,0,No,6,No,Yes,Fiber optic,30,Yes,1,0,0,1,1,1,True,False,-1.0738427650786138,-1.1551787736073555
Male,0,Yes,15,Yes,No,DSL,20,Yes,1,1,1,0,0,1,False,False,-0.7073594915983407,-1.4875204687666492
Male,1,No,21,Yes,No,DSL,104,No,1,0,1,0,0,0,True,False,-0.46303730927815856,1.3041497705714176
Male,0,Yes,33,Yes,No,DSL,21,No,1,1,1,0,0,0,True,False,0.025607055362205634,-1.45428629925072
Female,0,No,1,Yes,No,DSL,21,No,0,0,1,0,0,0,False,False,-1.2774445836787656,-1.45428629925072
Female,0,Yes,58,Yes,Yes,Fiber optic,20,No,0,1,1,1,1,0,False,True,1.0436161483629645,-1.4875204687666492
Female,0,No,10,Yes,Yes,Fiber optic,65,No,0,0,1,1,1,0,False,False,-0.9109613101984924,0.008017159450172232
Female,0,Yes,33,Yes,Yes,Fiber optic,24,No,0,1,1,1,1,0,False,False,0.025607055362205634,-1.3545837907029317
Female,1,No,1,No,Yes,Fiber optic,25,Yes,0,0,0,1,1,1,True,False,-1.2774445836787656,-1.3213496211870024
Female,0,Yes,1,Yes,Yes,DSL,46,Yes,0,1,1,1,0,1,False,True,-1.2774445836787656,-0.6234320613524857
Male,0,Yes,42,Yes,No,Fiber optic,73,No,1,1,1,0,1,0,True,False,0.3920903288424788,0.2738905155776072
Male,0,Yes,1,Yes,Yes,Fiber optic,20,No,1,1,1,1,1,0,False,False,-1.2774445836787656,-1.4875204687666492
Male,0,No,38,Yes,Yes,DSL,20,No,1,0,1,1,0,0,False,True,0.22920887396235737,-1.4875204687666492
Female,0,No,5,Yes,No,DSL,51,Yes,0,0,1,0,0,1,True,False,-1.1145631287986442,-0.4572612137728389
Male,0,No,65,Yes,Yes,DSL,110,No,1,0,1,1,0,0,False,True,1.3286586944031769,1.5035547876669937
Female,1,No,43,No,Yes,Fiber optic,33,No,0,0,0,1,1,0,False,False,0.43281069256250915,-1.0554762650595675
Female,0,No,72,Yes,No,DSL,85,No,0,0,1,0,0,0,True,False,1.6137012404433893,0.6727005497687596
Male,0,No,60,Yes,Yes,DSL,94,Yes,1,0,1,1,0,1,False,False,1.125056875803025,0.9718080754121239
Male,0,No,55,Yes,No,DSL,101,No,1,0,1,0,0,0,False,False,0.9214550572028734,1.2044472620236295
Female,0,Yes,70,Yes,No,DSL,113,No,0,1,1,0,0,0,False,False,1.5322605130033284,1.6032572962147817
Female,0,No,6,Yes,No,Fiber optic,74,No,0,0,1,0,1,0,True,False,-1.0738427650786138,0.3071246850935365
Female,0,Yes,13,Yes,Yes,DSL,104,No,0,1,1,1,0,0,False,False,-0.7888002190384014,1.3041497705714176
Male,0,Yes,8,Yes,No,DSL,20,No,1,1,1,0,0,0,False,True,-0.9924020376385531,-1.4875204687666492
Male,0,Yes,45,Yes,No,DSL,100,No,1,1,1,0,0,0,False,False,0.5142514200025698,1.1712130925077
Female,0,No,54,Yes,Yes,Fiber optic,110,Yes,0,0,1,1,1,1,True,False,0.880734693482843,1.5035547876669937
Female,0,No,33,Yes,No,Fiber optic,83,Yes,0,0,1,0,1,1,False,False,0.025607055362205634,0.6062322107369008
Male,0,Yes,21,Yes,No,Fiber optic,76,No,1,1,1,0,1,0,False,False,-0.46303730927815856,0.37359302412539525
Female,1,No,55,Yes,Yes,DSL,100,Yes,0,0,1,1,0,1,False,True,0.9214550572028734,1.1712130925077
Female,0,No,1,Yes,Yes,Fiber optic,75,Yes,0,0,1,1,1,1,False,False,-1.2774445836787656,0.3403588546094659
Male,0,No,44,Yes,Yes,Fiber optic,69,No,1,0,1,1,1,0,True,False,0.47353105628253944,0.1409538375138897
Male,0,No,72,Yes,Yes,Fiber optic,87,No,1,0,1,1,1,0,False,False,1.6137012404433893,0.7391688888006183
Male,0,Yes,13,Yes,No,DSL,62,No,1,1,1,0,0,0,False,True,-0.7888002190384014,-0.09168534909761586
Female,0,Yes,36,Yes,No,DSL,104,No,0,1,1,0,0,0,False,False,0.14776814652229667,1.3041497705714176
Male,0,No,71,Yes,Yes,Fiber optic,26,No,1,0,1,1,1,0,False,True,1.5729808767233588,-1.288115451671073
Male,1,No,9,Yes,Yes,Fiber optic,100,Yes,1,0,1,1,1,1,False,False,-0.9516816739185228,1.1712130925077
Female,0,No,46,Yes,No,Fiber optic,55,No,0,0,1,0,1,0,False,False,0.5549717837226001,-0.32432453570912145
Female,1,No,61,Yes,No,Fiber optic,104,Yes,0,0,1,0,1,1,True,False,1.1657772395230555,1.3041497705714176
Male,1,No,72,Yes,No,DSL,77,No,1,0,1,0,0,0,True,False,1.6137012404433893,0.40682719364132464
Male,0,No,11,Yes,Yes,DSL,75,Yes,1,0,1,1,0,1,False,False,-0.8702409464784621,0.3403588546094659
Female,0,No,2,Yes,Yes,DSL,70,No,0,0,1,1,0,0,False,True,-1.2367242199587352,0.17418800702981907
Male,0,No,2,Yes,No,DSL,19,No,1,0,1,0,0,0,False,False,-1.2367242199587352,-1.5207546382825785
Female,0,No,4,Yes,Yes,DSL,79,Yes,0,0,1,1,0,1,False,False,-1.1552834925186746,0.47329553267318336
Male,0,No,3,Yes,Yes,DSL,49,Yes,1,0,1,1,0,1,True,False,-1.1960038562387048,-0.5237295528046976
Female,0,No,3,No,No,DSL,35,No,0,0,0,0,0,0,False,True,-1.1960038562387048,-0.9890079260277087
Female,0,No,43,Yes,No,Fiber optic,65,No,0,0,1,0,1,0,True,False,0.43281069256250915,0.008017159450172232
Female,0,Yes,61,Yes,Yes,DSL,20,No,0,1,1,1,0,0,False,True,1.1657772395230555,-1.4875204687666492
Female,1,No,49,Yes,No,DSL,91,Yes,0,0,1,0,0,1,True,False,0.6771328748826912,0.8721055668643357
Female,0,No,34,Yes,No,DSL,64,No,0,0,1,0,0,0,False,True,0.06632741908223598,-0.025217010065757134
Male,0,No,1,Yes,Yes,Fiber optic,50,No,1,0,1,1,1,0,False,False,-1.2774445836787656,-0.49049538328876824
Female,0,No,1,Yes,Yes,Fiber optic,46,Yes,0,0,1,1,1,1,False,False,-1.2774445836787656,-0.6234320613524857
Female,0,No,61,Yes,No,Fiber optic,86,No,0,0,1,0,1,0,False,False,1.1657772395230555,0.7059347192846889
Female,0,Yes,4,Yes,No,DSL,74,Yes,0,1,1,0,0,1,False,False,-1.1552834925186746,0.3071246850935365
Male,0,No,59,Yes,No,DSL,69,No,1,0,1,0,0,0,False,True,1.0843365120829946,0.1409538375138897
Male,0,Yes,4,Yes,No,DSL,45,No,1,1,1,0,0,0,False,False,-1.1552834925186746,-0.6566662308684151
Male,0,Yes,0,Yes,No,DSL,20,No,1,1,1,0,0,0,False,True,-1.318164947398796,-1.4875204687666492
Male,0,No,22,Yes,No,Fiber optic,20,No,1,0,1,0,1,0,False,False,-0.4223169455581282,-1.4875204687666492
Female,0,No,72,Yes,Yes,Fiber optic,85,No,0,0,1,1,1,0,False,False,1.6137012404433893,0.6727005497687596
Male,0,Yes,15,No,No,Fiber optic,30,No,1,1,0,0,1,0,False,False,-0.7073594915983407,-1.1551787736073555
Female,0,No,1,Yes,Yes,DSL,19,Yes,0,0,1,1,0,1,False,True,-1.2774445836787656,-1.5207546382825785
Female,0,No,57,Yes,No,DSL,95,Yes,0,0,1,0,0,1,True,False,1.002895784642934,1.0050422449280532
Male,0,Yes,39,Yes,No,DSL,86,Yes,1,1,1,0,0,1,True,False,0.26992923768238775,0.7059347192846889
Female,1,No,6,Yes,Yes,Fiber optic,20,No,0,0,1,1,1,0,True,False,-1.0738427650786138,-1.4875204687666492
Female,0,No,16,Yes,No,DSL,63,No,0,0,1,0,0,0,True,False,-0.6666391278783103,-0.0584511795816865
Female,0,Yes,39,No,Yes,Fiber optic,30,Yes,0,1,0,1,1,1,False,False,0.26992923768238775,-1.1551787736073555
Male,0,Yes,4,Yes,No,Fiber optic,20,No,1,1,1,0,1,0,False,False,-1.1552834925186746,-1.4875204687666492
Male,0,No,59,Yes,Yes,Fiber optic,107,Yes,1,0,1,1,1,1,True,False,1.0843365120829946,1.4038522791192056
Female,0,Yes,69,Yes,No,DSL,84,No,0,1,1,0,0,0,False,False,1.4915401492832983,0.6394663802528302
Male,0,Yes,24,Yes,No,DSL,70,No,1,1,1,0,0,0,False,False,-0.3408762181180675,0.17418800702981907
Male,0,Yes,6,Yes,No,Fiber optic,20,No,1,1,1,0,1,0,False,False,-1.0738427650786138,-1.4875204687666492
Male,0,No,9,Yes,No,Fiber optic,94,No,1,0,1,0,1,0,False,False,-0.9516816739185228,0.9718080754121239
Female,0,Yes,8,Yes,Yes,DSL,20,No,0,1,1,1,0,0,False,False,-0.9924020376385531,-1.4875204687666492
Female,0,No,30,Yes,Yes,Fiber optic,20,Yes,0,0,1,1,1,1,False,False,-0.0965540357978854,-1.4875204687666492
Male,0,Yes,62,Yes,No,Fiber optic,71,No,1,1,1,0,1,0,False,False,1.2064976032430856,0.20742217654574843
Female,0,No,35,Yes,Yes,DSL,21,No,0,0,1,1,0,0,False,True,0.10704778280226633,-1.45428629925072
Female,0,Yes,55,Yes,Yes,DSL,19,No,0,1,1,1,0,0,False,True,0.9214550572028734,-1.5207546382825785
Female,0,No,2,Yes,Yes,Fiber optic,61,No,0,0,1,1,1,0,False,False,-1.2367242199587352,-0.12491951861354524
Male,1,No,29,Yes,No,Fiber optic,94,Yes,1,0,1,0,1,1,False,False,-0.13727439951791576,0.9718080754121239
Male,0,No,2,Yes,No,Fiber optic,75,No,1,0,1,0,1,0,False,False,-1.2367242199587352,0.3403588546094659
Male,1,No,33,No,Yes,Fiber optic,55,No,1,0,0,1,1,0,False,True,0.025607055362205634,-0.32432453570912145
Male,0,No,5,Yes,Yes,Fiber optic,76,Yes,1,0,1,1,1,1,False,False,-1.1145631287986442,0.37359302412539525
Female,0,No,1,Yes,No,DSL,69,Yes,0,0,1,0,0,1,False,False,-1.2774445836787656,0.1409538375138897
Female,0,No,72,Yes,Yes,DSL,106,No,0,0,1,1,0,0,True,False,1.6137012404433893,1.3706181096032763
Male,1,No,43,Yes,No,DSL,90,Yes,1,0,1,0,0,1,False,False,0.43281069256250915,0.8388713973484064
Female,0,No,10,Yes,No,DSL,75,Yes,0,0,1,0,0,1,False,False,-0.9109613101984924,0.3403588546094659
Female,0,No,70,Yes,Yes,DSL,26,No,0,0,1,1,0,0,False,True,1.5322605130033284,-1.288115451671073
Male,0,No,24,Yes,Yes,Fiber optic,96,Yes,1,0,1,1,1,1,False,False,-0.3408762181180675,1.0382764144439827
Female,0,No,23,Yes,Yes,DSL,20,No,0,0,1,1,0,0,False,True,-0.38159658183809786,-1.4875204687666492
Female,0,Yes,43,No,No,DSL,51,No,0,1,0,0,0,0,True,False,0.43281069256250915,-0.4572612137728389
Female,0,No,1,Yes,Yes,DSL,19,Yes,0,0,1,1,0,1,False,False,-1.2774445836787656,-1.5207546382825785
Male,0,No,24,Yes,No,Fiber optic,80,Yes,1,0,1,0,1,1,False,True,-0.3408762181180675,0.5065297021891128
Female,1,Yes,65,Yes,No,DSL,104,No,0,1,1,0,0,0,False,False,1.3286586944031769,1.3041497705714176
Female,0,Yes,56,Yes,Yes,Fiber optic,110,No,0,1,1,1,1,0,False,False,0.9621754209229036,1.5035547876669937
Male,1,No,1,Yes,No,DSL,79,Yes,1,0,1,0,0,1,False,False,-1.2774445836787656,0.47329553267318336
Male,1,No,28,Yes,No,DSL,106,No,1,0,1,0,0,0,False,False,-0.1779947632379461,1.3706181096032763
Female,0,No,13,No,Yes,Fiber optic,29,No,0,0,0,1,1,0,False,False,-0.7888002190384014,-1.188412943123285
Female,0,No,8,Yes,No,Fiber optic,80,Yes,0,0,1,0,1,1,False,False,-0.9924020376385531,0.5065297021891128
Female,0,No,3,Yes,No,DSL,70,No,0,0,1,0,0,0,False,True,-1.1960038562387048,0.17418800702981907
Male,0,No,1,Yes,Yes,DSL,20,Yes,1,0,1,1,0,1,False,False,-1.2774445836787656,-1.4875204687666492
Female,1,No,26,Yes,No,DSL,89,Yes,0,0,1,0,0,1,False,False,-0.2594354906780068,0.805637227832477
Male,1,No,1,Yes,No,DSL,76,Yes,1,0,1,0,0,1,False,False,-1.2774445836787656,0.37359302412539525
Female,0,No,5,Yes,No,DSL,20,No,0,0,1,0,0,0,True,False,-1.1145631287986442,-1.4875204687666492
Male,0,No,28,Yes,Yes,Fiber optic,94,Yes,1,0,1,1,1,1,False,False,-0.1779947632379461,0.9718080754121239
Female,0,No,11,Yes,Yes,Fiber optic,59,No,0,0,1,1,1,0,False,False,-0.8702409464784621,-0.19138785764540397
Female,1,No,11,Yes,No,DSL,104,Yes,0,0,1,0,0,1,True,False,-0.8702409464784621,1.3041497705714176
Female,1,No,66,Yes,No,DSL,80,Yes,0,0,1,0,0,1,True,False,1.369379058123207,0.5065297021891128
Male,0,No,56,Yes,Yes,Fiber optic,20,No,1,0,1,1,1,0,False,False,0.9621754209229036,-1.4875204687666492
Female,1,No,53,Yes,Yes,DSL,25,No,0,0,1,1,0,0,False,True,0.8400143297628127,-1.3213496211870024
Female,0,Yes,3,No,Yes,DSL,31,Yes,0,1,0,1,0,1,False,True,-1.1960038562387048,-1.1219446040914263
Female,1,No,72,Yes,Yes,Fiber optic,117,No,0,0,1,1,1,0,False,False,1.6137012404433893,1.7361939742784993
Female,0,No,6,Yes,No,DSL,71,No,0,0,1,0,0,0,True,False,-1.0738427650786138,0.20742217654574843
Female,0,Yes,71,Yes,No,Fiber optic,115,No,0,1,1,0,1,0,False,False,1.5729808767233588,1.6697256352466405
Male,0,No,15,Yes,No,DSL,20,No,1,0,1,0,0,0,False,False,-0.7073594915983407,-1.4875204687666492
Female,1,No,57,Yes,No,DSL,70,No,0,0,1,0,0,0,True,False,1.002895784642934,0.17418800702981907
Male,0,No,68,Yes,Yes,DSL,25,No,1,0,1,1,0,0,True,False,1.4508197855632678,-1.3213496211870024
Female,0,No,13,No,No,DSL,31,Yes,0,0,0,0,0,1,False,False,-0.7888002190384014,-1.1219446040914263
Female,0,Yes,71,Yes,No,DSL,25,No,0,1,1,0,0,0,True,False,1.5729808767233588,-1.3213496211870024
Male,0,No,5,No,No,DSL,40,Yes,1,0,0,0,0,1,False,True,-1.1145631287986442,-0.8228370784480619
Male,0,No,18,Yes,Yes,Fiber optic,90,No,1,0,1,1,1,0,True,False,-0.5851984004382496,0.8388713973484064
Male,0,Yes,36,Yes,No,Fiber optic,95,No,1,1,1,0,1,0,True,False,0.14776814652229667,1.0050422449280532
Male,0,No,63,Yes,No,Fiber optic,85,No,1,0,1,0,1,0,False,False,1.247217966963116,0.6727005497687596
Male,0,Yes,39,No,No,DSL,55,No,1,1,0,0,0,0,True,False,0.26992923768238775,-0.32432453570912145
Female,0,No,3,Yes,Yes,Fiber optic,20,No,0,0,1,1,1,0,False,True,-1.1960038562387048,-1.4875204687666492
Male,0,No,32,Yes,No,DSL,20,No,1,0,1,0,0,0,False,True,-0.015113308357824713,-1.4875204687666492
Male,1,No,4,Yes,Yes,Fiber optic,70,No,1,0,1,1,1,0,False,False,-1.1552834925186746,0.17418800702981907
Female,1,No,32,Yes,Yes,DSL,93,Yes,0,0,1,1,0,1,False,False,-0.015113308357824713,0.9385739058961945
Male,1,No,15,Yes,Yes,DSL,74,Yes,1,0,1,1,0,1,True,False,-0.7073594915983407,0.3071246850935365
Female,1,No,5,Yes,No,Fiber optic,81,Yes,0,0,1,0,1,1,False,False,-1.1145631287986442,0.5397638717050421
Female,0,Yes,9,Yes,No,DSL,20,No,0,1,1,0,0,0,True,False,-0.9516816739185228,-1.4875204687666492
Female,0,Yes,31,Yes,No,DSL,81,No,0,1,1,0,0,0,False,True,-0.055833672077855064,0.5397638717050421
Female,0,No,1,Yes,No,DSL,50,No,0,0,1,0,0,0,False,False,-1.2774445836787656,-0.49049538328876824
Male,0,Yes,1,Yes,No,DSL,81,No,1,1,1,0,0,0,False,True,-1.2774445836787656,0.5397638717050421
Male,0,No,2,Yes,Yes,Fiber optic,100,No,1,0,1,1,1,0,False,False,-1.2367242199587352,1.1712130925077
Female,0,No,35,Yes,No,DSL,23,No,0,0,1,0,0,0,False,False,0.10704778280226633,-1.3878179602188612
Female,0,No,5,Yes,No,DSL,20,No,0,0,1,0,0,0,False,False,-1.1145631287986442,-1.4875204687666492
Male,0,Yes,3,Yes,No,DSL,50,Yes,1,1,1,0,0,1,False,False,-1.1960038562387048,-0.49049538328876824
Male,0,No,12,Yes,Yes,Fiber optic,49,No,1,0,1,1,1,0,False,False,-0.8295205827584317,-0.5237295528046976
Male,0,Yes,56,Yes,Yes,DSL,24,No,1,1,1,1,0,0,False,False,0.9621754209229036,-1.3545837907029317
Male,0,Yes,72,Yes,Yes,Fiber optic,25,No,1,1,1,1,1,0,False,False,1.6137012404433893,-1.3213496211870024
Female,0,No,1,Yes,No,DSL,69,Yes,0,0,1,0,0,1,False,False,-1.2774445836787656,0.1409538375138897
Male,0,No,1,Yes,Yes,Fiber optic,85,Yes,1,0,1,1,1,1,False,True,-1.2774445836787656,0.6727005497687596
Female,0,No,26,Yes,Yes,DSL,90,No,0,0,1,1,0,0,False,True,-0.2594354906780068,0.8388713973484064
Female,0,No,13,No,Yes,Fiber optic,49,No,0,0,0,1,1,0,False,False,-0.7888002190384014,-0.5237295528046976
Female,0,Yes,15,Yes,No,DSL,66,No,0,1,1,0,0,0,False,False,-0.7073594915983407,0.0412513289661016
Male,1,No,68,Yes,Yes,Fiber optic,96,No,1,0,1,1,1,0,False,False,1.4508197855632678,1.0382764144439827
Female,1,No,27,Yes,No,DSL,101,Yes,0,0,1,0,0,1,False,False,-0.21871512695797646,1.2044472620236295
Female,1,No,5,Yes,Yes,DSL,69,No,0,0,1,1,0,0,False,False,-1.1145631287986442,0.1409538375138897
Female,0,No,64,Yes,No,Fiber optic,25,No,0,0,1,0,1,0,False,False,1.2879383306831464,-1.3213496211870024
Female,0,No,16,Yes,No,Fiber optic,65,Yes,0,0,1,0,1,1,False,False,-0.6666391278783103,0.008017159450172232
Female,0,No,2,Yes,Yes,DSL,80,Yes,0,0,1,1,0,1,False,False,-1.2367242199587352,0.5065297021891128
Female,0,No,52,No,No,DSL,39,No,0,0,0,0,0,0,False,False,0.7992939660427822,-0.8560712479639913
Female,0,No,15,Yes,Yes,DSL,25,No,0,0,1,1,0,0,False,True,-0.7073594915983407,-1.3213496211870024
Female,0,Yes,41,Yes,No,DSL,109,No,0,1,1,0,0,0,False,True,0.35136996512244845,1.4703206181510644
Male,1,No,20,Yes,No,Fiber optic,71,Yes,1,0,1,0,1,1,False,False,-0.5037576729981889,0.20742217654574843
Female,0,No,32,Yes,No,DSL,19,No,0,0,1,0,0,0,False,False,-0.015113308357824713,-1.5207546382825785
Male,0,No,1,Yes,Yes,DSL,50,Yes,1,0,1,1,0,1,True,False,-1.2774445836787656,-0.49049538328876824
Female,0,Yes,72,Yes,No,Fiber optic,83,No,0,1,1,0,1,0,False,False,1.6137012404433893,0.6062322107369008
Female,0,Yes,34,Yes,No,DSL,85,No,0,1,1,0,0,0,False,False,0.06632741908223598,0.6727005497687596
Male,0,Yes,44,Yes,Yes,DSL,20,No,1,1,1,1,0,0,False,True,0.47353105628253944,-1.4875204687666492
Male,0,No,72,Yes,Yes,DSL,75,No,1,0,1,1,0,0,False,False,1.6137012404433893,0.3403588546094659
Male,0,Yes,8,Yes,No,Fiber optic,95,No,1,1,1,0,1,0,False,False,-0.9924020376385531,1.0050422449280532
Male,0,No,7,No,No,DSL,34,No,1,0,0,0,0,0,True,False,-1.0331224013585834,-1.0222420955436382
Male,0,Yes,59,Yes,No,DSL,20,No,1,1,1,0,0,0,False,False,1.0843365120829946,-1.4875204687666492
Female,0,No,3,Yes,No,DSL,97,Yes,0,0,1,0,0,1,True,False,-1.1960038562387048,1.071510583959912
Female,0,No,41,Yes,Yes,Fiber optic,99,No,0,0,1,1,1,0,False,False,0.35136996512244845,1.1379789229917707
Female,0,No,61,Yes,No,Fiber optic,25,No,0,0,1,0,1,0,True,False,1.1657772395230555,-1.3213496211870024
Male,0,No,29,Yes,No,DSL,80,Yes,1,0,1,0,0,1,False,False,-0.13727439951791576,0.5065297021891128
Female,0,Yes,48,Yes,No,DSL,20,No,0,1,1,0,0,0,False,False,0.6364125111626608,-1.4875204687666492
Male,0,No,1,Yes,Yes,DSL,20,Yes,1,0,1,1,0,1,False,False,-1.2774445836787656,-1.4875204687666492
Male,0,Yes,64,Yes,Yes,Fiber optic,25,No,1,1,1,1,1,0,True,False,1.2879383306831464,-1.3213496211870024
Male,0,No,58,Yes,No,Fiber optic,21,No,1,0,1,0,1,0,False,True,1.0436161483629645,-1.45428629925072
Male,0,No,29,Yes,Yes,Fiber optic,85,No,1,0,1,1,1,0,False,False,-0.13727439951791576,0.6727005497687596
Male,1,No,7,Yes,Yes,DSL,95,Yes,1,0,1,1,0,1,False,True,-1.0331224013585834,1.0050422449280532
Male,0,No,67,Yes,No,DSL,111,No,1,0,1,0,0,0,False,False,1.4100994218432374,1.536788957182923
Male,0,No,5,Yes,No,Fiber optic,70,Yes,1,0,1,0,1,1,False,False,-1.1145631287986442,0.17418800702981907
Female,0,No,27,Yes,No,DSL,53,No,0,0,1,0,0,0,False,True,-0.21871512695797646,-0.3907928747409802
Male,0,No,4,No,Yes,Fiber optic,49,Yes,1,0,0,1,1,1,False,False,-1.1552834925186746,-0.5237295528046976
Male,0,No,1,Yes,Yes,Fiber optic,20,No,1,0,1,1,1,0,False,False,-1.2774445836787656,-1.4875204687666492
Female,0,Yes,4,Yes,Yes,Fiber optic,20,No,0,1,1,1,1,0,False,False,-1.1552834925186746,-1.4875204687666492
Male,0,Yes,6,Yes,No,DSL,20,No,1,1,1,0,0,0,False,False,-1.0738427650786138,-1.4875204687666492
Male,0,Yes,1,No,Yes,Fiber optic,34,No,1,1,0,1,1,0,False,True,-1.2774445836787656,-1.0222420955436382
Male,0,No,49,Yes,Yes,DSL,84,Yes,1,0,1,1,0,1,False,True,0.6771328748826912,0.6394663802528302
Female,0,No,2,Yes,No,DSL,55,Yes,0,0,1,0,0,1,False,True,-1.2367242199587352,-0.32432453570912145
Male,0,Yes,16,Yes,No,DSL,85,No,1,1,1,0,0,0,False,True,-0.6666391278783103,0.6727005497687596
Female,0,Yes,1,Yes,No,DSL,25,No,0,1,1,0,0,0,False,True,-1.2774445836787656,-1.3213496211870024
Male,0,No,25,Yes,No,Fiber optic,70,No,1,0,1,0,1,0,False,False,-0.30015585439803716,0.17418800702981907
Male,0,Yes,25,Yes,No,DSL,54,No,1,1,1,0,0,0,False,False,-0.30015585439803716,-0.3575587052250508
Female,0,No,72,Yes,No,DSL,111,No,0,0,1,0,0,0,False,False,1.6137012404433893,1.536788957182923
Male,0,No,10,Yes,Yes,Fiber optic,20,No,1,0,1,1,1,0,False,True,-0.9109613101984924,-1.4875204687666492
Male,0,No,54,Yes,No,Fiber optic,84,No,1,0,1,0,1,0,False,False,0.880734693482843,0.6394663802528302
Male,1,Yes,1,Yes,Yes,Fiber optic,49,Yes,1,1,1,1,1,1,False,False,-1.2774445836787656,-0.5237295528046976
Female,0,No,66,Yes,Yes,Fiber optic,67,No,0,0,1,1,1,0,False,False,1.369379058123207,0.07448549848203097
Male,0,No,4,Yes,Yes,Fiber optic,66,No,1,0,1,1,1,0,False,True,-1.1552834925186746,0.0412513289661016
Female,0,No,7,Yes,Yes,DSL,20,No,0,0,1,1,0,0,False,False,-1.0331224013585834,-1.4875204687666492
Male,1,No,69,No,Yes,Fiber optic,57,No,1,0,0,1,1,0,False,False,1.4915401492832983,-0.2578561966772627
Female,0,No,8,Yes,No,DSL,96,Yes,0,0,1,0,0,1,False,True,-0.9924020376385531,1.0382764144439827
Male,0,No,25,Yes,Yes,Fiber optic,56,No,1,0,1,1,1,0,False,False,-0.30015585439803716,-0.29109036619319206
Male,1,No,37,Yes,No,DSL,101,Yes,1,0,1,0,0,1,False,False,0.18848851024232702,1.2044472620236295
Male,0,Yes,1,Yes,No,DSL,20,No,1,1,1,0,0,0,False,False,-1.2774445836787656,-1.4875204687666492
Male,0,Yes,4,Yes,Yes,DSL,24,No,1,1,1,1,0,0,False,True,-1.1552834925186746,-1.3545837907029317
Male,0,No,10,No,No,Fiber optic,34,Yes,1,0,0,0,1,1,False,False,-0.9109613101984924,-1.0222420955436382
Female,0,No,13,No,Yes,Fiber optic,35,No,0,0,0,1,1,0,False,False,-0.7888002190384014,-0.9890079260277087
Female,0,No,12,Yes,Yes,Fiber optic,79,No,0,0,1,1,1,0,False,False,-0.8295205827584317,0.47329553267318336
Male,0,No,61,Yes,No,Fiber optic,25,No,1,0,1,0,1,0,False,False,1.1657772395230555,-1.3213496211870024
Male,0,No,65,Yes,No,Fiber optic,99,No,1,0,1,0,1,0,False,False,1.3286586944031769,1.1379789229917707
Male,0,No,56,Yes,Yes,Fiber optic,65,No,1,0,1,1,1,0,False,False,0.9621754209229036,0.008017159450172232
Male,0,No,51,Yes,No,Fiber optic,81,No,1,0,1,0,1,0,False,False,0.758573602322752,0.5397638717050421
Male,0,Yes,43,Yes,No,Fiber optic,91,No,1,1,1,0,1,0,False,False,0.43281069256250915,0.8721055668643357
Female,0,No,1,Yes,No,DSL,50,No,0,0,1,0,0,0,True,False,-1.2774445836787656,-0.49049538328876824
Female,0,No,3,Yes,No,Fiber optic,54,No,0,0,1,0,1,0,False,False,-1.1960038562387048,-0.3575587052250508
Female,0,No,19,No,Yes,DSL,40,No,0,0,0,1,0,0,True,False,-0.5444780367182193,-0.8228370784480619
Male,0,No,45,Yes,Yes,DSL,108,No,1,0,1,1,0,0,False,False,0.5142514200025698,1.437086448635135
Female,1,No,68,Yes,No,Fiber optic,100,Yes,0,0,1,0,1,1,True,False,1.4508197855632678,1.1712130925077
Female,0,No,1,Yes,No,DSL,20,Yes,0,0,1,0,0,1,False,False,-1.2774445836787656,-1.4875204687666492
Female,0,Yes,32,Yes,Yes,Fiber optic,90,No,0,1,1,1,1,0,False,False,-0.015113308357824713,0.8388713973484064
Male,0,Yes,59,No,No,Fiber optic,35,No,1,1,0,0,1,0,False,True,1.0843365120829946,-0.9890079260277087
Male,0,Yes,45,Yes,Yes,Fiber optic,20,No,1,1,1,1,1,0,False,False,0.5142514200025698,-1.4875204687666492
Male,1,No,24,Yes,No,DSL,104,Yes,1,0,1,0,0,1,False,True,-0.3408762181180675,1.3041497705714176
Male,0,Yes,63,Yes,No,DSL,89,No,1,1,1,0,0,0,False,False,1.247217966963116,0.805637227832477
Male,1,No,29,Yes,No,DSL,52,No,1,0,1,0,0,0,False,False,-0.13727439951791576,-0.4240270442569095
Male,0,Yes,55,Yes,No,DSL,86,No,1,1,1,0,0,0,True,False,0.9214550572028734,0.7059347192846889
Female,0,No,8,Yes,No,DSL,85,Yes,0,0,1,0,0,1,False,False,-0.9924020376385531,0.6727005497687596
Male,0,No,34,No,Yes,DSL,25,No,1,0,0,1,0,0,False,True,0.06632741908223598,-1.3213496211870024
Female,0,No,1,Yes,No,Fiber optic,70,Yes,0,0,1,0,1,1,False,False,-1.2774445836787656,0.17418800702981907
Male,0,No,10,Yes,No,DSL,55,No,1,0,1,0,0,0,False,False,-0.9109613101984924,-0.32432453570912145
Male,0,Yes,71,Yes,Yes,Fiber optic,73,No,1,1,1,1,1,0,False,False,1.5729808767233588,0.2738905155776072
Male,0,No,5,Yes,Yes,DSL,56,No,1,0,1,1,0,0,False,True,-1.1145631287986442,-0.29109036619319206
Male,0,No,31,Yes,No,Fiber optic,79,No,1,0,1,0,1,0,False,False,-0.055833672077855064,0.47329553267318336
Female,0,No,1,Yes,Yes,DSL,75,Yes,0,0,1,1,0,1,False,True,-1.2774445836787656,0.3403588546094659
Male,0,No,20,Yes,Yes,Fiber optic,89,Yes,1,0,1,1,1,1,False,False,-0.5037576729981889,0.805637227832477
Female,0,Yes,19,Yes,Yes,DSL,20,No,0,1,1,1,0,0,True,False,-0.5444780367182193,-1.4875204687666492
Male,0,Yes,72,Yes,No,Fiber optic,113,No,1,1,1,0,1,0,False,False,1.6137012404433893,1.6032572962147817
Female,0,Yes,11,Yes,Yes,DSL,25,No,0,1,1,1,0,0,True,False,-0.8702409464784621,-1.3213496211870024
Male,0,No,4,Yes,Yes,Fiber optic,90,Yes,1,0,1,1,1,1,True,False,-1.1552834925186746,0.8388713973484064
Female,0,No,25,Yes,No,DSL,105,Yes,0,0,1,0,0,1,False,False,-0.30015585439803716,1.3373839400873468
Male,1,No,45,Yes,Yes,DSL,25,No,1,0,1,1,0,0,False,True,0.5142514200025698,-1.3213496211870024
Female,1,No,64,Yes,Yes,DSL,109,No,0,0,1,1,0,0,False,True,1.2879383306831464,1.4703206181510644
Male,0,No,4,Yes,No,Fiber optic,21,No,1,0,1,0,1,0,False,False,-1.1552834925186746,-1.45428629925072
Male,0,No,34,Yes,No,Fiber optic,20,No,1,0,1,0,1,0,False,False,0.06632741908223598,-1.4875204687666492
Female,0,Yes,48,Yes,Yes,DSL,70,No,0,1,1,1,0,0,False,True,0.6364125111626608,0.17418800702981907
Female,0,No,24,Yes,No,Fiber optic,80,No,0,0,1,0,1,0,True,False,-0.3408762181180675,0.5065297021891128
Male,1,No,8,Yes,No,DSL,61,No,1,0,1,0,0,0,True,False,-0.9924020376385531,-0.12491951861354524
Female,0,Yes,67,Yes,Yes,Fiber optic,104,No,0,1,1,1,1,0,False,False,1.4100994218432374,1.3041497705714176
Male,0,No,14,Yes,No,Fiber optic,67,No,1,0,1,0,1,0,True,False,-0.748079855318371,0.07448549848203097
Female,1,No,10,No,No,DSL,30,Yes,0,0,0,0,0,1,False,True,-0.9109613101984924,-1.1551787736073555
Male,0,Yes,42,Yes,Yes,Fiber optic,97,No,1,1,1,1,1,0,False,False,0.3920903288424788,1.071510583959912
Female,0,Yes,15,Yes,Yes,Fiber optic,20,No,0,1,1,1,1,0,False,False,-0.7073594915983407,-1.4875204687666492
Female,0,No,2,Yes,No,DSL,46,No,0,0,1,0,0,0,True,False,-1.2367242199587352,-0.6234320613524857
Female,0,Yes,45,Yes,Yes,DSL,105,No,0,1,1,1,0,0,False,True,0.5142514200025698,1.3373839400873468
Female,0,Yes,4,Yes,Yes,DSL,84,Yes,0,1,1,1,0,1,False,True,-1.1552834925186746,0.6394663802528302
Female,0,Yes,67,Yes,No,DSL,109,Yes,0,1,1,0,0,1,False,False,1.4100994218432374,1.4703206181510644
Male,0,No,12,Yes,No,DSL,57,Yes,1,0,1,0,0,1,False,False,-0.8295205827584317,-0.2578561966772627
Male,0,No,60,Yes,No,Fiber optic,96,Yes,1,0,1,0,1,1,False,False,1.125056875803025,1.0382764144439827
Male,0,Yes,1,Yes,Yes,DSL,51,Yes,1,1,1,1,0,1,False,False,-1.2774445836787656,-0.4572612137728389
Female,1,No,1,Yes,No,DSL,71,No,0,0,1,0,0,0,True,False,-1.2774445836787656,0.20742217654574843
Female,0,No,1,Yes,Yes,DSL,20,Yes,0,0,1,1,0,1,False,True,-1.2774445836787656,-1.4875204687666492
Male,0,Yes,8,Yes,Yes,DSL,43,No,1,1,1,1,0,0,False,True,-0.9924020376385531,-0.7231345699002738
Male,1,No,5,Yes,No,Fiber optic,90,Yes,1,0,1,0,1,1,False,False,-1.1145631287986442,0.8388713973484064
Male,0,No,1,Yes,No,Fiber optic,69,Yes,1,0,1,0,1,1,False,False,-1.2774445836787656,0.1409538375138897
Female,0,Yes,58,Yes,Yes,DSL,20,No,0,1,1,1,0,0,False,True,1.0436161483629645,-1.4875204687666492
Male,0,No,72,Yes,Yes,Fiber optic,109,No,1,0,1,1,1,0,False,False,1.6137012404433893,1.4703206181510644
Female,0,Yes,23,Yes,Yes,Fiber optic,25,No,0,1,1,1,1,0,False,False,-0.38159658183809786,-1.3213496211870024
Male,0,No,5,Yes,Yes,Fiber optic,96,Yes,1,0,1,1,1,1,True,False,-1.1145631287986442,1.0382764144439827
Male,0,No,70,No,No,DSL,39,No,1,0,0,0,0,0,False,False,1.5322605130033284,-0.8560712479639913
Female,0,Yes,12,Yes,No,DSL,84,Yes,0,1,1,0,0,1,False,False,-0.8295205827584317,0.6394663802528302
Female,0,No,7,Yes,No,DSL,70,No,0,0,1,0,0,0,True,False,-1.0331224013585834,0.17418800702981907
Male,0,No,1,Yes,No,Fiber optic,46,Yes,1,0,1,0,1,1,False,False,-1.2774445836787656,-0.6234320613524857
Male,0,Yes,44,No,Yes,Fiber optic,54,No,1,1,0,1,1,0,False,False,0.47353105628253944,-0.3575587052250508
Male,0,Yes,46,Yes,No,Fiber optic,81,No,1,1,1,0,1,0,False,False,0.5549717837226001,0.5397638717050421
Male,0,No,20,Yes,No,Fiber optic,20,No,1,0,1,0,1,0,False,False,-0.5037576729981889,-1.4875204687666492
Male,1,Yes,32,Yes,No,Fiber optic,94,No,1,1,1,0,1,0,False,True,-0.015113308357824713,0.9718080754121239
Male,0,No,1,Yes,No,Fiber optic,20,No,1,0,1,0,1,0,False,False,-1.2774445836787656,-1.4875204687666492
Female,0,No,67,Yes,No,DSL,85,No,0,0,1,0,0,0,False,False,1.4100994218432374,0.6727005497687596
Female,1,No,29,Yes,No,DSL,99,Yes,0,0,1,0,0,1,False,True,-0.13727439951791576,1.1379789229917707
Female,0,Yes,72,Yes,Yes,Fiber optic,23,No,0,1,1,1,1,0,False,False,1.6137012404433893,-1.3878179602188612
Male,1,No,12,Yes,Yes,Fiber optic,101,Yes,1,0,1,1,1,1,False,False,-0.8295205827584317,1.2044472620236295
Male,0,Yes,27,Yes,Yes,Fiber optic,72,No,1,1,1,1,1,0,False,True,-0.21871512695797646,0.2406563460616778
Male,0,Yes,56,Yes,No,DSL,116,No,1,1,1,0,0,0,False,False,0.9621754209229036,1.7029598047625698
Female,0,Yes,62,Yes,Yes,Fiber optic,100,Yes,0,1,1,1,1,1,False,False,1.2064976032430856,1.1712130925077
Male,0,No,11,No,No,Fiber optic,35,No,1,0,0,0,1,0,False,False,-0.8702409464784621,-0.9890079260277087
Male,1,No,30,Yes,No,DSL,75,No,1,0,1,0,0,0,False,False,-0.0965540357978854,0.3403588546094659
Female,0,No,40,Yes,No,Fiber optic,20,No,0,0,1,0,1,0,False,False,0.3106496014024181,-1.4875204687666492
Male,1,No,38,No,Yes,DSL,25,No,1,0,0,1,0,0,False,True,0.22920887396235737,-1.3213496211870024
Female,0,No,28,No,No,DSL,30,No,0,0,0,0,0,0,False,False,-0.1779947632379461,-1.1551787736073555
Female,0,No,1,Yes,Yes,DSL,94,Yes,0,0,1,1,0,1,False,False,-1.2774445836787656,0.9718080754121239
Female,0,No,12,Yes,Yes,Fiber optic,45,No,0,0,1,1,1,0,False,False,-0.8295205827584317,-0.6566662308684151
Female,0,Yes,24,Yes,No,DSL,78,No,0,1,1,0,0,0,True,False,-0.3408762181180675,0.44006136315725397
Male,1,No,72,Yes,No,Fiber optic,25,No,1,0,1,0,1,0,False,False,1.6137012404433893,-1.3213496211870024
Male,0,No,3,Yes,No,DSL,82,No,1,0,1,0,0,0,False,False,-1.1960038562387048,0.5729980412209714
Female,0,Yes,72,Yes,Yes,Fiber optic,116,No,0,1,1,1,1,0,False,False,1.6137012404433893,1.7029598047625698
Male,0,No,4,Yes,Yes,Fiber optic,25,No,1,0,1,1,1,0,False,False,-1.1552834925186746,-1.3213496211870024
Female,0,No,3,Yes,No,Fiber optic,76,No,0,0,1,0,1,0,False,False,-1.1960038562387048,0.37359302412539525
Female,1,No,1,Yes,Yes,Fiber optic,50,Yes,0,0,1,1,1,1,False,False,-1.2774445836787656,-0.49049538328876824
Male,0,No,43,Yes,Yes,DSL,78,Yes,1,0,1,1,0,1,False,True,0.43281069256250915,0.44006136315725397
Female,0,No,10,No,Yes,Fiber optic,41,No,0,0,0,1,1,0,False,False,-0.9109613101984924,-0.7896029089321326
Female,1,No,2,Yes,No,DSL,44,No,0,0,1,0,0,0,False,False,-1.2367242199587352,-0.6899004003843444
Male,0,No,15,Yes,Yes,Fiber optic,19,No,1,0,1,1,1,0,False,True,-0.7073594915983407,-1.5207546382825785
Female,1,No,3,Yes,No,Fiber optic,75,No,0,0,1,0,1,0,False,False,-1.1960038562387048,0.3403588546094659
Female,0,No,65,No,No,DSL,60,No,0,0,0,0,0,0,False,True,1.3286586944031769,-0.15815368812947458
Male,0,No,27,Yes,No,Fiber optic,20,No,1,0,1,0,1,0,False,False,-0.21871512695797646,-1.4875204687666492
Male,1,No,1,Yes,No,DSL,74,Yes,1,0,1,0,0,1,True,False,-1.2774445836787656,0.3071246850935365
Male,0,No,35,Yes,Yes,Fiber optic,21,No,1,0,1,1,1,0,False,False,0.10704778280226633,-1.45428629925072
Male,0,No,2,Yes,No,DSL,47,No,1,0,1,0,0,0,False,False,-1.2367242199587352,-0.5901978918365564
Female,0,No,60,Yes,Yes,Fiber optic,100,No,0,0,1,1,1,0,True,False,1.125056875803025,1.1712130925077
Female,0,Yes,49,Yes,Yes,DSL,19,No,0,1,1,1,0,0,False,False,0.6771328748826912,-1.5207546382825785
Male,0,No,3,No,Yes,Fiber optic,35,Yes,1,0,0,1,1,1,False,True,-1.1960038562387048,-0.9890079260277087
Female,0,Yes,24,Yes,Yes,Fiber optic,20,No,0,1,1,1,1,0,False,False,-0.3408762181180675,-1.4875204687666492
Male,0,Yes,62,Yes,No,DSL,89,No,1,1,1,0,0,0,False,False,1.2064976032430856,0.805637227832477
Female,0,Yes,25,Yes,No,DSL,89,Yes,0,1,1,0,0,1,True,False,-0.30015585439803716,0.805637227832477
Female,0,Yes,10,Yes,No,Fiber optic,89,No,0,1,1,0,1,0,True,False,-0.9109613101984924,0.805637227832477
Male,0,Yes,67,Yes,Yes,Fiber optic,54,No,1,1,1,1,1,0,False,False,1.4100994218432374,-0.3575587052250508
Male,1,No,7,Yes,No,Fiber optic,85,Yes,1,0,1,0,1,1,True,False,-1.0331224013585834,0.6727005497687596
Male,0,Yes,24,Yes,No,DSL,81,No,1,1,1,0,0,0,False,False,-0.3408762181180675,0.5397638717050421
Male,1,No,72,Yes,No,DSL,116,No,1,0,1,0,0,0,False,False,1.6137012404433893,1.7029598047625698
Male,0,No,53,Yes,No,Fiber optic,74,No,1,0,1,0,1,0,False,False,0.8400143297628127,0.3071246850935365
Male,1,No,2,Yes,Yes,Fiber optic,87,Yes,1,0,1,1,1,1,False,False,-1.2367242199587352,0.7391688888006183
Female,0,No,5,Yes,No,DSL,76,Yes,0,0,1,0,0,1,False,True,-1.1145631287986442,0.37359302412539525
Female,0,No,52,No,Yes,Fiber optic,35,No,0,0,0,1,1,0,True,False,0.7992939660427822,-0.9890079260277087
Female,0,Yes,72,Yes,Yes,DSL,74,No,0,1,1,1,0,0,False,False,1.6137012404433893,0.3071246850935365
Male,0,Yes,70,Yes,No,DSL,79,No,1,1,1,0,0,0,False,False,1.5322605130033284,0.47329553267318336
Male,0,No,9,Yes,Yes,Fiber optic,20,No,1,0,1,1,1,0,True,False,-0.9516816739185228,-1.4875204687666492
Female,0,No,2,Yes,No,DSL,20,No,0,0,1,0,0,0,False,False,-1.2367242199587352,-1.4875204687666492
Female,0,No,28,Yes,Yes,Fiber optic,60,No,0,0,1,1,1,0,False,False,-0.1779947632379461,-0.15815368812947458
Male,0,No,72,Yes,No,DSL,86,No,1,0,1,0,0,0,False,True,1.6137012404433893,0.7059347192846889
Male,0,No,42,No,No,DSL,40,No,1,0,0,0,0,0,False,True,0.3920903288424788,-0.8228370784480619
Female,0,No,11,Yes,Yes,DSL,102,Yes,0,0,1,1,0,1,False,True,-0.8702409464784621,1.2376814315395588
Female,0,Yes,61,Yes,Yes,DSL,50,No,0,1,1,1,0,0,False,True,1.1657772395230555,-0.49049538328876824
Male,0,Yes,63,Yes,Yes,DSL,76,No,1,1,1,1,0,0,False,True,1.247217966963116,0.37359302412539525
Male,0,No,1,Yes,Yes,Fiber optic,46,Yes,1,0,1,1,1,1,False,False,-1.2774445836787656,-0.6234320613524857
Male,0,Yes,23,Yes,Yes,Fiber optic,48,Yes,1,1,1,1,1,1,False,True,-0.38159658183809786,-0.556963722320627
Female,0,No,61,Yes,No,Fiber optic,20,No,0,0,1,0,1,0,False,False,1.1657772395230555,-1.4875204687666492
Male,0,No,7,Yes,Yes,Fiber optic,20,No,1,0,1,1,1,0,False,False,-1.0331224013585834,-1.4875204687666492
Male,0,No,14,Yes,No,DSL,20,No,1,0,1,0,0,0,False,True,-0.748079855318371,-1.4875204687666492
Female,1,Yes,23,Yes,Yes,Fiber optic,88,No,0,1,1,1,1,0,False,True,-0.38159658183809786,0.7724030583165477
Female,0,No,9,Yes,No,DSL,92,Yes,0,0,1,0,0,1,False,False,-0.9516816739185228,0.9053397363802651
Female,1,No,11,Yes,Yes,DSL,100,Yes,0,0,1,1,0,1,True,False,-0.8702409464784621,1.1712130925077
Female,0,No,48,Yes,No,DSL,75,No,0,0,1,0,0,0,False,False,0.6364125111626608,0.3403588546094659
Male,0,No,63,Yes,No,Fiber optic,20,No,1,0,1,0,1,0,False,False,1.247217966963116,-1.4875204687666492
Female,0,No,6,Yes,Yes,DSL,100,Yes,0,0,1,1,0,1,False,True,-1.0738427650786138,1.1712130925077
Female,0,No,5,No,Yes,Fiber optic,51,No,0,0,0,1,1,0,True,False,-1.1145631287986442,-0.4572612137728389
Male,0,No,70,Yes,No,Fiber optic,88,No,1,0,1,0,1,0,False,False,1.5322605130033284,0.7724030583165477
Male,0,No,8,Yes,Yes,DSL,66,No,1,0,1,1,0,0,False,False,-0.9924020376385531,0.0412513289661016
Female,0,Yes,46,Yes,No,DSL,25,No,0,1,1,0,0,0,True,False,0.5549717837226001,-1.3213496211870024
Male,0,Yes,6,Yes,Yes,Fiber optic,20,No,1,1,1,1,1,0,False,True,-1.0738427650786138,-1.4875204687666492
Female,0,Yes,68,Yes,Yes,Fiber optic,84,No,0,1,1,1,1,0,False,False,1.4508197855632678,0.6394663802528302
Male,0,Yes,31,Yes,Yes,DSL,21,No,1,1,1,1,0,0,False,True,-0.055833672077855064,-1.45428629925072
Female,0,Yes,23,Yes,No,DSL,20,No,0,1,1,0,0,0,False,False,-0.38159658183809786,-1.4875204687666492
Female,0,No,6,Yes,No,Fiber optic,84,Yes,0,0,1,0,1,1,False,False,-1.0738427650786138,0.6394663802528302
Male,0,No,1,Yes,Yes,DSL,51,Yes,1,0,1,1,0,1,False,True,-1.2774445836787656,-0.4572612137728389
Male,0,No,2,Yes,Yes,DSL,79,No,1,0,1,1,0,0,False,True,-1.2367242199587352,0.47329553267318336
Male,1,No,43,Yes,No,DSL,94,No,1,0,1,0,0,0,False,False,0.43281069256250915,0.9718080754121239
Male,0,Yes,46,Yes,Yes,DSL,20,No,1,1,1,1,0,0,False,True,0.5549717837226001,-1.4875204687666492
Male,0,No,49,Yes,Yes,DSL,99,No,1,0,1,1,0,0,True,False,0.6771328748826912,1.1379789229917707
Male,0,No,51,Yes,Yes,Fiber optic,95,Yes,1,0,1,1,1,1,True,False,0.758573602322752,1.0050422449280532
Male,0,Yes,28,Yes,Yes,DSL,93,No,1,1,1,1,0,0,False,True,-0.1779947632379461,0.9385739058961945
Male,0,No,65,Yes,No,DSL,92,Yes,1,0,1,0,0,1,False,True,1.3286586944031769,0.9053397363802651
Male,0,No,51,Yes,Yes,Fiber optic,83,No,1,0,1,1,1,0,False,False,0.758573602322752,0.6062322107369008
Male,0,No,1,Yes,No,DSL,21,No,1,0,1,0,0,0,False,False,-1.2774445836787656,-1.45428629925072
Male,0,Yes,1,Yes,Yes,DSL,75,Yes,1,1,1,1,0,1,False,True,-1.2774445836787656,0.3403588546094659
Female,0,No,24,Yes,No,DSL,20,No,0,0,1,0,0,0,False,False,-0.3408762181180675,-1.4875204687666492
Female,0,No,48,No,No,DSL,35,Yes,0,0,0,0,0,1,False,False,0.6364125111626608,-0.9890079260277087
Male,1,No,1,Yes,No,Fiber optic,80,Yes,1,0,1,0,1,1,False,False,-1.2774445836787656,0.5065297021891128
Female,0,No,2,Yes,Yes,Fiber optic,54,No,0,0,1,1,1,0,False,False,-1.2367242199587352,-0.3575587052250508
Male,0,No,27,Yes,Yes,Fiber optic,55,No,1,0,1,1,1,0,False,True,-0.21871512695797646,-0.32432453570912145
Male,0,Yes,1,Yes,No,DSL,50,Yes,1,1,1,0,0,1,False,False,-1.2774445836787656,-0.49049538328876824
Female,0,Yes,70,No,No,Fiber optic,58,No,0,1,0,0,1,0,False,False,1.5322605130033284,-0.22462202716133334
Male,0,No,35,Yes,Yes,Fiber optic,75,Yes,1,0,1,1,1,1,False,False,0.10704778280226633,0.3403588546094659
Male,0,No,67,No,No,Fiber optic,49,No,1,0,0,0,1,0,False,False,1.4100994218432374,-0.5237295528046976
Male,0,No,2,Yes,No,Fiber optic,46,Yes,1,0,1,0,1,1,False,False,-1.2367242199587352,-0.6234320613524857
Female,0,Yes,15,Yes,Yes,Fiber optic,21,No,0,1,1,1,1,0,False,False,-0.7073594915983407,-1.45428629925072
Female,0,No,1,Yes,Yes,Fiber optic,20,No,0,0,1,1,1,0,True,False,-1.2774445836787656,-1.4875204687666492
Male,0,Yes,62,Yes,No,DSL,25,No,1,1,1,0,0,0,False,False,1.2064976032430856,-1.3213496211870024
Female,0,Yes,36,Yes,No,DSL,20,No,0,1,1,0,0,0,False,False,0.14776814652229667,-1.4875204687666492
Male,0,No,1,Yes,Yes,DSL,20,Yes,1,0,1,1,0,1,False,False,-1.2774445836787656,-1.4875204687666492
Male,0,No,72,Yes,Yes,Fiber optic,105,No,1,0,1,1,1,0,False,False,1.6137012404433893,1.3373839400873468
Male,0,No,70,Yes,No,DSL,79,No,1,0,1,0,0,0,False,False,1.5322605130033284,0.47329553267318336
Male,0,No,1,Yes,Yes,DSL,54,Yes,1,0,1,1,0,1,False,True,-1.2774445836787656,-0.3575587052250508
Male,0,No,24,Yes,No,DSL,58,No,1,0,1,0,0,0,False,False,-0.3408762181180675,-0.22462202716133334
Male,1,No,45,Yes,No,DSL,63,Yes,1,0,1,0,0,1,False,True,0.5142514200025698,-0.0584511795816865
Male,0,No,29,Yes,No,DSL,20,No,1,0,1,0,0,0,True,False,-0.13727439951791576,-1.4875204687666492
Female,0,Yes,33,Yes,No,DSL,89,No,0,1,1,0,0,0,True,False,0.025607055362205634,0.805637227832477
Female,0,No,7,Yes,Yes,Fiber optic,100,No,0,0,1,1,1,0,False,False,-1.0331224013585834,1.1712130925077
Female,0,No,7,Yes,Yes,Fiber optic,80,Yes,0,0,1,1,1,1,False,False,-1.0331224013585834,0.5065297021891128
Male,0,No,18,Yes,No,Fiber optic,73,No,1,0,1,0,1,0,False,False,-0.5851984004382496,0.2738905155776072
Male,0,Yes,2,Yes,No,DSL,19,No,1,1,1,0,0,0,False,False,-1.2367242199587352,-1.5207546382825785
Male,0,Yes,66,Yes,No,DSL,80,No,1,1,1,0,0,0,False,True,1.369379058123207,0.5065297021891128
Female,0,No,3,Yes,Yes,DSL,20,Yes,0,0,1,1,0,1,False,False,-1.1960038562387048,-1.4875204687666492
Female,0,No,72,Yes,No,DSL,26,No,0,0,1,0,0,0,False,False,1.6137012404433893,-1.288115451671073
Female,0,Yes,72,Yes,Yes,Fiber optic,67,No,0,1,1,1,1,0,False,False,1.6137012404433893,0.07448549848203097
Female,1,No,13,No,No,Fiber optic,45,No,0,0,0,0,1,0,False,False,-0.7888002190384014,-0.6566662308684151
Male,0,No,24,Yes,No,DSL,86,No,1,0,1,0,0,0,False,False,-0.3408762181180675,0.7059347192846889
Male,0,No,70,Yes,No,Fiber optic,75,No,1,0,1,0,1,0,False,False,1.5322605130033284,0.3403588546094659
Male,0,Yes,71,Yes,Yes,Fiber optic,97,No,1,1,1,1,1,0,False,True,1.5729808767233588,1.071510583959912
Male,0,No,56,Yes,Yes,DSL,60,No,1,0,1,1,0,0,False,False,0.9621754209229036,-0.15815368812947458
Female,0,No,6,Yes,No,Fiber optic,94,Yes,0,0,1,0,1,1,False,False,-1.0738427650786138,0.9718080754121239
Female,0,No,1,Yes,No,DSL,45,Yes,0,0,1,0,0,1,True,False,-1.2774445836787656,-0.6566662308684151
Female,0,Yes,21,Yes,No,DSL,45,No,0,1,1,0,0,0,False,False,-0.46303730927815856,-0.6566662308684151
Male,0,Yes,14,Yes,No,DSL,65,Yes,1,1,1,0,0,1,True,False,-0.748079855318371,0.008017159450172232
Male,0,No,13,Yes,Yes,DSL,66,No,1,0,1,1,0,0,True,False,-0.7888002190384014,0.0412513289661016
Female,0,No,12,Yes,Yes,Fiber optic,94,Yes,0,0,1,1,1,1,False,False,-0.8295205827584317,0.9718080754121239
Male,0,No,65,Yes,No,DSL,91,No,1,0,1,0,0,0,False,False,1.3286586944031769,0.8721055668643357
Male,0,No,30,Yes,No,DSL,84,No,1,0,1,0,0,0,False,False,-0.0965540357978854,0.6394663802528302
Female,0,No,2,No,Yes,Fiber optic,24,No,0,0,0,1,1,0,False,True,-1.2367242199587352,-1.3545837907029317
Female,0,Yes,12,Yes,No,DSL,20,No,0,1,1,0,0,0,False,False,-0.8295205827584317,-1.4875204687666492
Male,0,No,56,Yes,Yes,DSL,107,No,1,0,1,1,0,0,False,True,0.9621754209229036,1.4038522791192056
Female,1,No,67,Yes,No,DSL,92,No,0,0,1,0,0,0,False,False,1.4100994218432374,0.9053397363802651
Male,0,Yes,4,Yes,Yes,Fiber optic,51,Yes,1,1,1,1,1,1,False,False,-1.1552834925186746,-0.4572612137728389
Female,1,No,65,Yes,Yes,Fiber optic,94,No,0,0,1,1,1,0,False,False,1.3286586944031769,0.9718080754121239
Male,0,No,60,Yes,No,DSL,101,No,1,0,1,0,0,0,False,True,1.125056875803025,1.2044472620236295
Female,0,No,37,Yes,No,DSL,100,Yes,0,0,1,0,0,1,False,False,0.18848851024232702,1.1712130925077
Male,0,No,72,Yes,No,DSL,20,No,1,0,1,0,0,0,False,False,1.6137012404433893,-1.4875204687666492
Female,0,Yes,52,Yes,No,DSL,100,No,0,1,1,0,0,0,False,False,0.7992939660427822,1.1712130925077
Male,1,No,13,Yes,No,DSL,107,Yes,1,0,1,0,0,1,False,True,-0.7888002190384014,1.4038522791192056
Female,1,No,56,Yes,No,DSL,97,No,0,0,1,0,0,0,False,False,0.9621754209229036,1.071510583959912
Female,0,No,51,Yes,Yes,Fiber optic,21,No,0,0,1,1,1,0,False,False,0.758573602322752,-1.45428629925072
Male,0,Yes,7,No,No,DSL,59,No,1,1,0,0,0,0,False,False,-1.0331224013585834,-0.19138785764540397
Female,1,No,17,Yes,Yes,Fiber optic,94,No,0,0,1,1,1,0,False,False,-0.62591876415828,0.9718080754121239
Male,0,No,18,Yes,No,DSL,20,No,1,0,1,0,0,0,True,False,-0.5851984004382496,-1.4875204687666492
Male,0,No,50,Yes,Yes,Fiber optic,99,No,1,0,1,1,1,0,True,False,0.7178532386027215,1.1379789229917707
Female,1,No,32,Yes,No,DSL,55,No,0,0,1,0,0,0,False,False,-0.015113308357824713,-0.32432453570912145
Female,0,No,1,Yes,No,Fiber optic,75,Yes,0,0,1,0,1,1,False,False,-1.2774445836787656,0.3403588546094659
Male,0,No,46,Yes,Yes,Fiber optic,95,No,1,0,1,1,1,0,False,False,0.5549717837226001,1.0050422449280532
Male,0,Yes,16,Yes,Yes,DSL,20,No,1,1,1,1,0,0,False,True,-0.6666391278783103,-1.4875204687666492
Female,0,No,1,Yes,Yes,DSL,71,Yes,0,0,1,1,0,1,False,False,-1.2774445836787656,0.20742217654574843
Female,0,No,51,Yes,Yes,Fiber optic,99,No,0,0,1,1,1,0,False,False,0.758573602322752,1.1379789229917707
Female,0,No,25,Yes,Yes,Fiber optic,109,No,0,0,1,1,1,0,False,False,-0.30015585439803716,1.4703206181510644
Male,0,No,8,Yes,Yes,Fiber optic,44,No,1,0,1,1,1,0,False,False,-0.9924020376385531,-0.6899004003843444
Female,0,No,33,Yes,No,Fiber optic,54,No,0,0,1,0,1,0,True,False,0.025607055362205634,-0.3575587052250508
Male,0,No,54,Yes,Yes,Fiber optic,65,No,1,0,1,1,1,0,False,True,0.880734693482843,0.008017159450172232
Female,0,Yes,18,Yes,Yes,Fiber optic,25,No,0,1,1,1,1,0,False,True,-0.5851984004382496,-1.3213496211870024
Female,0,Yes,27,Yes,No,Fiber optic,21,No,0,1,1,0,1,0,False,False,-0.21871512695797646,-1.45428629925072
Male,0,Yes,68,Yes,Yes,Fiber optic,101,No,1,1,1,1,1,0,False,False,1.4508197855632678,1.2044472620236295
Female,0,Yes,59,Yes,No,DSL,25,No,0,1,1,0,0,0,False,False,1.0843365120829946,-1.3213496211870024
Female,1,No,56,Yes,No,DSL,77,No,0,0,1,0,0,0,False,False,0.9621754209229036,0.40682719364132464
Male,1,No,72,Yes,Yes,Fiber optic,25,No,1,0,1,1,1,0,False,False,1.6137012404433893,-1.3213496211870024
Female,1,No,54,Yes,No,Fiber optic,72,No,0,0,1,0,1,0,False,False,0.880734693482843,0.2406563460616778
Female,0,No,47,Yes,Yes,DSL,21,No,0,0,1,1,0,0,False,True,0.5956921474426305,-1.45428629925072
Male,0,Yes,50,No,No,DSL,43,No,1,1,0,0,0,0,False,False,0.7178532386027215,-0.7231345699002738
Male,0,No,71,Yes,No,DSL,104,No,1,0,1,0,0,0,True,False,1.5729808767233588,1.3041497705714176
Female,0,No,1,Yes,No,Fiber optic,45,No,0,0,1,0,1,0,False,True,-1.2774445836787656,-0.6566662308684151
Female,0,No,3,Yes,No,Fiber optic,76,Yes,0,0,1,0,1,1,False,False,-1.1960038562387048,0.37359302412539525
Female,0,No,21,No,Yes,DSL,35,No,0,0,0,1,0,0,False,True,-0.46303730927815856,-0.9890079260277087
Male,0,Yes,66,No,Yes,Fiber optic,51,No,1,1,0,1,1,0,False,True,1.369379058123207,-0.4572612137728389
Female,0,Yes,48,Yes,No,DSL,96,Yes,0,1,1,0,0,1,False,False,0.6364125111626608,1.0382764144439827
Male,1,No,47,Yes,Yes,Fiber optic,100,Yes,1,0,1,1,1,1,False,False,0.5956921474426305,1.1712130925077
Male,0,Yes,60,Yes,No,DSL,24,No,1,1,1,0,0,0,True,False,1.125056875803025,-1.3545837907029317
Male,0,No,37,Yes,Yes,Fiber optic,91,No,1,0,1,1,1,0,False,False,0.18848851024232702,0.8721055668643357
Male,0,Yes,18,Yes,Yes,DSL,81,No,1,1,1,1,0,0,False,False,-0.5851984004382496,0.5397638717050421
Male,0,Yes,72,Yes,No,Fiber optic,90,No,1,1,1,0,1,0,False,False,1.6137012404433893,0.8388713973484064
Female,0,No,6,Yes,No,DSL,91,No,0,0,1,0,0,0,False,False,-1.0738427650786138,0.8721055668643357
Male,1,No,33,Yes,Yes,Fiber optic,94,No,1,0,1,1,1,0,True,False,0.025607055362205634,0.9718080754121239
Male,0,No,35,Yes,No,DSL,97,No,1,0,1,0,0,0,False,True,0.10704778280226633,1.071510583959912
Female,0,No,37,Yes,Yes,Fiber optic,79,No,0,0,1,1,1,0,False,False,0.18848851024232702,0.47329553267318336
Male,1,No,1,Yes,No,DSL,70,Yes,1,0,1,0,0,1,False,True,-1.2774445836787656,0.17418800702981907
Male,0,No,71,Yes,No,DSL,24,No,1,0,1,0,0,0,True,False,1.5729808767233588,-1.3545837907029317
Male,1,No,16,Yes,Yes,Fiber optic,85,No,1,0,1,1,1,0,True,False,-0.6666391278783103,0.6727005497687596
Male,1,No,54,Yes,Yes,Fiber optic,74,No,1,0,1,1,1,0,True,False,0.880734693482843,0.3071246850935365
Female,0,Yes,72,Yes,Yes,DSL,85,No,0,1,1,1,0,0,False,True,1.6137012404433893,0.6727005497687596
Female,0,No,12,Yes,Yes,DSL,80,No,0,0,1,1,0,0,False,True,-0.8295205827584317,0.5065297021891128
Female,0,Yes,69,Yes,Yes,DSL,20,No,0,1,1,1,0,0,False,True,1.4915401492832983,-1.4875204687666492
Male,1,No,24,Yes,Yes,Fiber optic,103,Yes,1,0,1,1,1,1,True,False,-0.3408762181180675,1.270915601055488
Female,0,Yes,8,Yes,No,DSL,20,Yes,0,1,1,0,0,1,True,False,-0.9924020376385531,-1.4875204687666492
Male,1,Yes,11,Yes,Yes,Fiber optic,55,No,1,1,1,1,1,0,False,False,-0.8702409464784621,-0.32432453570912145
Female,0,No,9,Yes,Yes,Fiber optic,44,No,0,0,1,1,1,0,True,False,-0.9516816739185228,-0.6899004003843444
Male,0,Yes,34,Yes,No,DSL,78,Yes,1,1,1,0,0,1,False,False,0.06632741908223598,0.44006136315725397
Female,0,No,66,No,No,DSL,47,No,0,0,0,0,0,0,True,False,1.369379058123207,-0.5901978918365564
Female,0,No,41,Yes,No,Fiber optic,21,No,0,0,1,0,1,0,False,False,0.35136996512244845,-1.45428629925072
Female,0,Yes,16,Yes,Yes,DSL,19,No,0,1,1,1,0,0,True,False,-0.6666391278783103,-1.5207546382825785
Male,0,No,65,Yes,Yes,DSL,105,No,1,0,1,1,0,0,False,False,1.3286586944031769,1.3373839400873468
Male,0,No,27,Yes,No,DSL,20,No,1,0,1,0,0,0,False,True,-0.21871512695797646,-1.4875204687666492
Male,0,Yes,68,Yes,No,DSL,106,No,1,1,1,0,0,0,False,True,1.4508197855632678,1.3706181096032763
Male,1,No,23,Yes,No,DSL,106,Yes,1,0,1,0,0,1,False,True,-0.38159658183809786,1.3706181096032763
Male,0,No,33,Yes,No,DSL,20,No,1,0,1,0,0,0,False,True,0.025607055362205634,-1.4875204687666492
Male,1,No,25,Yes,Yes,Fiber optic,90,Yes,1,0,1,1,1,1,False,False,-0.30015585439803716,0.8388713973484064
Male,0,Yes,72,Yes,No,DSL,114,No,1,1,1,0,0,0,True,False,1.6137012404433893,1.6364914657307112
Male,0,No,39,Yes,No,DSL,20,No,1,0,1,0,0,0,False,True,0.26992923768238775,-1.4875204687666492
Male,0,Yes,62,Yes,No,Fiber optic,20,No,1,1,1,0,1,0,False,False,1.2064976032430856,-1.4875204687666492
Male,0,Yes,53,Yes,No,DSL,20,Yes,1,1,1,0,0,1,True,False,0.8400143297628127,-1.4875204687666492
Female,0,No,53,Yes,Yes,DSL,100,No,0,0,1,1,0,0,True,False,0.8400143297628127,1.1712130925077
Male,0,No,18,Yes,Yes,DSL,82,Yes,1,0,1,1,0,1,False,True,-0.5851984004382496,0.5729980412209714
Male,1,No,62,Yes,Yes,Fiber optic,89,No,1,0,1,1,1,0,False,True,1.2064976032430856,0.805637227832477
Female,0,No,70,Yes,Yes,Fiber optic,65,Yes,0,0,1,1,1,1,False,False,1.5322605130033284,0.008017159450172232
Male,1,No,27,Yes,Yes,Fiber optic,105,No,1,0,1,1,1,0,False,False,-0.21871512695797646,1.3373839400873468
Female,0,No,61,Yes,No,DSL,103,No,0,0,1,0,0,0,False,False,1.1657772395230555,1.270915601055488
Male,1,No,53,Yes,No,Fiber optic,104,Yes,1,0,1,0,1,1,False,False,0.8400143297628127,1.3041497705714176
Female,0,No,54,Yes,No,DSL,104,Yes,0,0,1,0,0,1,False,True,0.880734693482843,1.3041497705714176
Male,1,Yes,64,Yes,Yes,DSL,112,No,1,1,1,1,0,0,False,True,1.2879383306831464,1.5700231266988525
Female,1,No,30,Yes,No,DSL,100,Yes,0,0,1,0,0,1,False,True,-0.0965540357978854,1.1712130925077
Female,0,Yes,50,Yes,Yes,Fiber optic,21,No,0,1,1,1,1,0,False,False,0.7178532386027215,-1.45428629925072
Male,0,No,38,Yes,Yes,Fiber optic,105,No,1,0,1,1,1,0,False,False,0.22920887396235737,1.3373839400873468
Female,0,Yes,72,Yes,No,DSL,99,No,0,1,1,0,0,0,True,False,1.6137012404433893,1.1379789229917707
Male,1,No,39,Yes,No,DSL,106,Yes,1,0,1,0,0,1,True,False,0.26992923768238775,1.3706181096032763
Male,0,No,30,Yes,No,DSL,64,No,1,0,1,0,0,0,False,False,-0.0965540357978854,-0.025217010065757134
Female,1,No,26,Yes,No,DSL,95,Yes,0,0,1,0,0,1,True,False,-0.2594354906780068,1.0050422449280532
Female,0,No,6,Yes,Yes,DSL,86,No,0,0,1,1,0,0,False,False,-1.0738427650786138,0.7059347192846889
Female,0,No,16,Yes,No,DSL,54,Yes,0,0,1,0,0,1,True,False,-0.6666391278783103,-0.3575587052250508
Female,0,Yes,51,No,No,Fiber optic,56,No,0,1,0,0,1,0,False,False,0.758573602322752,-0.29109036619319206
Female,0,Yes,17,Yes,Yes,DSL,99,Yes,0,1,1,1,0,1,False,True,-0.62591876415828,1.1379789229917707
Female,0,No,1,Yes,No,Fiber optic,79,Yes,0,0,1,0,1,1,False,False,-1.2774445836787656,0.47329553267318336
Male,0,No,62,Yes,No,DSL,20,No,1,0,1,0,0,0,False,False,1.2064976032430856,-1.4875204687666492
Male,0,Yes,13,Yes,Yes,DSL,65,No,1,1,1,1,0,0,False,False,-0.7888002190384014,0.008017159450172232
Male,0,Yes,64,Yes,No,DSL,73,No,1,1,1,0,0,0,False,True,1.2879383306831464,0.2738905155776072
Male,0,No,44,Yes,No,Fiber optic,85,No,1,0,1,0,1,0,False,False,0.47353105628253944,0.6727005497687596
Female,0,Yes,16,Yes,No,DSL,113,No,0,1,1,0,0,0,True,False,-0.6666391278783103,1.6032572962147817
Male,0,Yes,15,Yes,Yes,DSL,25,No,1,1,1,1,0,0,False,True,-0.7073594915983407,-1.3213496211870024
Female,0,Yes,36,No,No,Fiber optic,41,No,0,1,0,0,1,0,False,False,0.14776814652229667,-0.7896029089321326
Male,0,Yes,1,Yes,No,Fiber optic,91,Yes,1,1,1,0,1,1,False,False,-1.2774445836787656,0.8721055668643357
Male,1,No,24,Yes,No,DSL,70,No,1,0,1,0,0,0,False,False,-0.3408762181180675,0.17418800702981907
Female,0,No,60,Yes,No,DSL,20,No,0,0,1,0,0,0,False,True,1.125056875803025,-1.4875204687666492
Female,0,No,3,Yes,Yes,Fiber optic,92,Yes,0,0,1,1,1,1,False,True,-1.1960038562387048,0.9053397363802651
Male,0,Yes,16,Yes,No,DSL,91,No,1,1,1,0,0,0,True,False,-0.6666391278783103,0.8721055668643357
Male,0,No,66,Yes,No,DSL,86,No,1,0,1,0,0,0,False,True,1.369379058123207,0.7059347192846889
Male,0,No,66,Yes,No,DSL,104,No,1,0,1,0,0,0,True,False,1.369379058123207,1.3041497705714176
Male,0,No,45,Yes,No,DSL,20,Yes,1,0,1,0,0,1,True,False,0.5142514200025698,-1.4875204687666492
Male,1,Yes,43,Yes,No,Fiber optic,111,Yes,1,1,1,0,1,1,False,False,0.43281069256250915,1.536788957182923
Male,1,Yes,71,Yes,No,DSL,20,No,1,1,1,0,0,0,True,False,1.5729808767233588,-1.4875204687666492
Male,0,No,1,Yes,No,DSL,45,Yes,1,0,1,0,0,1,True,False,-1.2774445836787656,-0.6566662308684151
Male,0,Yes,1,Yes,Yes,Fiber optic,71,Yes,1,1,1,1,1,1,True,False,-1.2774445836787656,0.20742217654574843
Female,1,No,20,Yes,No,Fiber optic,81,No,0,0,1,0,1,0,False,False,-0.5037576729981889,0.5397638717050421
Female,1,No,65,No,No,Fiber optic,54,No,0,0,0,0,1,0,False,False,1.3286586944031769,-0.3575587052250508
Male,0,Yes,19,Yes,No,DSL,20,No,1,1,1,0,0,0,False,False,-0.5444780367182193,-1.4875204687666492
Male,0,No,36,Yes,Yes,DSL,20,No,1,0,1,1,0,0,False,True,0.14776814652229667,-1.4875204687666492
Male,0,No,71,Yes,No,Fiber optic,109,Yes,1,0,1,0,1,1,False,False,1.5729808767233588,1.4703206181510644
Female,1,No,1,No,No,Fiber optic,25,Yes,0,0,0,0,1,1,False,False,-1.2774445836787656,-1.3213496211870024
Male,0,No,33,Yes,No,DSL,68,Yes,1,0,1,0,0,1,False,True,0.025607055362205634,0.10771966799796033
Male,0,No,71,Yes,No,Fiber optic,54,No,1,0,1,0,1,0,False,False,1.5729808767233588,-0.3575587052250508
Female,0,No,13,Yes,Yes,DSL,68,No,0,0,1,1,0,0,True,False,-0.7888002190384014,0.10771966799796033
Female,0,No,29,Yes,No,DSL,19,No,0,0,1,0,0,0,False,False,-0.13727439951791576,-1.5207546382825785
Female,0,No,13,Yes,Yes,Fiber optic,72,No,0,0,1,1,1,0,False,False,-0.7888002190384014,0.2406563460616778
Male,0,No,22,No,Yes,Fiber optic,57,No,1,0,0,1,1,0,False,True,-0.4223169455581282,-0.2578561966772627
Male,1,No,7,Yes,No,DSL,99,Yes,1,0,1,0,0,1,False,False,-1.0331224013585834,1.1379789229917707
Male,0,No,47,Yes,Yes,DSL,25,No,1,0,1,1,0,0,False,True,0.5956921474426305,-1.3213496211870024
Male,0,No,26,Yes,No,Fiber optic,20,No,1,0,1,0,1,0,False,False,-0.2594354906780068,-1.4875204687666492
Male,1,No,13,Yes,Yes,Fiber optic,60,No,1,0,1,1,1,0,False,False,-0.7888002190384014,-0.15815368812947458
Male,0,No,26,Yes,No,DSL,90,Yes,1,0,1,0,0,1,False,False,-0.2594354906780068,0.8388713973484064
Male,0,Yes,2,Yes,Yes,Fiber optic,20,No,1,1,1,1,1,0,True,False,-1.2367242199587352,-1.4875204687666492
Female,0,No,4,No,No,Fiber optic,24,Yes,0,0,0,0,1,1,True,False,-1.1552834925186746,-1.3545837907029317
Female,0,No,52,Yes,No,DSL,81,No,0,0,1,0,0,0,False,False,0.7992939660427822,0.5397638717050421
Male,1,No,3,Yes,No,DSL,91,Yes,1,0,1,0,0,1,True,False,-1.1960038562387048,0.8721055668643357
Male,1,No,62,Yes,No,Fiber optic,111,No,1,0,1,0,1,0,True,False,1.2064976032430856,1.536788957182923
Female,0,Yes,70,Yes,Yes,Fiber optic,94,Yes,0,1,1,1,1,1,False,True,1.5322605130033284,0.9718080754121239
Female,0,No,71,Yes,Yes,Fiber optic,104,No,0,0,1,1,1,0,False,False,1.5729808767233588,1.3041497705714176
Male,0,No,69,No,No,DSL,36,No,1,0,0,0,0,0,False,False,1.4915401492832983,-0.9557737565117794
Male,0,No,35,Yes,Yes,Fiber optic,26,No,1,0,1,1,1,0,False,False,0.10704778280226633,-1.288115451671073
Male,0,No,63,Yes,Yes,DSL,103,No,1,0,1,1,0,0,False,True,1.247217966963116,1.270915601055488
Female,1,No,69,Yes,No,DSL,105,No,0,0,1,0,0,0,False,False,1.4915401492832983,1.3373839400873468
Female,0,Yes,72,Yes,Yes,Fiber optic,100,No,0,1,1,1,1,0,False,False,1.6137012404433893,1.1712130925077
Female,0,No,36,Yes,Yes,Fiber optic,80,No,0,0,1,1,1,0,True,False,0.14776814652229667,0.5065297021891128
Male,0,No,33,Yes,Yes,DSL,73,No,1,0,1,1,0,0,False,True,0.025607055362205634,0.2738905155776072
Female,0,No,28,Yes,No,DSL,90,No,0,0,1,0,0,0,True,False,-0.1779947632379461,0.8388713973484064
Female,0,No,27,Yes,Yes,Fiber optic,20,No,0,0,1,1,1,0,False,True,-0.21871512695797646,-1.4875204687666492
Female,0,No,1,Yes,No,DSL,74,No,0,0,1,0,0,0,False,True,-1.2774445836787656,0.3071246850935365
Male,0,Yes,72,No,No,DSL,38,No,1,1,0,0,0,0,False,False,1.6137012404433893,-0.8893054174799206
Female,0,No,63,Yes,Yes,Fiber optic,98,No,0,0,1,1,1,0,False,False,1.247217966963116,1.1047447534758412
Male,0,Yes,12,Yes,No,DSL,70,No,1,1,1,0,0,0,False,False,-0.8295205827584317,0.17418800702981907
Male,0,Yes,12,Yes,No,DSL,25,No,1,1,1,0,0,0,False,False,-0.8295205827584317,-1.3213496211870024
Female,1,No,70,Yes,No,Fiber optic,113,No,0,0,1,0,1,0,False,False,1.5322605130033284,1.6032572962147817
Female,0,No,1,Yes,Yes,Fiber optic,45,No,0,0,1,1,1,0,False,False,-1.2774445836787656,-0.6566662308684151
Female,0,No,20,Yes,No,Fiber optic,89,No,0,0,1,0,1,0,True,False,-0.5037576729981889,0.805637227832477
Female,0,No,72,Yes,Yes,DSL,25,No,0,0,1,1,0,0,True,False,1.6137012404433893,-1.3213496211870024
Female,0,No,5,Yes,No,DSL,76,No,0,0,1,0,0,0,False,False,-1.1145631287986442,0.37359302412539525
Male,0,Yes,39,No,No,Fiber optic,25,No,1,1,0,0,1,0,True,False,0.26992923768238775,-1.3213496211870024
Male,0,No,1,Yes,No,DSL,54,No,1,0,1,0,0,0,False,True,-1.2774445836787656,-0.3575587052250508
Male,0,Yes,15,Yes,Yes,DSL,55,No,1,1,1,1,0,0,False,True,-0.7073594915983407,-0.32432453570912145
Female,0,No,72,Yes,No,DSL,25,No,0,0,1,0,0,0,True,False,1.6137012404433893,-1.3213496211870024
Male,0,Yes,24,No,No,Fiber optic,36,No,1,1,0,0,1,0,False,True,-0.3408762181180675,-0.9557737565117794
Male,0,Yes,34,Yes,No,DSL,104,No,1,1,1,0,0,0,False,False,0.06632741908223598,1.3041497705714176
Female,0,No,9,Yes,Yes,Fiber optic,80,Yes,0,0,1,1,1,1,True,False,-0.9516816739185228,0.5065297021891128
Female,1,Yes,72,Yes,Yes,Fiber optic,88,No,0,1,1,1,1,0,False,False,1.6137012404433893,0.7724030583165477
Female,0,Yes,8,Yes,Yes,Fiber optic,21,No,0,1,1,1,1,0,False,False,-0.9924020376385531,-1.45428629925072
Female,0,Yes,6,Yes,No,Fiber optic,19,No,0,1,1,0,1,0,False,False,-1.0738427650786138,-1.5207546382825785
Female,0,No,36,Yes,No,DSL,88,Yes,0,0,1,0,0,1,False,False,0.14776814652229667,0.7724030583165477
Male,0,No,72,Yes,No,DSL,25,No,1,0,1,0,0,0,False,False,1.6137012404433893,-1.3213496211870024
Female,0,No,8,Yes,No,DSL,50,Yes,0,0,1,0,0,1,False,True,-0.9924020376385531,-0.49049538328876824
Male,0,No,44,Yes,No,DSL,20,No,1,0,1,0,0,0,True,False,0.47353105628253944,-1.4875204687666492
Female,0,No,18,Yes,No,DSL,70,No,0,0,1,0,0,0,True,False,-0.5851984004382496,0.17418800702981907
Female,0,Yes,39,Yes,No,DSL,100,No,0,1,1,0,0,0,True,False,0.26992923768238775,1.1712130925077
Male,0,Yes,60,Yes,Yes,DSL,95,No,1,1,1,1,0,0,False,True,1.125056875803025,1.0050422449280532
Male,1,No,1,No,Yes,Fiber optic,40,Yes,1,0,0,1,1,1,False,False,-1.2774445836787656,-0.8228370784480619
Male,0,No,21,Yes,Yes,DSL,20,No,1,0,1,1,0,0,False,False,-0.46303730927815856,-1.4875204687666492
Male,0,Yes,60,Yes,No,Fiber optic,85,No,1,1,1,0,1,0,False,False,1.125056875803025,0.6727005497687596
Female,0,Yes,62,Yes,Yes,Fiber optic,71,No,0,1,1,1,1,0,True,False,1.2064976032430856,0.20742217654574843
Female,0,Yes,8,Yes,Yes,Fiber optic,20,No,0,1,1,1,1,0,False,False,-0.9924020376385531,-1.4875204687666492
Male,0,No,65,Yes,No,DSL,25,No,1,0,1,0,0,0,False,False,1.3286586944031769,-1.3213496211870024
Female,0,Yes,17,Yes,No,Fiber optic,21,No,0,1,1,0,1,0,False,False,-0.62591876415828,-1.45428629925072
Male,0,No,60,Yes,Yes,DSL,61,No,1,0,1,1,0,0,False,False,1.125056875803025,-0.12491951861354524
Female,0,Yes,11,Yes,No,DSL,19,Yes,0,1,1,0,0,1,False,True,-0.8702409464784621,-1.5207546382825785
Female,0,No,2,Yes,No,DSL,20,No,0,0,1,0,0,0,True,False,-1.2367242199587352,-1.4875204687666492
Female,0,No,21,Yes,No,DSL,104,Yes,0,0,1,0,0,1,False,True,-0.46303730927815856,1.3041497705714176
Female,0,No,66,Yes,No,Fiber optic,103,No,0,0,1,0,1,0,False,False,1.369379058123207,1.270915601055488
Male,0,No,16,Yes,Yes,Fiber optic,19,No,1,0,1,1,1,0,False,False,-0.6666391278783103,-1.5207546382825785
Male,0,Yes,66,Yes,Yes,Fiber optic,75,No,1,1,1,1,1,0,False,False,1.369379058123207,0.3403588546094659
Female,0,No,46,Yes,No,DSL,79,No,0,0,1,0,0,0,True,False,0.5549717837226001,0.47329553267318336
Female,0,No,70,Yes,No,Fiber optic,90,No,0,0,1,0,1,0,True,False,1.5322605130033284,0.8388713973484064
Male,0,Yes,72,Yes,No,Fiber optic,20,No,1,1,1,0,1,0,False,False,1.6137012404433893,-1.4875204687666492
Male,0,No,1,Yes,No,DSL,45,No,1,0,1,0,0,0,False,True,-1.2774445836787656,-0.6566662308684151
Female,0,Yes,1,Yes,No,Fiber optic,24,No,0,1,1,0,1,0,True,False,-1.2774445836787656,-1.3545837907029317
Male,1,No,8,Yes,No,DSL,101,Yes,1,0,1,0,0,1,True,False,-0.9924020376385531,1.2044472620236295
Female,0,No,2,Yes,No,Fiber optic,49,No,0,0,1,0,1,0,False,True,-1.2367242199587352,-0.5237295528046976
Male,0,Yes,1,Yes,Yes,Fiber optic,19,No,1,1,1,1,1,0,False,False,-1.2774445836787656,-1.5207546382825785
Male,0,No,17,Yes,No,DSL,20,No,1,0,1,0,0,0,False,False,-0.62591876415828,-1.4875204687666492
Male,0,Yes,58,No,No,DSL,50,No,1,1,0,0,0,0,True,False,1.0436161483629645,-0.49049538328876824
Male,0,Yes,59,Yes,Yes,Fiber optic,87,No,1,1,1,1,1,0,False,True,1.0843365120829946,0.7391688888006183
Female,0,No,12,Yes,No,DSL,89,Yes,0,0,1,0,0,1,False,True,-0.8295205827584317,0.805637227832477
Female,0,No,3,Yes,No,DSL,64,Yes,0,0,1,0,0,1,True,False,-1.1960038562387048,-0.025217010065757134
Male,0,Yes,32,No,No,Fiber optic,51,No,1,1,0,0,1,0,False,False,-0.015113308357824713,-0.4572612137728389
Female,0,Yes,7,No,No,DSL,25,No,0,1,0,0,0,0,False,True,-1.0331224013585834,-1.3213496211870024
Male,0,Yes,8,Yes,Yes,Fiber optic,20,No,1,1,1,1,1,0,True,False,-0.9924020376385531,-1.4875204687666492
Male,0,No,22,Yes,Yes,DSL,85,Yes,1,0,1,1,0,1,False,False,-0.4223169455581282,0.6727005497687596
Male,0,No,66,Yes,Yes,DSL,97,No,1,0,1,1,0,0,False,False,1.369379058123207,1.071510583959912
Female,1,No,23,Yes,Yes,Fiber optic,75,No,0,0,1,1,1,0,False,False,-0.38159658183809786,0.3403588546094659
Female,1,No,1,Yes,Yes,Fiber optic,86,Yes,0,0,1,1,1,1,False,False,-1.2774445836787656,0.7059347192846889
Male,0,No,21,Yes,Yes,Fiber optic,65,No,1,0,1,1,1,0,False,False,-0.46303730927815856,0.008017159450172232
Female,0,No,9,Yes,Yes,DSL,75,Yes,0,0,1,1,0,1,True,False,-0.9516816739185228,0.3403588546094659
Female,0,Yes,44,Yes,No,DSL,56,No,0,1,1,0,0,0,True,False,0.47353105628253944,-0.29109036619319206
Male,1,No,15,Yes,Yes,DSL,79,Yes,1,0,1,1,0,1,False,True,-0.7073594915983407,0.47329553267318336
Female,0,Yes,67,Yes,No,DSL,74,No,0,1,1,0,0,0,False,False,1.4100994218432374,0.3071246850935365
Female,0,No,56,Yes,No,Fiber optic,98,Yes,0,0,1,0,1,1,False,False,0.9621754209229036,1.1047447534758412
Female,0,No,4,No,Yes,Fiber optic,29,No,0,0,0,1,1,0,False,False,-1.1552834925186746,-1.188412943123285
Male,0,Yes,43,Yes,No,Fiber optic,79,No,1,1,1,0,1,0,False,False,0.43281069256250915,0.47329553267318336
Male,1,No,61,Yes,No,DSL,82,No,1,0,1,0,0,0,True,False,1.1657772395230555,0.5729980412209714
Male,0,No,44,Yes,Yes,DSL,65,No,1,0,1,1,0,0,False,False,0.47353105628253944,0.008017159450172232
Female,0,Yes,9,Yes,Yes,DSL,76,No,0,1,1,1,0,0,True,False,-0.9516816739185228,0.37359302412539525
Female,0,Yes,72,Yes,No,DSL,116,No,0,1,1,0,0,0,False,True,1.6137012404433893,1.7029598047625698
Female,0,No,7,Yes,No,Fiber optic,95,Yes,0,0,1,0,1,1,False,False,-1.0331224013585834,1.0050422449280532
Male,0,No,9,Yes,No,DSL,44,No,1,0,1,0,0,0,False,True,-0.9516816739185228,-0.6899004003843444
Female,0,Yes,51,Yes,No,DSL,20,No,0,1,1,0,0,0,False,False,0.758573602322752,-1.4875204687666492
Male,0,No,66,No,No,Fiber optic,29,No,1,0,0,0,1,0,False,False,1.369379058123207,-1.188412943123285
Male,0,No,14,Yes,Yes,Fiber optic,25,No,1,0,1,1,1,0,False,True,-0.748079855318371,-1.3213496211870024
Female,0,Yes,10,Yes,No,DSL,20,No,0,1,1,0,0,0,True,False,-0.9109613101984924,-1.4875204687666492
Female,0,No,17,Yes,No,DSL,19,No,0,0,1,0,0,0,False,False,-0.62591876415828,-1.5207546382825785
Male,0,No,48,Yes,No,Fiber optic,95,No,1,0,1,0,1,0,True,False,0.6364125111626608,1.0050422449280532
Male,0,No,19,Yes,Yes,Fiber optic,20,No,1,0,1,1,1,0,True,False,-0.5444780367182193,-1.4875204687666492
Male,0,Yes,1,Yes,No,Fiber optic,19,No,1,1,1,0,1,0,False,False,-1.2774445836787656,-1.5207546382825785
Male,0,Yes,63,Yes,Yes,DSL,20,No,1,1,1,1,0,0,False,False,1.247217966963116,-1.4875204687666492
Male,1,No,67,Yes,Yes,Fiber optic,105,No,1,0,1,1,1,0,False,False,1.4100994218432374,1.3373839400873468
Female,0,Yes,63,Yes,No,DSL,64,No,0,1,1,0,0,0,False,False,1.247217966963116,-0.025217010065757134
Female,1,Yes,71,Yes,Yes,DSL,69,No,0,1,1,1,0,0,True,False,1.5729808767233588,0.1409538375138897
Male,0,Yes,36,Yes,No,Fiber optic,54,No,1,1,1,0,1,0,False,False,0.14776814652229667,-0.3575587052250508
Male,1,No,16,Yes,No,DSL,92,No,1,0,1,0,0,0,False,False,-0.6666391278783103,0.9053397363802651
Female,0,No,2,Yes,No,DSL,21,No,0,0,1,0,0,0,False,False,-1.2367242199587352,-1.45428629925072
Male,0,No,72,Yes,No,DSL,105,No,1,0,1,0,0,0,False,False,1.6137012404433893,1.3373839400873468
Female,0,Yes,24,Yes,Yes,Fiber optic,55,No,0,1,1,1,1,0,False,False,-0.3408762181180675,-0.32432453570912145
Male,0,No,42,Yes,Yes,Fiber optic,102,Yes,1,0,1,1,1,1,False,False,0.3920903288424788,1.2376814315395588
Female,0,Yes,45,Yes,No,Fiber optic,21,No,0,1,1,0,1,0,False,False,0.5142514200025698,-1.45428629925072
Male,0,No,59,Yes,No,DSL,100,Yes,1,0,1,0,0,1,False,False,1.0843365120829946,1.1712130925077
Female,0,No,63,Yes,Yes,Fiber optic,96,No,0,0,1,1,1,0,False,False,1.247217966963116,1.0382764144439827
Male,0,No,1,Yes,Yes,Fiber optic,20,No,1,0,1,1,1,0,False,False,-1.2774445836787656,-1.4875204687666492
Male,0,No,43,Yes,No,DSL,60,No,1,0,1,0,0,0,False,True,0.43281069256250915,-0.15815368812947458
Female,0,Yes,71,Yes,Yes,Fiber optic,87,No,0,1,1,1,1,0,False,True,1.5729808767233588,0.7391688888006183
Female,0,No,12,Yes,Yes,DSL,44,No,0,0,1,1,0,0,False,True,-0.8295205827584317,-0.6899004003843444
Male,0,Yes,25,Yes,Yes,Fiber optic,19,No,1,1,1,1,1,0,False,False,-0.30015585439803716,-1.5207546382825785
Male,0,Yes,72,Yes,No,DSL,84,No,1,1,1,0,0,0,False,True,1.6137012404433893,0.6394663802528302
Female,0,No,6,Yes,No,DSL,55,No,0,0,1,0,0,0,True,False,-1.0738427650786138,-0.32432453570912145
Male,0,Yes,30,Yes,No,Fiber optic,25,No,1,1,1,0,1,0,False,True,-0.0965540357978854,-1.3213496211870024
Female,1,No,46,Yes,Yes,Fiber optic,100,No,0,0,1,1,1,0,False,False,0.5549717837226001,1.1712130925077
Male,0,No,2,Yes,No,DSL,73,Yes,1,0,1,0,0,1,False,True,-1.2367242199587352,0.2738905155776072
Female,0,No,47,Yes,Yes,DSL,106,No,0,0,1,1,0,0,False,True,0.5956921474426305,1.3706181096032763
Female,0,Yes,51,No,No,DSL,34,No,0,1,0,0,0,0,False,False,0.758573602322752,-1.0222420955436382
Female,0,No,42,Yes,Yes,Fiber optic,21,No,0,0,1,1,1,0,False,False,0.3920903288424788,-1.45428629925072
Female,0,No,62,Yes,No,DSL,101,No,0,0,1,0,0,0,False,False,1.2064976032430856,1.2044472620236295
Female,0,No,5,Yes,No,DSL,21,No,0,0,1,0,0,0,False,True,-1.1145631287986442,-1.45428629925072
Male,0,Yes,53,Yes,No,DSL,72,No,1,1,1,0,0,0,False,True,0.8400143297628127,0.2406563460616778
Female,0,No,10,Yes,No,DSL,99,Yes,0,0,1,0,0,1,False,True,-0.9109613101984924,1.1379789229917707
Male,0,Yes,18,Yes,Yes,Fiber optic,57,Yes,1,1,1,1,1,1,False,False,-0.5851984004382496,-0.2578561966772627
Male,0,No,1,Yes,Yes,DSL,20,No,1,0,1,1,0,0,False,False,-1.2774445836787656,-1.4875204687666492
Female,0,Yes,51,Yes,No,DSL,86,No,0,1,1,0,0,0,False,False,0.758573602322752,0.7059347192846889
Male,1,No,61,Yes,No,DSL,86,No,1,0,1,0,0,0,False,False,1.1657772395230555,0.7059347192846889
Male,0,No,7,Yes,Yes,Fiber optic,45,No,1,0,1,1,1,0,True,False,-1.0331224013585834,-0.6566662308684151
Male,0,Yes,50,Yes,No,DSL,104,Yes,1,1,1,0,0,1,False,True,0.7178532386027215,1.3041497705714176
Male,0,No,4,Yes,No,DSL,80,No,1,0,1,0,0,0,False,True,-1.1552834925186746,0.5065297021891128
Female,1,No,47,Yes,No,DSL,85,Yes,0,0,1,0,0,1,False,False,0.5956921474426305,0.6727005497687596
Female,0,Yes,32,Yes,No,DSL,62,No,0,1,1,0,0,0,True,False,-0.015113308357824713,-0.09168534909761586
Female,0,No,2,No,No,DSL,45,Yes,0,0,0,0,0,1,False,False,-1.2367242199587352,-0.6566662308684151
Male,1,No,27,No,Yes,Fiber optic,36,Yes,1,0,0,1,1,1,False,False,-0.21871512695797646,-0.9557737565117794
Female,0,Yes,10,Yes,No,Fiber optic,56,No,0,1,1,0,1,0,True,False,-0.9109613101984924,-0.29109036619319206
Female,0,No,1,Yes,No,DSL,80,Yes,0,0,1,0,0,1,False,False,-1.2774445836787656,0.5065297021891128
Female,0,Yes,21,Yes,Yes,Fiber optic,74,Yes,0,1,1,1,1,1,False,True,-0.46303730927815856,0.3071246850935365
Male,0,Yes,12,Yes,Yes,DSL,21,No,1,1,1,1,0,0,True,False,-0.8295205827584317,-1.45428629925072
Male,0,No,1,Yes,Yes,Fiber optic,20,Yes,1,0,1,1,1,1,False,False,-1.2774445836787656,-1.4875204687666492
Female,1,No,51,Yes,No,DSL,20,No,0,0,1,0,0,0,True,False,0.758573602322752,-1.4875204687666492
Female,0,Yes,3,Yes,No,Fiber optic,59,No,0,1,1,0,1,0,False,False,-1.1960038562387048,-0.19138785764540397
Female,0,Yes,72,Yes,No,DSL,107,No,0,1,1,0,0,0,False,False,1.6137012404433893,1.4038522791192056
Female,0,No,1,Yes,Yes,Fiber optic,44,Yes,0,0,1,1,1,1,False,False,-1.2774445836787656,-0.6899004003843444
Male,0,No,5,Yes,No,DSL,85,Yes,1,0,1,0,0,1,False,False,-1.1145631287986442,0.6727005497687596
Female,1,No,1,Yes,Yes,DSL,85,Yes,0,0,1,1,0,1,False,False,-1.2774445836787656,0.6727005497687596
Male,0,No,66,Yes,No,DSL,25,No,1,0,1,0,0,0,False,True,1.369379058123207,-1.3213496211870024
Male,0,No,61,Yes,Yes,DSL,75,No,1,0,1,1,0,0,False,False,1.1657772395230555,0.3403588546094659
Male,0,Yes,32,Yes,No,DSL,100,Yes,1,1,1,0,0,1,False,True,-0.015113308357824713,1.1712130925077
Female,0,No,65,Yes,No,Fiber optic,19,No,0,0,1,0,1,0,False,False,1.3286586944031769,-1.5207546382825785
Female,1,No,41,Yes,Yes,Fiber optic,101,No,0,0,1,1,1,0,False,False,0.35136996512244845,1.2044472620236295
Female,0,No,14,Yes,No,DSL,90,Yes,0,0,1,0,0,1,False,False,-0.748079855318371,0.8388713973484064
Male,0,Yes,2,Yes,No,DSL,90,Yes,1,1,1,0,0,1,False,False,-1.2367242199587352,0.8388713973484064
Female,0,No,29,Yes,Yes,Fiber optic,58,No,0,0,1,1,1,0,False,False,-0.13727439951791576,-0.22462202716133334
Female,0,No,10,Yes,Yes,Fiber optic,51,No,0,0,1,1,1,0,False,False,-0.9109613101984924,-0.4572612137728389
Male,0,Yes,32,Yes,No,Fiber optic,70,Yes,1,1,1,0,1,1,False,False,-0.015113308357824713,0.17418800702981907
Male,0,No,7,Yes,No,DSL,20,No,1,0,1,0,0,0,False,True,-1.0331224013585834,-1.4875204687666492
Female,0,No,71,Yes,No,Fiber optic,77,No,0,0,1,0,1,0,False,False,1.5729808767233588,0.40682719364132464
Male,0,No,11,Yes,No,Fiber optic,20,No,1,0,1,0,1,0,False,False,-0.8702409464784621,-1.4875204687666492
Male,0,No,2,Yes,No,Fiber optic,21,No,1,0,1,0,1,0,False,False,-1.2367242199587352,-1.45428629925072
Male,0,Yes,1,Yes,No,DSL,21,No,1,1,1,0,0,0,False,False,-1.2774445836787656,-1.45428629925072
Male,0,Yes,23,Yes,Yes,Fiber optic,20,No,1,1,1,1,1,0,False,False,-0.38159658183809786,-1.4875204687666492
Female,0,Yes,62,Yes,No,DSL,101,No,0,1,1,0,0,0,False,False,1.2064976032430856,1.2044472620236295
Female,0,No,7,Yes,Yes,Fiber optic,79,No,0,0,1,1,1,0,False,False,-1.0331224013585834,0.47329553267318336
Female,0,Yes,71,Yes,No,DSL,114,No,0,1,1,0,0,0,False,False,1.5729808767233588,1.6364914657307112
Female,0,No,2,Yes,No,DSL,87,Yes,0,0,1,0,0,1,False,False,-1.2367242199587352,0.7391688888006183
Female,0,Yes,72,Yes,No,DSL,69,No,0,1,1,0,0,0,False,True,1.6137012404433893,0.1409538375138897
Female,0,Yes,71,Yes,Yes,Fiber optic,20,No,0,1,1,1,1,0,False,False,1.5729808767233588,-1.4875204687666492
Male,1,No,12,Yes,No,DSL,80,Yes,1,0,1,0,0,1,False,False,-0.8295205827584317,0.5065297021891128
Female,0,Yes,3,Yes,Yes,DSL,44,Yes,0,1,1,1,0,1,False,False,-1.1960038562387048,-0.6899004003843444
Female,0,No,21,Yes,Yes,DSL,99,No,0,0,1,1,0,0,False,False,-0.46303730927815856,1.1379789229917707
Male,0,No,8,Yes,No,DSL,20,No,1,0,1,0,0,0,False,True,-0.9924020376385531,-1.4875204687666492
Male,0,No,10,Yes,No,DSL,20,No,1,0,1,0,0,0,False,False,-0.9109613101984924,-1.4875204687666492
Male,0,No,3,Yes,No,DSL,50,Yes,1,0,1,0,0,1,True,False,-1.1960038562387048,-0.49049538328876824
Male,0,No,52,Yes,No,DSL,84,Yes,1,0,1,0,0,1,False,False,0.7992939660427822,0.6394663802528302
Male,0,No,58,Yes,Yes,DSL,19,No,1,0,1,1,0,0,False,True,1.0436161483629645,-1.5207546382825785
Female,0,No,36,Yes,Yes,Fiber optic,76,No,0,0,1,1,1,0,False,False,0.14776814652229667,0.37359302412539525
Male,0,No,61,Yes,No,DSL,81,No,1,0,1,0,0,0,False,False,1.1657772395230555,0.5397638717050421
Male,0,Yes,62,Yes,Yes,Fiber optic,20,No,1,1,1,1,1,0,False,True,1.2064976032430856,-1.4875204687666492
Female,1,No,72,Yes,No,DSL,115,No,0,0,1,0,0,0,False,True,1.6137012404433893,1.6697256352466405
Female,0,No,59,Yes,No,DSL,93,No,0,0,1,0,0,0,True,False,1.0843365120829946,0.9385739058961945
Male,0,No,13,Yes,No,DSL,20,No,1,0,1,0,0,0,False,False,-0.7888002190384014,-1.4875204687666492
Male,0,Yes,34,Yes,Yes,DSL,90,No,1,1,1,1,0,0,False,True,0.06632741908223598,0.8388713973484064
Female,0,Yes,1,Yes,Yes,DSL,46,Yes,0,1,1,1,0,1,True,False,-1.2774445836787656,-0.6234320613524857
Male,0,No,22,Yes,No,DSL,54,Yes,1,0,1,0,0,1,False,False,-0.4223169455581282,-0.3575587052250508
Female,0,No,71,Yes,Yes,Fiber optic,24,No,0,0,1,1,1,0,True,False,1.5729808767233588,-1.3545837907029317
Male,1,No,49,Yes,No,DSL,90,Yes,1,0,1,0,0,1,False,False,0.6771328748826912,0.8388713973484064
Female,1,No,9,Yes,No,DSL,90,No,0,0,1,0,0,0,False,False,-0.9516816739185228,0.8388713973484064
Male,0,No,4,Yes,Yes,DSL,78,Yes,1,0,1,1,0,1,False,True,-1.1552834925186746,0.44006136315725397
Male,0,Yes,72,Yes,Yes,Fiber optic,25,No,1,1,1,1,1,0,False,False,1.6137012404433893,-1.3213496211870024
Female,0,No,25,Yes,Yes,DSL,100,Yes,0,0,1,1,0,1,False,True,-0.30015585439803716,1.1712130925077
Male,1,No,1,No,No,DSL,25,Yes,1,0,0,0,0,1,True,False,-1.2774445836787656,-1.3213496211870024
Male,0,No,42,Yes,No,DSL,20,No,1,0,1,0,0,0,False,False,0.3920903288424788,-1.4875204687666492
Female,1,No,35,Yes,No,DSL,99,No,0,0,1,0,0,0,False,False,0.10704778280226633,1.1379789229917707
Female,0,Yes,1,No,No,Fiber optic,25,No,0,1,0,0,1,0,True,False,-1.2774445836787656,-1.3213496211870024
Female,0,No,3,Yes,No,DSL,19,No,0,0,1,0,0,0,False,False,-1.1960038562387048,-1.5207546382825785
Male,0,No,44,Yes,No,DSL,60,No,1,0,1,0,0,0,False,True,0.47353105628253944,-0.15815368812947458
Male,0,Yes,45,Yes,No,Fiber optic,95,No,1,1,1,0,1,0,False,False,0.5142514200025698,1.0050422449280532
Male,0,Yes,1,No,Yes,Fiber optic,30,Yes,1,1,0,1,1,1,False,False,-1.2774445836787656,-1.1551787736073555
Male,0,No,71,Yes,Yes,DSL,91,No,1,0,1,1,0,0,False,True,1.5729808767233588,0.8721055668643357
Female,0,No,18,Yes,No,DSL,96,No,0,0,1,0,0,0,False,False,-0.5851984004382496,1.0382764144439827
Female,0,No,2,Yes,Yes,Fiber optic,75,No,0,0,1,1,1,0,True,False,-1.2367242199587352,0.3403588546094659
Female,0,Yes,1,Yes,No,DSL,50,Yes,0,1,1,0,0,1,False,True,-1.2774445836787656,-0.49049538328876824
Female,0,No,33,Yes,No,DSL,100,No,0,0,1,0,0,0,False,False,0.025607055362205634,1.1712130925077
Male,0,No,72,Yes,No,DSL,89,No,1,0,1,0,0,0,False,False,1.6137012404433893,0.805637227832477
Male,1,No,71,No,No,DSL,56,No,1,0,0,0,0,0,False,True,1.5729808767233588,-0.29109036619319206
Female,0,Yes,2,Yes,Yes,Fiber optic,74,Yes,0,1,1,1,1,1,False,False,-1.2367242199587352,0.3071246850935365
Female,0,Yes,57,Yes,Yes,Fiber optic,20,No,0,1,1,1,1,0,False,False,1.002895784642934,-1.4875204687666492
Female,0,Yes,52,Yes,No,Fiber optic,51,No,0,1,1,0,1,0,True,False,0.7992939660427822,-0.4572612137728389
Male,0,No,49,Yes,Yes,DSL,104,Yes,1,0,1,1,0,1,False,False,0.6771328748826912,1.3041497705714176
Female,0,No,1,Yes,No,DSL,71,Yes,0,0,1,0,0,1,False,False,-1.2774445836787656,0.20742217654574843
Female,0,No,1,Yes,No,DSL,21,Yes,0,0,1,0,0,1,False,True,-1.2774445836787656,-1.45428629925072
Female,0,Yes,7,Yes,Yes,Fiber optic,21,No,0,1,1,1,1,0,True,False,-1.0331224013585834,-1.45428629925072
Male,1,No,18,Yes,Yes,DSL,94,No,1,0,1,1,0,0,False,True,-0.5851984004382496,0.9718080754121239
Male,0,No,2,Yes,Yes,Fiber optic,70,No,1,0,1,1,1,0,False,False,-1.2367242199587352,0.17418800702981907
Male,0,No,37,Yes,No,DSL,55,No,1,0,1,0,0,0,False,False,0.18848851024232702,-0.32432453570912145
Male,0,No,1,Yes,No,DSL,24,Yes,1,0,1,0,0,1,False,False,-1.2774445836787656,-1.3545837907029317
Female,0,Yes,48,No,No,DSL,45,No,0,1,0,0,0,0,False,False,0.6364125111626608,-0.6566662308684151
Male,0,No,37,Yes,Yes,DSL,96,No,1,0,1,1,0,0,False,False,0.18848851024232702,1.0382764144439827
Male,0,No,3,Yes,No,DSL,74,No,1,0,1,0,0,0,False,False,-1.1960038562387048,0.3071246850935365
Male,0,No,35,Yes,No,DSL,55,Yes,1,0,1,0,0,1,True,False,0.10704778280226633,-0.32432453570912145
Female,0,No,15,Yes,No,DSL,20,No,0,0,1,0,0,0,False,True,-0.7073594915983407,-1.4875204687666492
Male,0,No,1,Yes,Yes,Fiber optic,20,No,1,0,1,1,1,0,False,False,-1.2774445836787656,-1.4875204687666492
Male,0,Yes,72,Yes,No,DSL,21,No,1,1,1,0,0,0,False,True,1.6137012404433893,-1.45428629925072
Male,0,No,18,Yes,Yes,Fiber optic,19,No,1,0,1,1,1,0,True,False,-0.5851984004382496,-1.5207546382825785
Female,0,No,2,Yes,No,Fiber optic,86,Yes,0,0,1,0,1,1,False,True,-1.2367242199587352,0.7059347192846889
Male,0,No,35,Yes,No,Fiber optic,55,No,1,0,1,0,1,0,False,False,0.10704778280226633,-0.32432453570912145
Female,0,No,11,Yes,Yes,DSL,49,Yes,0,0,1,1,0,1,False,True,-0.8702409464784621,-0.5237295528046976
Female,1,No,26,Yes,No,Fiber optic,79,No,0,0,1,0,1,0,False,False,-0.2594354906780068,0.47329553267318336
Male,1,No,37,Yes,No,DSL,72,No,1,0,1,0,0,0,True,False,0.18848851024232702,0.2406563460616778
Female,1,No,56,Yes,Yes,Fiber optic,100,No,0,0,1,1,1,0,False,False,0.9621754209229036,1.1712130925077
Male,0,Yes,69,Yes,No,Fiber optic,60,No,1,1,1,0,1,0,False,True,1.4915401492832983,-0.15815368812947458
Female,0,Yes,71,Yes,No,DSL,20,No,0,1,1,0,0,0,False,False,1.5729808767233588,-1.4875204687666492
Male,0,Yes,62,Yes,No,Fiber optic,116,No,1,1,1,0,1,0,False,False,1.2064976032430856,1.7029598047625698
Male,0,No,50,No,No,Fiber optic,35,No,1,0,0,0,1,0,False,False,0.7178532386027215,-0.9890079260277087
Female,0,Yes,62,Yes,Yes,Fiber optic,111,No,0,1,1,1,1,0,False,False,1.2064976032430856,1.536788957182923
Female,0,No,54,Yes,No,DSL,100,No,0,0,1,0,0,0,False,False,0.880734693482843,1.1712130925077
Male,0,No,63,Yes,No,DSL,87,No,1,0,1,0,0,0,True,False,1.247217966963116,0.7391688888006183
Male,0,Yes,22,Yes,No,Fiber optic,58,No,1,1,1,0,1,0,False,False,-0.4223169455581282,-0.22462202716133334
Female,0,No,30,Yes,Yes,Fiber optic,19,No,0,0,1,1,1,0,False,False,-0.0965540357978854,-1.5207546382825785
Male,1,No,57,Yes,No,Fiber optic,54,No,1,0,1,0,1,0,False,False,1.002895784642934,-0.3575587052250508
Female,1,No,58,Yes,No,DSL,98,No,0,0,1,0,0,0,True,False,1.0436161483629645,1.1047447534758412
Male,1,No,55,No,No,Fiber optic,45,No,1,0,0,0,1,0,False,False,0.9214550572028734,-0.6566662308684151
Female,0,No,37,Yes,Yes,Fiber optic,102,Yes,0,0,1,1,1,1,False,False,0.18848851024232702,1.2376814315395588
Male,0,No,2,Yes,No,DSL,54,No,1,0,1,0,0,0,True,False,-1.2367242199587352,-0.3575587052250508
Male,1,No,49,Yes,No,DSL,88,No,1,0,1,0,0,0,True,False,0.6771328748826912,0.7724030583165477
Male,1,No,24,Yes,Yes,Fiber optic,79,Yes,1,0,1,1,1,1,False,False,-0.3408762181180675,0.47329553267318336
Female,0,No,29,Yes,No,Fiber optic,55,No,0,0,1,0,1,0,False,False,-0.13727439951791576,-0.32432453570912145
Male,0,No,1,Yes,Yes,Fiber optic,45,Yes,1,0,1,1,1,1,False,False,-1.2774445836787656,-0.6566662308684151
Male,0,No,72,Yes,No,DSL,110,No,1,0,1,0,0,0,False,False,1.6137012404433893,1.5035547876669937
Female,0,No,11,Yes,Yes,Fiber optic,64,No,0,0,1,1,1,0,False,False,-0.8702409464784621,-0.025217010065757134
Female,0,Yes,7,Yes,No,Fiber optic,69,Yes,0,1,1,0,1,1,True,False,-1.0331224013585834,0.1409538375138897
Female,0,Yes,59,Yes,No,DSL,21,No,0,1,1,0,0,0,False,False,1.0843365120829946,-1.45428629925072
Female,0,No,68,Yes,Yes,Fiber optic,56,No,0,0,1,1,1,0,False,True,1.4508197855632678,-0.29109036619319206
Female,0,Yes,67,Yes,Yes,Fiber optic,94,No,0,1,1,1,1,0,False,False,1.4100994218432374,0.9718080754121239
Female,1,No,2,Yes,No,DSL,79,Yes,0,0,1,0,0,1,False,False,-1.2367242199587352,0.47329553267318336
Male,1,No,31,Yes,Yes,Fiber optic,91,No,1,0,1,1,1,0,False,False,-0.055833672077855064,0.8721055668643357
Male,0,Yes,16,Yes,No,DSL,64,No,1,1,1,0,0,0,True,False,-0.6666391278783103,-0.025217010065757134
Female,0,No,1,Yes,Yes,DSL,80,Yes,0,0,1,1,0,1,False,True,-1.2774445836787656,0.5065297021891128
Male,0,No,17,Yes,Yes,DSL,94,Yes,1,0,1,1,0,1,False,True,-0.62591876415828,0.9718080754121239
Female,1,No,7,Yes,Yes,Fiber optic,89,No,0,0,1,1,1,0,False,False,-1.0331224013585834,0.805637227832477
Male,0,No,1,Yes,No,DSL,21,No,1,0,1,0,0,0,False,False,-1.2774445836787656,-1.45428629925072
Female,0,No,10,No,Yes,Fiber optic,36,No,0,0,0,1,1,0,False,False,-0.9109613101984924,-0.9557737565117794
Female,0,No,2,Yes,No,DSL,90,No,0,0,1,0,0,0,False,False,-1.2367242199587352,0.8388713973484064
Female,0,Yes,59,Yes,Yes,DSL,90,No,0,1,1,1,0,0,True,False,1.0843365120829946,0.8388713973484064
Female,1,No,3,Yes,No,DSL,75,Yes,0,0,1,0,0,1,False,False,-1.1960038562387048,0.3403588546094659
Female,0,No,72,Yes,Yes,Fiber optic,85,No,0,0,1,1,1,0,False,False,1.6137012404433893,0.6727005497687596
Female,0,No,22,Yes,No,DSL,89,No,0,0,1,0,0,0,False,False,-0.4223169455581282,0.805637227832477
Male,0,No,13,Yes,Yes,DSL,51,No,1,0,1,1,0,0,True,False,-0.7888002190384014,-0.4572612137728389
Female,0,No,10,Yes,No,DSL,45,No,0,0,1,0,0,0,False,True,-0.9109613101984924,-0.6566662308684151
Female,0,Yes,35,No,No,DSL,46,No,0,1,0,0,0,0,False,False,0.10704778280226633,-0.6234320613524857
Male,0,No,71,Yes,No,DSL,99,No,1,0,1,0,0,0,False,True,1.5729808767233588,1.1379789229917707
Male,1,No,32,Yes,Yes,Fiber optic,75,Yes,1,0,1,1,1,1,False,False,-0.015113308357824713,0.3403588546094659
Male,0,No,5,Yes,No,Fiber optic,56,No,1,0,1,0,1,0,True,False,-1.1145631287986442,-0.29109036619319206
Female,1,No,31,Yes,No,Fiber optic,85,No,0,0,1,0,1,0,False,False,-0.055833672077855064,0.6727005497687596
Male,0,No,46,Yes,Yes,Fiber optic,45,No,1,0,1,1,1,0,False,False,0.5549717837226001,-0.6566662308684151
Female,1,No,20,Yes,No,DSL,79,Yes,0,0,1,0,0,1,True,False,-0.5037576729981889,0.47329553267318336
Male,0,No,10,Yes,No,DSL,80,No,1,0,1,0,0,0,True,False,-0.9109613101984924,0.5065297021891128
Male,0,Yes,47,Yes,No,Fiber optic,107,Yes,1,1,1,0,1,1,False,False,0.5956921474426305,1.4038522791192056
Female,0,No,23,Yes,No,Fiber optic,90,No,0,0,1,0,1,0,True,False,-0.38159658183809786,0.8388713973484064
Female,0,No,21,Yes,No,DSL,94,No,0,0,1,0,0,0,False,True,-0.46303730927815856,0.9718080754121239
Female,0,No,63,Yes,Yes,Fiber optic,90,No,0,0,1,1,1,0,True,False,1.247217966963116,0.8388713973484064
Female,1,No,2,Yes,Yes,Fiber optic,50,Yes,0,0,1,1,1,1,False,False,-1.2367242199587352,-0.49049538328876824
Female,0,No,5,Yes,Yes,Fiber optic,20,No,0,0,1,1,1,0,False,True,-1.1145631287986442,-1.4875204687666492
Female,1,No,4,Yes,No,DSL,80,No,0,0,1,0,0,0,False,True,-1.1552834925186746,0.5065297021891128
Female,0,No,52,No,No,DSL,66,No,0,0,0,0,0,0,True,False,0.7992939660427822,0.0412513289661016
Male,0,No,26,Yes,No,DSL,20,No,1,0,1,0,0,0,False,False,-0.2594354906780068,-1.4875204687666492
Female,1,No,2,Yes,No,DSL,70,Yes,0,0,1,0,0,1,True,False,-1.2367242199587352,0.17418800702981907
Female,0,No,1,Yes,No,DSL,20,No,0,0,1,0,0,0,False,False,-1.2774445836787656,-1.4875204687666492
Male,0,No,44,No,No,DSL,54,No,1,0,0,0,0,0,True,False,0.47353105628253944,-0.3575587052250508
Male,0,No,2,No,No,DSL,25,Yes,1,0,0,0,0,1,False,False,-1.2367242199587352,-1.3213496211870024
Female,0,No,2,Yes,No,DSL,20,No,0,0,1,0,0,0,False,True,-1.2367242199587352,-1.4875204687666492
Female,0,No,33,Yes,No,DSL,108,No,0,0,1,0,0,0,False,False,0.025607055362205634,1.437086448635135
Male,0,No,30,Yes,Yes,Fiber optic,95,No,1,0,1,1,1,0,False,False,-0.0965540357978854,1.0050422449280532
Female,1,No,14,Yes,No,DSL,100,Yes,0,0,1,0,0,1,False,False,-0.748079855318371,1.1712130925077
Male,0,No,1,Yes,No,DSL,20,Yes,1,0,1,0,0,1,False,False,-1.2774445836787656,-1.4875204687666492
Male,0,No,12,Yes,Yes,DSL,95,No,1,0,1,1,0,0,False,True,-0.8295205827584317,1.0050422449280532
Male,0,No,41,Yes,Yes,Fiber optic,89,No,1,0,1,1,1,0,True,False,0.35136996512244845,0.805637227832477
Male,0,Yes,9,Yes,No,DSL,103,No,1,1,1,0,0,0,True,False,-0.9516816739185228,1.270915601055488
Female,1,No,69,Yes,Yes,DSL,110,No,0,0,1,1,0,0,False,True,1.4915401492832983,1.5035547876669937
Male,0,No,1,Yes,Yes,Fiber optic,80,Yes,1,0,1,1,1,1,False,False,-1.2774445836787656,0.5065297021891128
Male,0,No,2,Yes,Yes,Fiber optic,20,No,1,0,1,1,1,0,False,False,-1.2367242199587352,-1.4875204687666492
Female,0,No,2,Yes,No,DSL,49,Yes,0,0,1,0,0,1,False,False,-1.2367242199587352,-0.5237295528046976
Male,0,No,30,Yes,No,Fiber optic,56,No,1,0,1,0,1,0,False,False,-0.0965540357978854,-0.29109036619319206
Female,0,No,51,Yes,Yes,Fiber optic,94,No,0,0,1,1,1,0,False,False,0.758573602322752,0.9718080754121239
Female,1,No,50,Yes,Yes,Fiber optic,101,No,0,0,1,1,1,0,False,True,0.7178532386027215,1.2044472620236295
Female,0,No,69,Yes,No,Fiber optic,24,No,0,0,1,0,1,0,True,False,1.4915401492832983,-1.3545837907029317
Female,0,No,70,Yes,No,DSL,110,No,0,0,1,0,0,0,False,True,1.5322605130033284,1.5035547876669937
Male,0,No,52,Yes,No,Fiber optic,61,No,1,0,1,0,1,0,True,False,0.7992939660427822,-0.12491951861354524
Male,0,No,18,Yes,No,DSL,49,Yes,1,0,1,0,0,1,False,False,-0.5851984004382496,-0.5237295528046976
Male,0,No,46,Yes,No,DSL,89,No,1,0,1,0,0,0,False,False,0.5549717837226001,0.805637227832477
Male,0,Yes,55,Yes,No,DSL,19,No,1,1,1,0,0,0,False,False,0.9214550572028734,-1.5207546382825785
Female,1,No,5,Yes,No,DSL,76,Yes,0,0,1,0,0,1,False,True,-1.1145631287986442,0.37359302412539525
Female,1,No,3,Yes,Yes,Fiber optic,87,Yes,0,0,1,1,1,1,False,False,-1.1960038562387048,0.7391688888006183
Male,0,No,6,Yes,No,Fiber optic,19,No,1,0,1,0,1,0,False,False,-1.0738427650786138,-1.5207546382825785
Male,0,Yes,70,Yes,No,DSL,84,No,1,1,1,0,0,0,False,False,1.5322605130033284,0.6394663802528302
Female,0,Yes,59,Yes,Yes,Fiber optic,72,No,0,1,1,1,1,0,False,True,1.0843365120829946,0.2406563460616778
Female,0,No,40,No,Yes,Fiber optic,55,No,0,0,0,1,1,0,False,False,0.3106496014024181,-0.32432453570912145
Male,0,No,71,Yes,No,DSL,20,No,1,0,1,0,0,0,False,True,1.5729808767233588,-1.4875204687666492
Male,0,No,5,Yes,No,Fiber optic,80,No,1,0,1,0,1,0,False,False,-1.1145631287986442,0.5065297021891128
Female,0,Yes,10,Yes,No,DSL,86,No,0,1,1,0,0,0,False,True,-0.9109613101984924,0.7059347192846889
Female,1,Yes,65,Yes,Yes,Fiber optic,107,No,0,1,1,1,1,0,False,False,1.3286586944031769,1.4038522791192056
Male,0,No,5,No,No,Fiber optic,24,No,1,0,0,0,1,0,False,False,-1.1145631287986442,-1.3545837907029317
Male,0,Yes,1,Yes,No,DSL,50,No,1,1,1,0,0,0,True,False,-1.2774445836787656,-0.49049538328876824
Male,0,Yes,57,Yes,Yes,DSL,19,No,1,1,1,1,0,0,True,False,1.002895784642934,-1.5207546382825785
Female,0,No,62,Yes,No,DSL,81,No,0,0,1,0,0,0,False,False,1.2064976032430856,0.5397638717050421
Male,1,No,30,Yes,No,Fiber optic,69,No,1,0,1,0,1,0,False,False,-0.0965540357978854,0.1409538375138897
Male,0,No,29,No,No,DSL,34,No,1,0,0,0,0,0,False,True,-0.13727439951791576,-1.0222420955436382
Female,0,Yes,56,Yes,Yes,Fiber optic,25,No,0,1,1,1,1,0,False,False,0.9621754209229036,-1.3213496211870024
Male,0,No,58,No,Yes,Fiber optic,45,No,1,0,0,1,1,0,False,False,1.0436161483629645,-0.6566662308684151
Male,1,No,35,Yes,Yes,Fiber optic,73,No,1,0,1,1,1,0,True,False,0.10704778280226633,0.2738905155776072
Male,0,Yes,67,Yes,Yes,Fiber optic,105,No,1,1,1,1,1,0,False,False,1.4100994218432374,1.3373839400873468
Female,0,No,70,Yes,No,Fiber optic,85,No,0,0,1,0,1,0,False,False,1.5322605130033284,0.6727005497687596
Male,0,Yes,24,Yes,No,DSL,56,No,1,1,1,0,0,0,False,False,-0.3408762181180675,-0.29109036619319206
Male,0,No,34,Yes,Yes,Fiber optic,57,No,1,0,1,1,1,0,False,False,0.06632741908223598,-0.2578561966772627
Female,1,No,71,Yes,Yes,DSL,100,No,0,0,1,1,0,0,True,False,1.5729808767233588,1.1712130925077
Female,1,No,4,Yes,Yes,Fiber optic,83,No,0,0,1,1,1,0,False,False,-1.1552834925186746,0.6062322107369008
Male,0,No,12,Yes,Yes,Fiber optic,81,Yes,1,0,1,1,1,1,False,False,-0.8295205827584317,0.5397638717050421
Male,0,No,15,Yes,No,DSL,52,Yes,1,0,1,0,0,1,False,False,-0.7073594915983407,-0.4240270442569095
Male,0,Yes,46,Yes,Yes,Fiber optic,25,No,1,1,1,1,1,0,False,False,0.5549717837226001,-1.3213496211870024
Male,0,Yes,44,Yes,Yes,Fiber optic,62,No,1,1,1,1,1,0,False,False,0.47353105628253944,-0.09168534909761586
Male,0,No,40,Yes,Yes,Fiber optic,103,No,1,0,1,1,1,0,False,True,0.3106496014024181,1.270915601055488
Female,1,No,14,Yes,Yes,DSL,105,Yes,0,0,1,1,0,1,False,True,-0.748079855318371,1.3373839400873468
Female,1,No,68,Yes,No,Fiber optic,61,No,0,0,1,0,1,0,False,False,1.4508197855632678,-0.12491951861354524
Male,0,No,33,Yes,No,DSL,61,No,1,0,1,0,0,0,False,False,0.025607055362205634,-0.12491951861354524
Female,0,Yes,29,Yes,Yes,Fiber optic,20,No,0,1,1,1,1,0,True,False,-0.13727439951791576,-1.4875204687666492
Female,0,No,59,Yes,No,DSL,107,No,0,0,1,0,0,0,True,False,1.0843365120829946,1.4038522791192056
Male,0,No,25,Yes,No,DSL,74,No,1,0,1,0,0,0,False,False,-0.30015585439803716,0.3071246850935365
Female,0,No,7,Yes,Yes,DSL,69,No,0,0,1,1,0,0,True,False,-1.0331224013585834,0.1409538375138897
Male,1,No,16,Yes,Yes,Fiber optic,70,No,1,0,1,1,1,0,False,False,-0.6666391278783103,0.17418800702981907
Male,0,Yes,38,Yes,No,DSL,74,No,1,1,1,0,0,0,False,False,0.22920887396235737,0.3071246850935365
Female,0,No,10,Yes,Yes,Fiber optic,68,No,0,0,1,1,1,0,False,True,-0.9109613101984924,0.10771966799796033
Male,0,No,69,Yes,No,DSL,20,No,1,0,1,0,0,0,False,True,1.4915401492832983,-1.4875204687666492
Male,1,No,54,No,No,DSL,55,No,1,0,0,0,0,0,False,False,0.880734693482843,-0.32432453570912145
Female,0,Yes,53,Yes,No,DSL,85,No,0,1,1,0,0,0,False,False,0.8400143297628127,0.6727005497687596
Male,0,Yes,1,Yes,Yes,DSL,20,Yes,1,1,1,1,0,1,False,True,-1.2774445836787656,-1.4875204687666492
Female,0,No,41,Yes,No,Fiber optic,75,No,0,0,1,0,1,0,False,False,0.35136996512244845,0.3403588546094659
Female,0,Yes,31,Yes,Yes,Fiber optic,20,No,0,1,1,1,1,0,False,False,-0.055833672077855064,-1.4875204687666492
Male,1,No,20,Yes,No,Fiber optic,107,No,1,0,1,0,1,0,True,False,-0.5037576729981889,1.4038522791192056
Male,0,Yes,19,No,No,DSL,25,No,1,1,0,0,0,0,True,False,-0.5444780367182193,-1.3213496211870024
Female,0,No,50,Yes,No,DSL,76,No,0,0,1,0,0,0,False,True,0.7178532386027215,0.37359302412539525
Male,0,Yes,27,Yes,Yes,DSL,20,No,1,1,1,1,0,0,False,True,-0.21871512695797646,-1.4875204687666492
Male,0,No,54,Yes,Yes,Fiber optic,110,Yes,1,0,1,1,1,1,False,False,0.880734693482843,1.5035547876669937
Female,1,No,42,Yes,No,Fiber optic,95,No,0,0,1,0,1,0,False,False,0.3920903288424788,1.0050422449280532
Female,0,Yes,1,Yes,No,DSL,19,No,0,1,1,0,0,0,False,False,-1.2774445836787656,-1.5207546382825785
Male,0,Yes,12,Yes,No,DSL,19,No,1,1,1,0,0,0,False,False,-0.8295205827584317,-1.5207546382825785
Male,0,Yes,49,Yes,No,DSL,101,Yes,1,1,1,0,0,1,False,False,0.6771328748826912,1.2044472620236295
Male,0,No,27,Yes,Yes,DSL,69,No,1,0,1,1,0,0,False,False,-0.21871512695797646,0.1409538375138897
Female,0,No,24,Yes,No,Fiber optic,20,No,0,0,1,0,1,0,False,False,-0.3408762181180675,-1.4875204687666492
Male,0,Yes,67,Yes,Yes,Fiber optic,105,No,1,1,1,1,1,0,True,False,1.4100994218432374,1.3373839400873468
Female,0,No,2,Yes,No,DSL,45,No,0,0,1,0,0,0,False,True,-1.2367242199587352,-0.6566662308684151
Male,0,No,72,Yes,No,Fiber optic,114,No,1,0,1,0,1,0,False,False,1.6137012404433893,1.6364914657307112
Female,1,No,52,Yes,No,DSL,106,No,0,0,1,0,0,0,True,False,0.7992939660427822,1.3706181096032763
Male,0,No,10,Yes,No,DSL,74,Yes,1,0,1,0,0,1,False,False,-0.9109613101984924,0.3071246850935365
Male,1,No,72,Yes,No,DSL,74,No,1,0,1,0,0,0,False,False,1.6137012404433893,0.3071246850935365
Female,0,No,7,Yes,No,DSL,75,Yes,0,0,1,0,0,1,False,True,-1.0331224013585834,0.3403588546094659
Male,1,Yes,72,Yes,No,DSL,116,No,1,1,1,0,0,0,False,False,1.6137012404433893,1.7029598047625698
Female,0,Yes,51,Yes,No,Fiber optic,81,No,0,1,1,0,1,0,False,False,0.758573602322752,0.5397638717050421
Female,1,No,26,Yes,No,DSL,98,No,0,0,1,0,0,0,True,False,-0.2594354906780068,1.1047447534758412
Female,1,No,52,Yes,No,DSL,109,No,0,0,1,0,0,0,False,False,0.7992939660427822,1.4703206181510644
Male,0,Yes,47,Yes,Yes,Fiber optic,21,No,1,1,1,1,1,0,False,False,0.5956921474426305,-1.45428629925072
Male,0,No,36,Yes,Yes,Fiber optic,19,No,1,0,1,1,1,0,True,False,0.14776814652229667,-1.5207546382825785
Female,0,No,3,Yes,No,DSL,20,Yes,0,0,1,0,0,1,False,False,-1.1960038562387048,-1.4875204687666492
Female,1,No,1,Yes,No,DSL,71,No,0,0,1,0,0,0,False,True,-1.2774445836787656,0.20742217654574843
Male,1,No,12,No,Yes,DSL,44,Yes,1,0,0,1,0,1,False,True,-0.8295205827584317,-0.6899004003843444
Male,0,No,72,Yes,Yes,DSL,112,No,1,0,1,1,0,0,True,False,1.6137012404433893,1.5700231266988525
Male,0,No,12,Yes,Yes,Fiber optic,20,No,1,0,1,1,1,0,False,False,-0.8295205827584317,-1.4875204687666492
Male,1,No,1,Yes,Yes,Fiber optic,95,Yes,1,0,1,1,1,1,False,True,-1.2774445836787656,1.0050422449280532
Male,0,No,30,Yes,No,DSL,70,No,1,0,1,0,0,0,True,False,-0.0965540357978854,0.17418800702981907
Female,0,No,42,Yes,No,DSL,50,No,0,0,1,0,0,0,False,False,0.3920903288424788,-0.49049538328876824
Male,0,No,3,Yes,Yes,Fiber optic,69,Yes,1,0,1,1,1,1,False,False,-1.1960038562387048,0.1409538375138897
Male,1,No,13,Yes,Yes,Fiber optic,89,Yes,1,0,1,1,1,1,False,False,-0.7888002190384014,0.805637227832477
Female,0,No,12,Yes,Yes,DSL,100,Yes,0,0,1,1,0,1,False,False,-0.8295205827584317,1.1712130925077
Male,1,No,57,Yes,Yes,Fiber optic,101,Yes,1,0,1,1,1,1,False,False,1.002895784642934,1.2044472620236295
Male,1,No,32,Yes,Yes,DSL,85,Yes,1,0,1,1,0,1,False,True,-0.015113308357824713,0.6727005497687596
Male,0,No,68,Yes,No,DSL,77,No,1,0,1,0,0,0,False,True,1.4508197855632678,0.40682719364132464
Female,0,Yes,8,Yes,Yes,DSL,20,No,0,1,1,1,0,0,False,True,-0.9924020376385531,-1.4875204687666492
Female,0,No,1,Yes,No,Fiber optic,20,Yes,0,0,1,0,1,1,False,False,-1.2774445836787656,-1.4875204687666492
Male,0,Yes,46,Yes,No,DSL,20,No,1,1,1,0,0,0,False,True,0.5549717837226001,-1.4875204687666492
Male,0,No,10,Yes,Yes,Fiber optic,95,No,1,0,1,1,1,0,True,False,-0.9109613101984924,1.0050422449280532
Male,1,No,4,No,Yes,Fiber optic,30,No,1,0,0,1,1,0,False,True,-1.1552834925186746,-1.1551787736073555
Male,1,No,1,Yes,Yes,Fiber optic,46,No,1,0,1,1,1,0,False,False,-1.2774445836787656,-0.6234320613524857
Female,1,No,4,Yes,Yes,Fiber optic,85,Yes,0,0,1,1,1,1,True,False,-1.1552834925186746,0.6727005497687596
Female,0,No,68,Yes,Yes,Fiber optic,20,No,0,0,1,1,1,0,True,False,1.4508197855632678,-1.4875204687666492
Male,0,Yes,58,Yes,No,DSL,94,No,1,1,1,0,0,0,True,False,1.0436161483629645,0.9718080754121239
Male,0,No,1,No,Yes,Fiber optic,24,No,1,0,0,1,1,0,False,True,-1.2774445836787656,-1.3545837907029317
Male,1,No,12,Yes,No,DSL,73,No,1,0,1,0,0,0,False,False,-0.8295205827584317,0.2738905155776072
Male,0,Yes,72,Yes,No,DSL,114,No,1,1,1,0,0,0,False,False,1.6137012404433893,1.6364914657307112
Female,0,No,5,Yes,Yes,Fiber optic,100,Yes,0,0,1,1,1,1,False,False,-1.1145631287986442,1.1712130925077
Female,0,Yes,20,Yes,No,DSL,20,No,0,1,1,0,0,0,False,True,-0.5037576729981889,-1.4875204687666492
Male,0,Yes,27,Yes,No,DSL,19,No,1,1,1,0,0,0,False,False,-0.21871512695797646,-1.5207546382825785
Female,0,No,31,Yes,No,DSL,85,No,0,0,1,0,0,0,False,False,-0.055833672077855064,0.6727005497687596
Female,0,No,70,Yes,Yes,Fiber optic,98,No,0,0,1,1,1,0,False,True,1.5322605130033284,1.1047447534758412
Male,0,Yes,67,Yes,No,DSL,69,No,1,1,1,0,0,0,True,False,1.4100994218432374,0.1409538375138897
Male,0,No,3,Yes,Yes,Fiber optic,50,No,1,0,1,1,1,0,False,False,-1.1960038562387048,-0.49049538328876824
Male,0,No,1,Yes,No,DSL,20,Yes,1,0,1,0,0,1,False,True,-1.2774445836787656,-1.4875204687666492
Male,0,Yes,28,Yes,Yes,Fiber optic,54,No,1,1,1,1,1,0,False,False,-0.1779947632379461,-0.3575587052250508
Male,0,Yes,29,Yes,No,Fiber optic,20,No,1,1,1,0,1,0,False,False,-0.13727439951791576,-1.4875204687666492
Female,0,No,4,Yes,No,DSL,75,Yes,0,0,1,0,0,1,False,False,-1.1552834925186746,0.3403588546094659
Female,0,No,50,Yes,No,DSL,80,No,0,0,1,0,0,0,True,False,0.7178532386027215,0.5065297021891128
Female,1,No,34,Yes,Yes,DSL,64,No,0,0,1,1,0,0,False,False,0.06632741908223598,-0.025217010065757134
Male,0,Yes,67,Yes,No,DSL,90,No,1,1,1,0,0,0,True,False,1.4100994218432374,0.8388713973484064
Male,0,Yes,72,Yes,No,DSL,104,No,1,1,1,0,0,0,False,False,1.6137012404433893,1.3041497705714176
Female,1,No,4,Yes,No,DSL,100,Yes,0,0,1,0,0,1,True,False,-1.1552834925186746,1.1712130925077
Female,1,No,7,Yes,Yes,Fiber optic,84,No,0,0,1,1,1,0,True,False,-1.0331224013585834,0.6394663802528302
Female,0,No,47,Yes,Yes,DSL,104,No,0,0,1,1,0,0,False,False,0.5956921474426305,1.3041497705714176
Female,0,Yes,11,Yes,Yes,DSL,51,No,0,1,1,1,0,0,False,True,-0.8702409464784621,-0.4572612137728389
Male,0,No,40,Yes,Yes,Fiber optic,105,Yes,1,0,1,1,1,1,True,False,0.3106496014024181,1.3373839400873468
Male,1,No,40,Yes,Yes,Fiber optic,102,Yes,1,0,1,1,1,1,True,False,0.3106496014024181,1.2376814315395588
Female,0,No,41,Yes,No,DSL,20,No,0,0,1,0,0,0,False,False,0.35136996512244845,-1.4875204687666492
Male,0,No,31,Yes,Yes,Fiber optic,94,No,1,0,1,1,1,0,False,False,-0.055833672077855064,0.9718080754121239
Male,0,No,62,Yes,No,DSL,23,No,1,0,1,0,0,0,False,False,1.2064976032430856,-1.3878179602188612
Female,0,No,61,Yes,Yes,Fiber optic,104,No,0,0,1,1,1,0,True,False,1.1657772395230555,1.3041497705714176
Female,0,Yes,67,No,Yes,Fiber optic,36,No,0,1,0,1,1,0,False,True,1.4100994218432374,-0.9557737565117794
Female,1,No,72,Yes,Yes,Fiber optic,24,No,0,0,1,1,1,0,False,False,1.6137012404433893,-1.3545837907029317
Male,0,No,62,No,No,DSL,39,No,1,0,0,0,0,0,False,False,1.2064976032430856,-0.8560712479639913
Female,1,No,2,Yes,No,Fiber optic,70,Yes,0,0,1,0,1,1,False,False,-1.2367242199587352,0.17418800702981907
Female,0,No,59,Yes,Yes,Fiber optic,100,No,0,0,1,1,1,0,True,False,1.0843365120829946,1.1712130925077
Male,0,No,4,Yes,Yes,Fiber optic,56,No,1,0,1,1,1,0,False,False,-1.1552834925186746,-0.29109036619319206
Male,0,No,72,Yes,No,Fiber optic,90,No,1,0,1,0,1,0,True,False,1.6137012404433893,0.8388713973484064
Male,0,Yes,70,Yes,No,DSL,65,No,1,1,1,0,0,0,False,False,1.5322605130033284,0.008017159450172232
Male,0,No,71,Yes,No,DSL,24,No,1,0,1,0,0,0,True,False,1.5729808767233588,-1.3545837907029317
Male,0,Yes,38,Yes,No,Fiber optic,99,Yes,1,1,1,0,1,1,True,False,0.22920887396235737,1.1379789229917707
Male,1,No,19,Yes,No,Fiber optic,91,Yes,1,0,1,0,1,1,False,True,-0.5444780367182193,0.8721055668643357
Male,0,No,3,Yes,No,DSL,70,Yes,1,0,1,0,0,1,True,False,-1.1960038562387048,0.17418800702981907
Female,0,Yes,4,Yes,Yes,Fiber optic,58,No,0,1,1,1,1,0,False,False,-1.1552834925186746,-0.22462202716133334
Female,0,No,4,Yes,No,Fiber optic,46,Yes,0,0,1,0,1,1,True,False,-1.1552834925186746,-0.6234320613524857
Male,0,Yes,18,Yes,Yes,Fiber optic,95,Yes,1,1,1,1,1,1,False,False,-0.5851984004382496,1.0050422449280532
Male,0,No,51,Yes,No,DSL,25,No,1,0,1,0,0,0,False,True,0.758573602322752,-1.3213496211870024
Female,0,No,13,Yes,No,Fiber optic,85,Yes,0,0,1,0,1,1,False,False,-0.7888002190384014,0.6727005497687596
Male,0,No,3,Yes,Yes,Fiber optic,80,No,1,0,1,1,1,0,False,False,-1.1960038562387048,0.5065297021891128
Female,1,No,10,Yes,No,DSL,85,Yes,0,0,1,0,0,1,False,True,-0.9109613101984924,0.6727005497687596
Male,0,No,61,Yes,No,DSL,99,No,1,0,1,0,0,0,False,True,1.1657772395230555,1.1379789229917707
Male,0,No,12,Yes,Yes,Fiber optic,20,No,1,0,1,1,1,0,False,False,-0.8295205827584317,-1.4875204687666492
Male,0,Yes,31,No,No,Fiber optic,35,Yes,1,1,0,0,1,1,False,False,-0.055833672077855064,-0.9890079260277087
Male,0,No,1,Yes,Yes,Fiber optic,20,No,1,0,1,1,1,0,False,False,-1.2774445836787656,-1.4875204687666492
Male,0,No,72,No,No,DSL,66,No,1,0,0,0,0,0,True,False,1.6137012404433893,0.0412513289661016
Male,1,No,14,Yes,Yes,Fiber optic,90,Yes,1,0,1,1,1,1,False,True,-0.748079855318371,0.8388713973484064
Male,0,No,11,Yes,Yes,Fiber optic,80,Yes,1,0,1,1,1,1,False,False,-0.8702409464784621,0.5065297021891128
Male,1,Yes,56,Yes,Yes,Fiber optic,95,No,1,1,1,1,1,0,False,True,0.9621754209229036,1.0050422449280532
Male,0,No,31,Yes,Yes,Fiber optic,81,No,1,0,1,1,1,0,False,False,-0.055833672077855064,0.5397638717050421
Male,0,No,4,Yes,Yes,Fiber optic,20,No,1,0,1,1,1,0,True,False,-1.1552834925186746,-1.4875204687666492
Male,1,No,21,Yes,Yes,Fiber optic,65,No,1,0,1,1,1,0,False,False,-0.46303730927815856,0.008017159450172232
Female,0,Yes,22,Yes,Yes,Fiber optic,21,No,0,1,1,1,1,0,False,False,-0.4223169455581282,-1.45428629925072
Male,0,Yes,1,Yes,Yes,Fiber optic,70,Yes,1,1,1,1,1,1,False,True,-1.2774445836787656,0.17418800702981907
Male,1,No,23,Yes,Yes,DSL,90,No,1,0,1,1,0,0,True,False,-0.38159658183809786,0.8388713973484064
Female,0,No,29,No,No,DSL,40,No,0,0,0,0,0,0,False,False,-0.13727439951791576,-0.8228370784480619
Male,1,No,47,Yes,No,DSL,60,No,1,0,1,0,0,0,True,False,0.5956921474426305,-0.15815368812947458
Female,1,No,65,Yes,Yes,Fiber optic,109,No,0,0,1,1,1,0,True,False,1.3286586944031769,1.4703206181510644
Female,0,No,1,No,No,DSL,30,No,0,0,0,0,0,0,True,False,-1.2774445836787656,-1.1551787736073555
Male,0,Yes,8,Yes,No,DSL,54,No,1,1,1,0,0,0,True,False,-0.9924020376385531,-0.3575587052250508
Female,0,Yes,24,Yes,Yes,DSL,83,No,0,1,1,1,0,0,False,True,-0.3408762181180675,0.6062322107369008
Male,1,No,9,Yes,No,DSL,84,Yes,1,0,1,0,0,1,False,False,-0.9516816739185228,0.6394663802528302
Male,1,No,5,Yes,No,DSL,50,Yes,1,0,1,0,0,1,False,False,-1.1145631287986442,-0.49049538328876824
Female,1,No,25,Yes,No,DSL,90,Yes,0,0,1,0,0,1,False,False,-0.30015585439803716,0.8388713973484064
Female,0,No,2,Yes,Yes,Fiber optic,69,Yes,0,0,1,1,1,1,False,False,-1.2367242199587352,0.1409538375138897
Female,0,Yes,6,Yes,No,DSL,20,No,0,1,1,0,0,0,False,True,-1.0738427650786138,-1.4875204687666492
Male,0,Yes,41,Yes,Yes,Fiber optic,20,No,1,1,1,1,1,0,True,False,0.35136996512244845,-1.4875204687666492
Female,0,No,11,Yes,Yes,DSL,45,No,0,0,1,1,0,0,False,False,-0.8702409464784621,-0.6566662308684151
Female,1,No,29,Yes,No,DSL,99,Yes,0,0,1,0,0,1,True,False,-0.13727439951791576,1.1379789229917707
Female,0,Yes,30,Yes,No,Fiber optic,20,No,0,1,1,0,1,0,False,False,-0.0965540357978854,-1.4875204687666492
Female,0,Yes,72,Yes,Yes,Fiber optic,116,No,0,1,1,1,1,0,False,False,1.6137012404433893,1.7029598047625698
Male,0,Yes,70,Yes,Yes,DSL,98,No,1,1,1,1,0,0,False,True,1.5322605130033284,1.1047447534758412
Female,0,No,25,Yes,Yes,DSL,54,No,0,0,1,1,0,0,True,False,-0.30015585439803716,-0.3575587052250508
Female,0,Yes,12,No,Yes,DSL,29,Yes,0,1,0,1,0,1,False,True,-0.8295205827584317,-1.188412943123285
Female,0,No,12,Yes,Yes,Fiber optic,20,No,0,0,1,1,1,0,False,False,-0.8295205827584317,-1.4875204687666492
Female,0,No,63,Yes,No,DSL,108,Yes,0,0,1,0,0,1,False,False,1.247217966963116,1.437086448635135
Female,0,No,47,Yes,No,DSL,99,Yes,0,0,1,0,0,1,False,False,0.5956921474426305,1.1379789229917707
Male,0,No,72,Yes,No,DSL,99,No,1,0,1,0,0,0,False,True,1.6137012404433893,1.1379789229917707
Female,0,No,18,Yes,No,Fiber optic,50,No,0,0,1,0,1,0,False,False,-0.5851984004382496,-0.49049538328876824
Female,0,No,71,Yes,No,DSL,85,No,0,0,1,0,0,0,False,False,1.5729808767233588,0.6727005497687596
Male,0,No,1,Yes,No,Fiber optic,75,Yes,1,0,1,0,1,1,False,False,-1.2774445836787656,0.3403588546094659
Male,0,Yes,42,Yes,Yes,Fiber optic,54,No,1,1,1,1,1,0,True,False,0.3920903288424788,-0.3575587052250508
Female,0,No,19,Yes,No,DSL,89,No,0,0,1,0,0,0,False,True,-0.5444780367182193,0.805637227832477
Male,0,Yes,72,Yes,Yes,Fiber optic,105,No,1,1,1,1,1,0,True,False,1.6137012404433893,1.3373839400873468
Female,0,No,70,Yes,No,DSL,114,No,0,0,1,0,0,0,True,False,1.5322605130033284,1.6364914657307112
Female,1,Yes,56,Yes,Yes,Fiber optic,73,No,0,1,1,1,1,0,True,False,0.9621754209229036,0.2738905155776072
Female,0,No,46,No,Yes,Fiber optic,46,No,0,0,0,1,1,0,False,True,0.5549717837226001,-0.6234320613524857
Female,0,No,2,Yes,Yes,Fiber optic,20,No,0,0,1,1,1,0,False,False,-1.2367242199587352,-1.4875204687666492
Female,0,Yes,72,Yes,No,DSL,108,No,0,1,1,0,0,0,True,False,1.6137012404433893,1.437086448635135
Male,1,No,69,Yes,No,DSL,85,No,1,0,1,0,0,0,False,True,1.4915401492832983,0.6727005497687596
Female,0,No,1,Yes,Yes,Fiber optic,20,No,0,0,1,1,1,0,False,False,-1.2774445836787656,-1.4875204687666492
Female,0,No,53,Yes,Yes,Fiber optic,21,Yes,0,0,1,1,1,1,False,False,0.8400143297628127,-1.45428629925072
Female,0,No,29,Yes,No,Fiber optic,20,No,0,0,1,0,1,0,False,False,-0.13727439951791576,-1.4875204687666492
Male,0,No,35,No,Yes,Fiber optic,49,No,1,0,0,1,1,0,False,False,0.10704778280226633,-0.5237295528046976
Male,0,No,9,Yes,No,DSL,88,No,1,0,1,0,0,0,False,False,-0.9516816739185228,0.7724030583165477
Male,0,No,19,Yes,No,DSL,89,No,1,0,1,0,0,0,False,False,-0.5444780367182193,0.805637227832477
Female,0,No,61,Yes,No,Fiber optic,115,No,0,0,1,0,1,0,False,False,1.1657772395230555,1.6697256352466405
Male,0,No,8,Yes,No,DSL,55,No,1,0,1,0,0,0,False,True,-0.9924020376385531,-0.32432453570912145
Female,0,No,29,Yes,Yes,Fiber optic,101,No,0,0,1,1,1,0,False,False,-0.13727439951791576,1.2044472620236295
Male,0,No,72,Yes,No,Fiber optic,108,No,1,0,1,0,1,0,False,False,1.6137012404433893,1.437086448635135
Male,0,Yes,1,Yes,No,DSL,100,Yes,1,1,1,0,0,1,False,True,-1.2774445836787656,1.1712130925077
Female,0,No,7,Yes,No,DSL,67,No,0,0,1,0,0,0,False,True,-1.0331224013585834,0.07448549848203097
Male,0,No,16,Yes,Yes,DSL,49,No,1,0,1,1,0,0,False,False,-0.6666391278783103,-0.5237295528046976
Male,0,Yes,21,No,No,DSL,26,No,1,1,0,0,0,0,False,False,-0.46303730927815856,-1.288115451671073
Female,0,No,7,No,No,DSL,40,Yes,0,0,0,0,0,1,False,False,-1.0331224013585834,-0.8228370784480619
Male,1,No,7,Yes,No,Fiber optic,90,Yes,1,0,1,0,1,1,False,False,-1.0331224013585834,0.8388713973484064
Male,0,Yes,32,Yes,No,DSL,91,No,1,1,1,0,0,0,False,True,-0.015113308357824713,0.8721055668643357
Male,0,No,67,Yes,No,DSL,116,Yes,1,0,1,0,0,1,False,False,1.4100994218432374,1.7029598047625698
Female,0,Yes,67,Yes,Yes,Fiber optic,109,No,0,1,1,1,1,0,True,False,1.4100994218432374,1.4703206181510644
Male,0,No,24,Yes,No,DSL,55,No,1,0,1,0,0,0,False,False,-0.3408762181180675,-0.32432453570912145
Male,0,No,17,Yes,No,DSL,21,No,1,0,1,0,0,0,False,True,-0.62591876415828,-1.45428629925072
Male,0,No,24,Yes,Yes,Fiber optic,50,No,1,0,1,1,1,0,False,True,-0.3408762181180675,-0.49049538328876824
Male,0,No,28,Yes,No,DSL,97,No,1,0,1,0,0,0,False,True,-0.1779947632379461,1.071510583959912
Female,1,No,38,Yes,No,Fiber optic,95,No,0,0,1,0,1,0,True,False,0.22920887396235737,1.0050422449280532
Female,0,Yes,38,Yes,No,DSL,80,Yes,0,1,1,0,0,1,False,False,0.22920887396235737,0.5065297021891128
Male,0,No,1,Yes,Yes,Fiber optic,79,Yes,1,0,1,1,1,1,True,False,-1.2774445836787656,0.47329553267318336
Male,0,Yes,72,Yes,Yes,DSL,103,Yes,1,1,1,1,0,1,True,False,1.6137012404433893,1.270915601055488
Female,0,No,8,Yes,No,DSL,101,Yes,0,0,1,0,0,1,True,False,-0.9924020376385531,1.2044472620236295
Male,1,No,62,Yes,No,DSL,90,No,1,0,1,0,0,0,False,False,1.2064976032430856,0.8388713973484064
Male,0,No,67,Yes,No,DSL,88,No,1,0,1,0,0,0,False,True,1.4100994218432374,0.7724030583165477
Female,0,Yes,18,Yes,Yes,DSL,20,No,0,1,1,1,0,0,True,False,-0.5851984004382496,-1.4875204687666492
Male,0,No,2,Yes,No,DSL,64,No,1,0,1,0,0,0,False,False,-1.2367242199587352,-0.025217010065757134
Male,0,Yes,33,No,No,Fiber optic,34,No,1,1,0,0,1,0,False,False,0.025607055362205634,-1.0222420955436382
Female,0,No,71,Yes,No,DSL,24,No,0,0,1,0,0,0,False,True,1.5729808767233588,-1.3545837907029317
Female,0,No,7,Yes,No,DSL,21,No,0,0,1,0,0,0,True,False,-1.0331224013585834,-1.45428629925072
Male,0,No,5,Yes,No,Fiber optic,70,Yes,1,0,1,0,1,1,False,False,-1.1145631287986442,0.17418800702981907
Female,0,Yes,17,Yes,Yes,Fiber optic,93,No,0,1,1,1,1,0,False,True,-0.62591876415828,0.9385739058961945
Male,0,No,12,Yes,No,Fiber optic,20,No,1,0,1,0,1,0,True,False,-0.8295205827584317,-1.4875204687666492
Female,1,No,50,Yes,No,DSL,109,No,0,0,1,0,0,0,False,False,0.7178532386027215,1.4703206181510644
Male,0,No,45,Yes,No,DSL,51,No,1,0,1,0,0,0,False,False,0.5142514200025698,-0.4572612137728389
Male,0,No,56,Yes,No,DSL,99,No,1,0,1,0,0,0,False,True,0.9621754209229036,1.1379789229917707
Female,0,Yes,59,Yes,Yes,Fiber optic,76,No,0,1,1,1,1,0,False,False,1.0843365120829946,0.37359302412539525
Male,0,No,1,Yes,Yes,DSL,87,Yes,1,0,1,1,0,1,True,False,-1.2774445836787656,0.7391688888006183
Male,0,No,1,Yes,Yes,Fiber optic,81,Yes,1,0,1,1,1,1,False,False,-1.2774445836787656,0.5397638717050421
Male,0,Yes,67,Yes,No,DSL,90,No,1,1,1,0,0,0,False,False,1.4100994218432374,0.8388713973484064
Male,0,Yes,39,No,No,DSL,45,No,1,1,0,0,0,0,False,True,0.26992923768238775,-0.6566662308684151
Female,0,Yes,36,Yes,No,DSL,93,No,0,1,1,0,0,0,False,True,0.14776814652229667,0.9385739058961945
Female,0,Yes,72,Yes,No,Fiber optic,70,No,0,1,1,0,1,0,False,False,1.6137012404433893,0.17418800702981907
Male,1,No,66,Yes,Yes,DSL,100,Yes,1,0,1,1,0,1,False,True,1.369379058123207,1.1712130925077
Female,0,No,9,Yes,Yes,Fiber optic,20,No,0,0,1,1,1,0,False,True,-0.9516816739185228,-1.4875204687666492
Female,0,No,68,Yes,No,DSL,26,No,0,0,1,0,0,0,True,False,1.4508197855632678,-1.288115451671073
Male,0,No,7,Yes,Yes,Fiber optic,24,No,1,0,1,1,1,0,False,True,-1.0331224013585834,-1.3545837907029317
Male,0,No,1,Yes,Yes,DSL,20,No,1,0,1,1,0,0,False,True,-1.2774445836787656,-1.4875204687666492
Male,0,No,4,Yes,No,Fiber optic,50,Yes,1,0,1,0,1,1,True,False,-1.1552834925186746,-0.49049538328876824
Male,0,No,39,Yes,No,Fiber optic,73,No,1,0,1,0,1,0,False,False,0.26992923768238775,0.2738905155776072
Female,0,Yes,7,Yes,No,DSL,21,No,0,1,1,0,0,0,False,False,-1.0331224013585834,-1.45428629925072
Male,1,No,72,Yes,No,Fiber optic,84,No,1,0,1,0,1,0,False,False,1.6137012404433893,0.6394663802528302
Male,1,No,46,Yes,Yes,Fiber optic,101,Yes,1,0,1,1,1,1,False,False,0.5549717837226001,1.2044472620236295
Male,0,Yes,61,Yes,No,DSL,98,No,1,1,1,0,0,0,True,False,1.1657772395230555,1.1047447534758412
Male,0,No,20,Yes,No,DSL,20,No,1,0,1,0,0,0,False,True,-0.5037576729981889,-1.4875204687666492
Male,0,No,43,Yes,No,DSL,100,Yes,1,0,1,0,0,1,False,False,0.43281069256250915,1.1712130925077
Male,0,Yes,62,Yes,No,DSL,21,No,1,1,1,0,0,0,False,False,1.2064976032430856,-1.45428629925072
Female,0,Yes,69,No,Yes,Fiber optic,46,No,0,1,0,1,1,0,False,False,1.4915401492832983,-0.6234320613524857
Male,0,Yes,2,Yes,No,DSL,61,No,1,1,1,0,0,0,True,False,-1.2367242199587352,-0.12491951861354524
Male,1,No,32,Yes,Yes,DSL,81,No,1,0,1,1,0,0,False,True,-0.015113308357824713,0.5397638717050421
Male,0,No,10,Yes,Yes,DSL,104,Yes,1,0,1,1,0,1,False,True,-0.9109613101984924,1.3041497705714176
Male,0,Yes,68,Yes,Yes,Fiber optic,100,No,1,1,1,1,1,0,False,False,1.4508197855632678,1.1712130925077
Male,0,No,13,Yes,No,DSL,75,Yes,1,0,1,0,0,1,False,True,-0.7888002190384014,0.3403588546094659
Male,0,No,2,Yes,No,DSL,54,Yes,1,0,1,0,0,1,False,True,-1.2367242199587352,-0.3575587052250508
Male,0,No,34,Yes,Yes,DSL,26,No,1,0,1,1,0,0,False,True,0.06632741908223598,-1.288115451671073
Female,0,Yes,72,Yes,No,Fiber optic,90,No,0,1,1,0,1,0,False,False,1.6137012404433893,0.8388713973484064
Male,0,No,64,Yes,No,DSL,105,No,1,0,1,0,0,0,False,False,1.2879383306831464,1.3373839400873468
Male,0,Yes,60,Yes,Yes,Fiber optic,21,No,1,1,1,1,1,0,False,False,1.125056875803025,-1.45428629925072
Female,0,No,3,Yes,Yes,Fiber optic,65,No,0,0,1,1,1,0,True,False,-1.1960038562387048,0.008017159450172232
Female,0,No,2,Yes,Yes,Fiber optic,70,No,0,0,1,1,1,0,False,False,-1.2367242199587352,0.17418800702981907
Female,0,No,65,Yes,No,Fiber optic,96,No,0,0,1,0,1,0,False,True,1.3286586944031769,1.0382764144439827
Male,0,Yes,50,Yes,Yes,Fiber optic,25,No,1,1,1,1,1,0,False,False,0.7178532386027215,-1.3213496211870024
Female,0,No,63,Yes,No,DSL,81,No,0,0,1,0,0,0,False,False,1.247217966963116,0.5397638717050421
Female,1,No,60,Yes,Yes,DSL,89,No,0,0,1,1,0,0,True,False,1.125056875803025,0.805637227832477
Female,0,No,22,Yes,No,DSL,26,No,0,0,1,0,0,0,False,False,-0.4223169455581282,-1.288115451671073
Female,1,No,8,Yes,Yes,DSL,81,Yes,0,0,1,1,0,1,False,True,-0.9924020376385531,0.5397638717050421
Female,0,No,23,Yes,Yes,Fiber optic,74,No,0,0,1,1,1,0,True,False,-0.38159658183809786,0.3071246850935365
Male,0,No,4,Yes,No,Fiber optic,74,Yes,1,0,1,0,1,1,False,False,-1.1552834925186746,0.3071246850935365
Male,1,No,2,Yes,Yes,Fiber optic,19,No,1,0,1,1,1,0,False,False,-1.2367242199587352,-1.5207546382825785
Female,0,Yes,20,Yes,No,DSL,20,No,0,1,1,0,0,0,True,False,-0.5037576729981889,-1.4875204687666492
Female,0,Yes,0,Yes,Yes,Fiber optic,81,No,0,1,1,1,1,0,False,False,-1.318164947398796,0.5397638717050421
Female,0,Yes,2,Yes,Yes,DSL,20,Yes,0,1,1,1,0,1,False,False,-1.2367242199587352,-1.4875204687666492
Female,0,No,62,Yes,Yes,Fiber optic,26,No,0,0,1,1,1,0,False,False,1.2064976032430856,-1.288115451671073
Female,1,No,14,Yes,No,DSL,80,No,0,0,1,0,0,0,False,False,-0.748079855318371,0.5065297021891128
Female,0,No,56,Yes,No,DSL,20,No,0,0,1,0,0,0,False,False,0.9621754209229036,-1.4875204687666492
Female,1,No,34,Yes,No,DSL,94,Yes,0,0,1,0,0,1,False,False,0.06632741908223598,0.9718080754121239
Male,0,No,63,Yes,No,Fiber optic,90,No,1,0,1,0,1,0,False,False,1.247217966963116,0.8388713973484064
Female,0,Yes,49,No,Yes,Fiber optic,36,No,0,1,0,1,1,0,False,False,0.6771328748826912,-0.9557737565117794
Male,0,No,34,Yes,No,DSL,101,No,1,0,1,0,0,0,True,False,0.06632741908223598,1.2044472620236295
Male,0,No,1,Yes,No,DSL,44,No,1,0,1,0,0,0,False,True,-1.2774445836787656,-0.6899004003843444
Male,0,Yes,72,Yes,No,Fiber optic,91,No,1,1,1,0,1,0,False,False,1.6137012404433893,0.8721055668643357
Male,0,Yes,13,Yes,Yes,Fiber optic,50,No,1,1,1,1,1,0,False,False,-0.7888002190384014,-0.49049538328876824
Female,0,Yes,68,Yes,No,Fiber optic,83,Yes,0,1,1,0,1,1,False,False,1.4508197855632678,0.6062322107369008
Female,0,No,4,Yes,No,DSL,70,Yes,0,0,1,0,0,1,True,False,-1.1552834925186746,0.17418800702981907
Male,0,No,18,Yes,No,Fiber optic,55,No,1,0,1,0,1,0,False,False,-0.5851984004382496,-0.32432453570912145
Male,0,No,19,Yes,No,DSL,100,Yes,1,0,1,0,0,1,False,False,-0.5444780367182193,1.1712130925077
Female,1,No,40,Yes,No,DSL,79,Yes,0,0,1,0,0,1,True,False,0.3106496014024181,0.47329553267318336
Female,0,Yes,14,Yes,No,Fiber optic,20,No,0,1,1,0,1,0,False,False,-0.748079855318371,-1.4875204687666492
Female,0,No,46,Yes,No,DSL,45,No,0,0,1,0,0,0,False,True,0.5549717837226001,-0.6566662308684151
Male,0,No,1,Yes,No,DSL,85,Yes,1,0,1,0,0,1,False,True,-1.2774445836787656,0.6727005497687596
Female,0,No,8,Yes,Yes,DSL,65,No,0,0,1,1,0,0,False,False,-0.9924020376385531,0.008017159450172232
Male,0,Yes,23,Yes,No,Fiber optic,60,No,1,1,1,0,1,0,True,False,-0.38159658183809786,-0.15815368812947458
Female,1,No,56,Yes,Yes,Fiber optic,73,No,0,0,1,1,1,0,True,False,0.9621754209229036,0.2738905155776072
Male,0,No,3,Yes,Yes,Fiber optic,84,No,1,0,1,1,1,0,False,True,-1.1960038562387048,0.6394663802528302
Female,0,No,55,Yes,No,DSL,65,No,0,0,1,0,0,0,False,True,0.9214550572028734,0.008017159450172232
Male,0,No,4,Yes,Yes,DSL,49,No,1,0,1,1,0,0,False,True,-1.1552834925186746,-0.5237295528046976
Female,0,Yes,72,No,Yes,Fiber optic,65,No,0,1,0,1,1,0,False,False,1.6137012404433893,0.008017159450172232
Female,0,No,17,Yes,No,Fiber optic,19,No,0,0,1,0,1,0,False,True,-0.62591876415828,-1.5207546382825785
Female,0,Yes,65,Yes,No,DSL,99,No,0,1,1,0,0,0,False,False,1.3286586944031769,1.1379789229917707
Male,0,No,1,Yes,Yes,Fiber optic,20,Yes,1,0,1,1,1,1,True,False,-1.2774445836787656,-1.4875204687666492
Female,0,No,52,Yes,No,Fiber optic,80,No,0,0,1,0,1,0,False,False,0.7992939660427822,0.5065297021891128
Male,0,No,25,Yes,Yes,Fiber optic,20,No,1,0,1,1,1,0,True,False,-0.30015585439803716,-1.4875204687666492
Female,0,No,58,Yes,Yes,DSL,94,No,0,0,1,1,0,0,False,False,1.0436161483629645,0.9718080754121239
Female,0,No,71,No,No,Fiber optic,48,No,0,0,0,0,1,0,True,False,1.5729808767233588,-0.556963722320627
Male,0,No,3,Yes,No,DSL,74,No,1,0,1,0,0,0,False,True,-1.1960038562387048,0.3071246850935365
Male,0,Yes,17,Yes,Yes,Fiber optic,67,No,1,1,1,1,1,0,False,False,-0.62591876415828,0.07448549848203097
Male,0,No,1,Yes,Yes,Fiber optic,70,No,1,0,1,1,1,0,False,True,-1.2774445836787656,0.17418800702981907
Male,0,No,17,Yes,Yes,Fiber optic,80,No,1,0,1,1,1,0,False,True,-0.62591876415828,0.5065297021891128
Female,0,Yes,13,Yes,No,DSL,54,No,0,1,1,0,0,0,False,True,-0.7888002190384014,-0.3575587052250508
Female,1,No,1,Yes,No,DSL,70,Yes,0,0,1,0,0,1,False,True,-1.2774445836787656,0.17418800702981907
Male,0,No,29,Yes,No,Fiber optic,59,No,1,0,1,0,1,0,False,False,-0.13727439951791576,-0.19138785764540397
Female,0,No,57,Yes,Yes,Fiber optic,113,Yes,0,0,1,1,1,1,False,True,1.002895784642934,1.6032572962147817
Female,0,No,12,Yes,Yes,Fiber optic,51,No,0,0,1,1,1,0,False,False,-0.8295205827584317,-0.4572612137728389
Male,1,No,13,Yes,Yes,DSL,90,Yes,1,0,1,1,0,1,False,True,-0.7888002190384014,0.8388713973484064
Male,0,No,53,Yes,Yes,Fiber optic,25,No,1,0,1,1,1,0,False,False,0.8400143297628127,-1.3213496211870024
Male,0,No,57,Yes,No,Fiber optic,60,No,1,0,1,0,1,0,False,False,1.002895784642934,-0.15815368812947458
Female,1,No,65,Yes,Yes,DSL,106,Yes,0,0,1,1,0,1,False,True,1.3286586944031769,1.3706181096032763
Female,0,No,4,Yes,Yes,DSL,60,Yes,0,0,1,1,0,1,False,False,-1.1552834925186746,-0.15815368812947458
Female,1,No,13,Yes,No,DSL,55,No,0,0,1,0,0,0,True,False,-0.7888002190384014,-0.32432453570912145
Female,0,Yes,8,Yes,No,DSL,19,No,0,1,1,0,0,0,False,False,-0.9924020376385531,-1.5207546382825785
Female,0,No,60,Yes,No,Fiber optic,106,No,0,0,1,0,1,0,True,False,1.125056875803025,1.3706181096032763
Female,0,No,15,Yes,Yes,Fiber optic,88,Yes,0,0,1,1,1,1,False,False,-0.7073594915983407,0.7724030583165477
Female,0,No,1,Yes,No,Fiber optic,70,Yes,0,0,1,0,1,1,True,False,-1.2774445836787656,0.17418800702981907
Female,0,No,4,Yes,No,DSL,20,No,0,0,1,0,0,0,False,False,-1.1552834925186746,-1.4875204687666492
Male,0,Yes,34,No,Yes,DSL,30,No,1,1,0,1,0,0,False,False,0.06632741908223598,-1.1551787736073555
Male,0,Yes,1,Yes,No,Fiber optic,45,No,1,1,1,0,1,0,False,False,-1.2774445836787656,-0.6566662308684151
Female,1,No,35,Yes,Yes,Fiber optic,108,No,0,0,1,1,1,0,False,False,0.10704778280226633,1.437086448635135
Male,0,Yes,2,Yes,No,DSL,55,No,1,1,1,0,0,0,False,False,-1.2367242199587352,-0.32432453570912145
Female,0,Yes,34,Yes,Yes,DSL,21,No,0,1,1,1,0,0,False,True,0.06632741908223598,-1.45428629925072
Male,0,No,15,Yes,Yes,DSL,20,No,1,0,1,1,0,0,False,True,-0.7073594915983407,-1.4875204687666492
Female,0,No,42,Yes,No,DSL,66,No,0,0,1,0,0,0,False,False,0.3920903288424788,0.0412513289661016
Female,0,No,70,Yes,Yes,Fiber optic,20,No,0,0,1,1,1,0,False,False,1.5322605130033284,-1.4875204687666492
Male,0,Yes,34,Yes,Yes,Fiber optic,79,No,1,1,1,1,1,0,False,True,0.06632741908223598,0.47329553267318336
Male,0,No,1,Yes,No,DSL,20,Yes,1,0,1,0,0,1,False,False,-1.2774445836787656,-1.4875204687666492
Male,1,No,42,Yes,No,DSL,79,No,1,0,1,0,0,0,False,False,0.3920903288424788,0.47329553267318336
Female,0,No,1,Yes,Yes,Fiber optic,19,No,0,0,1,1,1,0,True,False,-1.2774445836787656,-1.5207546382825785
Female,0,Yes,57,Yes,No,Fiber optic,53,No,0,1,1,0,1,0,False,True,1.002895784642934,-0.3907928747409802
Female,0,No,14,Yes,Yes,Fiber optic,65,Yes,0,0,1,1,1,1,False,False,-0.748079855318371,0.008017159450172232
Male,0,No,10,Yes,Yes,Fiber optic,57,No,1,0,1,1,1,0,True,False,-0.9109613101984924,-0.2578561966772627
Female,0,No,22,Yes,No,DSL,65,No,0,0,1,0,0,0,True,False,-0.4223169455581282,0.008017159450172232
Female,0,No,15,Yes,No,DSL,20,Yes,0,0,1,0,0,1,False,True,-0.7073594915983407,-1.4875204687666492
Male,0,No,60,Yes,No,Fiber optic,24,No,1,0,1,0,1,0,False,False,1.125056875803025,-1.3545837907029317
Male,1,No,9,Yes,No,DSL,99,Yes,1,0,1,0,0,1,False,False,-0.9516816739185228,1.1379789229917707
Male,0,No,59,Yes,No,DSL,61,No,1,0,1,0,0,0,False,False,1.0843365120829946,-0.12491951861354524
Male,0,No,34,Yes,No,DSL,106,Yes,1,0,1,0,0,1,False,False,0.06632741908223598,1.3706181096032763
Female,0,No,1,Yes,No,DSL,100,Yes,0,0,1,0,0,1,False,False,-1.2774445836787656,1.1712130925077
Female,0,No,48,Yes,No,Fiber optic,97,No,0,0,1,0,1,0,False,False,0.6364125111626608,1.071510583959912
Male,0,Yes,71,Yes,No,DSL,90,No,1,1,1,0,0,0,False,True,1.5729808767233588,0.8388713973484064
Female,0,Yes,71,No,No,DSL,60,No,0,1,0,0,0,0,False,True,1.5729808767233588,-0.15815368812947458
Female,0,No,9,Yes,Yes,DSL,44,Yes,0,0,1,1,0,1,True,False,-0.9516816739185228,-0.6899004003843444
Female,0,No,10,Yes,No,DSL,24,No,0,0,1,0,0,0,False,False,-0.9109613101984924,-1.3545837907029317
Female,0,No,72,Yes,No,DSL,115,No,0,0,1,0,0,0,False,True,1.6137012404433893,1.6697256352466405
Male,0,No,3,No,No,DSL,30,No,1,0,0,0,0,0,True,False,-1.1960038562387048,-1.1551787736073555
Male,0,No,57,No,No,DSL,54,No,1,0,0,0,0,0,True,False,1.002895784642934,-0.3575587052250508
Female,0,No,35,Yes,Yes,Fiber optic,57,No,0,0,1,1,1,0,True,False,0.10704778280226633,-0.2578561966772627
Male,0,No,50,Yes,No,Fiber optic,70,No,1,0,1,0,1,0,False,False,0.7178532386027215,0.17418800702981907
Male,0,No,9,Yes,No,Fiber optic,86,No,1,0,1,0,1,0,False,False,-0.9516816739185228,0.7059347192846889
Male,0,Yes,12,Yes,No,Fiber optic,49,No,1,1,1,0,1,0,False,True,-0.8295205827584317,-0.5237295528046976
Male,1,No,60,Yes,Yes,Fiber optic,98,No,1,0,1,1,1,0,False,False,1.125056875803025,1.1047447534758412
Male,0,No,46,No,Yes,DSL,30,Yes,1,0,0,1,0,1,False,False,0.5549717837226001,-1.1551787736073555
Female,0,No,12,No,No,DSL,34,No,0,0,0,0,0,0,False,False,-0.8295205827584317,-1.0222420955436382
Female,0,No,11,Yes,Yes,Fiber optic,54,No,0,0,1,1,1,0,False,False,-0.8702409464784621,-0.3575587052250508
Male,0,No,39,No,Yes,DSL,41,No,1,0,0,1,0,0,False,False,0.26992923768238775,-0.7896029089321326
Male,0,Yes,50,Yes,No,Fiber optic,104,Yes,1,1,1,0,1,1,False,False,0.7178532386027215,1.3041497705714176
Female,0,No,19,Yes,Yes,DSL,87,No,0,0,1,1,0,0,False,True,-0.5444780367182193,0.7391688888006183
Male,0,Yes,72,Yes,No,Fiber optic,105,No,1,1,1,0,1,0,False,True,1.6137012404433893,1.3373839400873468
Male,1,No,7,Yes,No,Fiber optic,96,Yes,1,0,1,0,1,1,False,False,-1.0331224013585834,1.0382764144439827
Male,0,No,37,Yes,No,DSL,67,No,1,0,1,0,0,0,False,False,0.18848851024232702,0.07448549848203097
Male,0,Yes,31,Yes,Yes,Fiber optic,26,No,1,1,1,1,1,0,False,False,-0.055833672077855064,-1.288115451671073
Female,0,No,1,Yes,No,DSL,70,Yes,0,0,1,0,0,1,True,False,-1.2774445836787656,0.17418800702981907
Female,1,No,72,Yes,Yes,Fiber optic,112,No,0,0,1,1,1,0,False,False,1.6137012404433893,1.5700231266988525
Female,0,Yes,32,Yes,Yes,Fiber optic,61,No,0,1,1,1,1,0,False,True,-0.015113308357824713,-0.12491951861354524
Male,0,No,46,Yes,No,DSL,73,No,1,0,1,0,0,0,False,False,0.5549717837226001,0.2738905155776072
Female,0,No,27,Yes,Yes,DSL,96,No,0,0,1,1,0,0,False,True,-0.21871512695797646,1.0382764144439827
Male,0,Yes,69,Yes,No,DSL,21,No,1,1,1,0,0,0,True,False,1.4915401492832983,-1.45428629925072
Female,1,No,4,Yes,Yes,Fiber optic,89,Yes,0,0,1,1,1,1,True,False,-1.1552834925186746,0.805637227832477
Male,0,No,14,Yes,No,DSL,93,No,1,0,1,0,0,0,False,False,-0.748079855318371,0.9385739058961945
Female,0,No,32,Yes,No,DSL,20,No,0,0,1,0,0,0,False,False,-0.015113308357824713,-1.4875204687666492
Male,0,No,67,Yes,No,DSL,19,No,1,0,1,0,0,0,False,False,1.4100994218432374,-1.5207546382825785
Female,0,No,1,Yes,Yes,DSL,20,No,0,0,1,1,0,0,False,True,-1.2774445836787656,-1.4875204687666492
Male,0,No,43,Yes,Yes,Fiber optic,91,No,1,0,1,1,1,0,False,False,0.43281069256250915,0.8721055668643357
Male,0,No,21,Yes,No,Fiber optic,20,No,1,0,1,0,1,0,False,False,-0.46303730927815856,-1.4875204687666492
Male,0,No,2,Yes,No,Fiber optic,49,No,1,0,1,0,1,0,False,False,-1.2367242199587352,-0.5237295528046976
Female,0,No,12,No,Yes,DSL,50,No,0,0,0,1,0,0,False,True,-0.8295205827584317,-0.49049538328876824
Female,0,No,28,No,No,DSL,36,No,0,0,0,0,0,0,True,False,-0.1779947632379461,-0.9557737565117794
Female,1,No,30,Yes,No,DSL,104,No,0,0,1,0,0,0,False,False,-0.0965540357978854,1.3041497705714176
Male,0,No,16,Yes,No,Fiber optic,89,Yes,1,0,1,0,1,1,False,False,-0.6666391278783103,0.805637227832477
Male,0,Yes,31,Yes,No,DSL,79,Yes,1,1,1,0,0,1,False,True,-0.055833672077855064,0.47329553267318336
Female,0,Yes,14,Yes,No,DSL,59,No,0,1,1,0,0,0,False,False,-0.748079855318371,-0.19138785764540397
Female,1,No,72,Yes,No,Fiber optic,110,No,0,0,1,0,1,0,False,False,1.6137012404433893,1.5035547876669937
Female,0,Yes,53,Yes,No,DSL,21,No,0,1,1,0,0,0,True,False,0.8400143297628127,-1.45428629925072
Male,0,No,68,No,Yes,Fiber optic,40,No,1,0,0,1,1,0,True,False,1.4508197855632678,-0.8228370784480619
Female,0,No,50,Yes,No,DSL,90,No,0,0,1,0,0,0,True,False,0.7178532386027215,0.8388713973484064
Female,1,No,70,Yes,No,DSL,106,No,0,0,1,0,0,0,False,False,1.5322605130033284,1.3706181096032763
Female,0,No,65,Yes,No,DSL,60,No,0,0,1,0,0,0,True,False,1.3286586944031769,-0.15815368812947458
Female,0,No,1,Yes,Yes,DSL,70,Yes,0,0,1,1,0,1,False,True,-1.2774445836787656,0.17418800702981907
Female,0,No,36,Yes,No,DSL,95,No,0,0,1,0,0,0,False,False,0.14776814652229667,1.0050422449280532
Female,0,No,57,No,No,Fiber optic,59,No,0,0,0,0,1,0,False,False,1.002895784642934,-0.19138785764540397
Female,0,No,9,Yes,Yes,DSL,88,No,0,0,1,1,0,0,False,True,-0.9516816739185228,0.7724030583165477
Male,0,Yes,3,Yes,Yes,DSL,55,Yes,1,1,1,1,0,1,False,False,-1.1960038562387048,-0.32432453570912145
Female,0,Yes,19,Yes,No,Fiber optic,25,No,0,1,1,0,1,0,False,True,-0.5444780367182193,-1.3213496211870024
Female,0,No,68,Yes,No,DSL,119,No,0,0,1,0,0,0,False,False,1.4508197855632678,1.802662313310358
Male,1,No,29,Yes,No,DSL,96,Yes,1,0,1,0,0,1,False,True,-0.13727439951791576,1.0382764144439827
Female,1,No,17,Yes,Yes,DSL,83,No,0,0,1,1,0,0,False,False,-0.62591876415828,0.6062322107369008
Male,1,No,71,Yes,No,Fiber optic,115,No,1,0,1,0,1,0,True,False,1.5729808767233588,1.6697256352466405
Male,0,Yes,1,Yes,Yes,Fiber optic,89,Yes,1,1,1,1,1,1,False,False,-1.2774445836787656,0.805637227832477
Female,0,Yes,49,Yes,No,DSL,79,No,0,1,1,0,0,0,False,False,0.6771328748826912,0.47329553267318336
Female,0,No,13,Yes,Yes,Fiber optic,84,Yes,0,0,1,1,1,1,True,False,-0.7888002190384014,0.6394663802528302
Male,0,No,39,Yes,No,DSL,100,No,1,0,1,0,0,0,False,False,0.26992923768238775,1.1712130925077
Female,0,Yes,49,Yes,No,Fiber optic,20,No,0,1,1,0,1,0,False,False,0.6771328748826912,-1.4875204687666492
Female,0,Yes,22,Yes,No,Fiber optic,85,No,0,1,1,0,1,0,False,False,-0.4223169455581282,0.6727005497687596
Male,0,Yes,61,Yes,No,DSL,68,No,1,1,1,0,0,0,False,True,1.1657772395230555,0.10771966799796033
Male,0,No,1,Yes,Yes,DSL,21,Yes,1,0,1,1,0,1,True,False,-1.2774445836787656,-1.45428629925072
Female,0,No,2,Yes,Yes,DSL,104,Yes,0,0,1,1,0,1,True,False,-1.2367242199587352,1.3041497705714176
Female,0,Yes,7,Yes,Yes,Fiber optic,20,No,0,1,1,1,1,0,True,False,-1.0331224013585834,-1.4875204687666492
Male,1,No,71,Yes,No,DSL,25,No,1,0,1,0,0,0,True,False,1.5729808767233588,-1.3213496211870024
Male,0,No,17,Yes,No,DSL,20,No,1,0,1,0,0,0,False,False,-0.62591876415828,-1.4875204687666492
Female,0,No,3,Yes,Yes,Fiber optic,76,Yes,0,0,1,1,1,1,True,False,-1.1960038562387048,0.37359302412539525
Male,0,No,72,Yes,No,DSL,25,No,1,0,1,0,0,0,True,False,1.6137012404433893,-1.3213496211870024
Male,1,No,40,Yes,No,DSL,56,No,1,0,1,0,0,0,False,True,0.3106496014024181,-0.29109036619319206
Male,0,No,14,Yes,Yes,Fiber optic,20,No,1,0,1,1,1,0,False,False,-0.748079855318371,-1.4875204687666492
Female,0,No,65,Yes,Yes,Fiber optic,108,No,0,0,1,1,1,0,False,False,1.3286586944031769,1.437086448635135
Female,0,No,47,Yes,Yes,DSL,100,No,0,0,1,1,0,0,False,True,0.5956921474426305,1.1712130925077
Male,0,No,25,Yes,No,DSL,20,No,1,0,1,0,0,0,False,False,-0.30015585439803716,-1.4875204687666492
Male,1,No,2,Yes,Yes,Fiber optic,73,No,1,0,1,1,1,0,False,True,-1.2367242199587352,0.2738905155776072
Male,1,No,46,No,No,Fiber optic,60,Yes,1,0,0,0,1,1,False,False,0.5549717837226001,-0.15815368812947458
Female,0,Yes,55,Yes,No,DSL,21,No,0,1,1,0,0,0,True,False,0.9214550572028734,-1.45428629925072
Female,0,No,63,Yes,No,DSL,110,No,0,0,1,0,0,0,False,False,1.247217966963116,1.5035547876669937
Male,0,Yes,62,Yes,Yes,Fiber optic,86,No,1,1,1,1,1,0,False,True,1.2064976032430856,0.7059347192846889
Female,0,No,48,No,Yes,DSL,45,Yes,0,0,0,1,0,1,False,True,0.6364125111626608,-0.6566662308684151
Male,0,No,18,Yes,No,Fiber optic,78,No,1,0,1,0,1,0,False,False,-0.5851984004382496,0.44006136315725397
Male,0,No,71,Yes,Yes,Fiber optic,86,No,1,0,1,1,1,0,False,False,1.5729808767233588,0.7059347192846889
Male,0,Yes,35,Yes,No,Fiber optic,90,No,1,1,1,0,1,0,False,False,0.10704778280226633,0.8388713973484064
Female,0,No,27,Yes,No,DSL,57,No,0,0,1,0,0,0,False,False,-0.21871512695797646,-0.2578561966772627
Male,0,Yes,68,Yes,No,Fiber optic,92,No,1,1,1,0,1,0,False,False,1.4508197855632678,0.9053397363802651
Female,0,No,3,Yes,Yes,DSL,20,No,0,0,1,1,0,0,False,True,-1.1960038562387048,-1.4875204687666492
Female,0,No,39,Yes,No,Fiber optic,21,No,0,0,1,0,1,0,False,False,0.26992923768238775,-1.45428629925072
Female,0,No,53,Yes,No,DSL,94,No,0,0,1,0,0,0,True,False,0.8400143297628127,0.9718080754121239
Female,0,Yes,28,Yes,No,DSL,90,Yes,0,1,1,0,0,1,False,False,-0.1779947632379461,0.8388713973484064
Male,0,No,5,Yes,No,DSL,75,No,1,0,1,0,0,0,True,False,-1.1145631287986442,0.3403588546094659
Male,0,No,10,Yes,No,DSL,20,No,1,0,1,0,0,0,False,False,-0.9109613101984924,-1.4875204687666492
Male,0,No,50,No,No,DSL,35,No,1,0,0,0,0,0,False,True,0.7178532386027215,-0.9890079260277087
Male,0,No,19,Yes,No,DSL,79,No,1,0,1,0,0,0,False,True,-0.5444780367182193,0.47329553267318336
Male,0,Yes,17,Yes,No,Fiber optic,70,No,1,1,1,0,1,0,False,False,-0.62591876415828,0.17418800702981907
Male,0,No,20,Yes,No,Fiber optic,52,No,1,0,1,0,1,0,False,False,-0.5037576729981889,-0.4240270442569095
Female,0,Yes,63,Yes,Yes,Fiber optic,20,No,0,1,1,1,1,0,False,True,1.247217966963116,-1.4875204687666492
Male,0,No,72,Yes,No,DSL,87,No,1,0,1,0,0,0,False,False,1.6137012404433893,0.7391688888006183
Male,0,No,52,Yes,No,Fiber optic,92,No,1,0,1,0,1,0,False,False,0.7992939660427822,0.9053397363802651
Female,0,Yes,59,Yes,No,DSL,20,No,0,1,1,0,0,0,False,False,1.0843365120829946,-1.4875204687666492
Male,0,Yes,30,Yes,Yes,Fiber optic,64,No,1,1,1,1,1,0,False,False,-0.0965540357978854,-0.025217010065757134
Female,1,No,19,Yes,No,DSL,95,No,0,0,1,0,0,0,False,False,-0.5444780367182193,1.0050422449280532
Male,0,Yes,47,Yes,Yes,DSL,113,No,1,1,1,1,0,0,False,True,0.5956921474426305,1.6032572962147817
Male,0,No,43,No,No,DSL,44,No,1,0,0,0,0,0,False,False,0.43281069256250915,-0.6899004003843444
Male,0,No,57,No,Yes,DSL,58,No,1,0,0,1,0,0,False,True,1.002895784642934,-0.22462202716133334
Male,0,No,59,Yes,Yes,Fiber optic,54,No,1,0,1,1,1,0,True,False,1.0843365120829946,-0.3575587052250508
Female,0,No,12,Yes,Yes,Fiber optic,85,No,0,0,1,1,1,0,False,False,-0.8295205827584317,0.6727005497687596
Male,0,No,43,Yes,No,Fiber optic,56,No,1,0,1,0,1,0,False,False,0.43281069256250915,-0.29109036619319206
Male,0,No,64,Yes,Yes,Fiber optic,87,No,1,0,1,1,1,0,False,False,1.2879383306831464,0.7391688888006183
Male,0,Yes,6,Yes,Yes,DSL,20,No,1,1,1,1,0,0,True,False,-1.0738427650786138,-1.4875204687666492
Male,1,No,1,Yes,Yes,DSL,70,Yes,1,0,1,1,0,1,False,True,-1.2774445836787656,0.17418800702981907
Male,0,Yes,17,Yes,No,Fiber optic,25,No,1,1,1,0,1,0,False,False,-0.62591876415828,-1.3213496211870024
Female,1,No,60,Yes,No,DSL,106,Yes,0,0,1,0,0,1,False,False,1.125056875803025,1.3706181096032763
Male,0,Yes,72,Yes,Yes,DSL,114,No,1,1,1,1,0,0,True,False,1.6137012404433893,1.6364914657307112
Male,0,No,5,No,No,DSL,43,Yes,1,0,0,0,0,1,False,False,-1.1145631287986442,-0.7231345699002738
Female,0,Yes,65,Yes,No,DSL,109,No,0,1,1,0,0,0,True,False,1.3286586944031769,1.4703206181510644
Male,0,No,6,Yes,No,DSL,59,No,1,0,1,0,0,0,False,True,-1.0738427650786138,-0.19138785764540397
Male,0,No,4,Yes,Yes,Fiber optic,74,Yes,1,0,1,1,1,1,False,True,-1.1552834925186746,0.3071246850935365
Female,0,Yes,20,Yes,No,DSL,106,Yes,0,1,1,0,0,1,True,False,-0.5037576729981889,1.3706181096032763
Female,0,No,61,Yes,Yes,Fiber optic,24,No,0,0,1,1,1,0,False,True,1.1657772395230555,-1.3545837907029317
Female,1,No,65,Yes,Yes,DSL,105,Yes,0,0,1,1,0,1,False,True,1.3286586944031769,1.3373839400873468
Female,0,No,72,Yes,No,Fiber optic,116,No,0,0,1,0,1,0,False,False,1.6137012404433893,1.7029598047625698
Female,1,No,8,Yes,Yes,Fiber optic,106,Yes,0,0,1,1,1,1,False,False,-0.9924020376385531,1.3706181096032763
Female,0,No,12,Yes,No,DSL,74,Yes,0,0,1,0,0,1,False,False,-0.8295205827584317,0.3071246850935365
Female,1,No,43,Yes,No,DSL,108,Yes,0,0,1,0,0,1,True,False,0.43281069256250915,1.437086448635135
Female,1,No,30,No,No,Fiber optic,40,Yes,0,0,0,0,1,1,True,False,-0.0965540357978854,-0.8228370784480619
Male,0,No,58,Yes,No,DSL,81,No,1,0,1,0,0,0,False,False,1.0436161483629645,0.5397638717050421
Female,0,No,46,Yes,No,DSL,71,No,0,0,1,0,0,0,False,True,0.5549717837226001,0.20742217654574843
Male,0,No,24,Yes,No,DSL,94,No,1,0,1,0,0,0,False,False,-0.3408762181180675,0.9718080754121239
Male,0,Yes,49,No,No,Fiber optic,52,Yes,1,1,0,0,1,1,False,False,0.6771328748826912,-0.4240270442569095
Male,1,No,4,Yes,No,DSL,71,No,1,0,1,0,0,0,False,True,-1.1552834925186746,0.20742217654574843
Male,0,Yes,10,Yes,No,DSL,50,No,1,1,1,0,0,0,True,False,-0.9109613101984924,-0.49049538328876824
Male,0,Yes,54,Yes,Yes,Fiber optic,55,Yes,1,1,1,1,1,1,False,False,0.880734693482843,-0.32432453570912145
Female,0,No,50,No,No,DSL,40,No,0,0,0,0,0,0,False,False,0.7178532386027215,-0.8228370784480619
Female,0,Yes,48,Yes,Yes,DSL,82,Yes,0,1,1,1,0,1,False,True,0.6364125111626608,0.5729980412209714
Female,0,No,30,Yes,Yes,Fiber optic,85,Yes,0,0,1,1,1,1,False,False,-0.0965540357978854,0.6727005497687596
Female,0,Yes,3,Yes,No,DSL,64,No,0,1,1,0,0,0,True,False,-1.1960038562387048,-0.025217010065757134
Female,0,Yes,1,Yes,No,Fiber optic,20,Yes,0,1,1,0,1,1,False,False,-1.2774445836787656,-1.4875204687666492
Female,0,Yes,48,No,No,Fiber optic,46,No,0,1,0,0,1,0,False,False,0.6364125111626608,-0.6234320613524857
Female,0,No,29,Yes,No,DSL,66,No,0,0,1,0,0,0,True,False,-0.13727439951791576,0.0412513289661016
Female,0,No,3,Yes,No,DSL,20,No,0,0,1,0,0,0,False,True,-1.1960038562387048,-1.4875204687666492
Female,0,No,14,Yes,No,DSL,59,No,0,0,1,0,0,0,False,False,-0.748079855318371,-0.19138785764540397
Female,1,No,49,Yes,No,Fiber optic,102,No,0,0,1,0,1,0,False,False,0.6771328748826912,1.2376814315395588
Female,0,Yes,69,Yes,No,DSL,19,No,0,1,1,0,0,0,False,False,1.4915401492832983,-1.5207546382825785
Female,0,Yes,72,No,No,DSL,54,No,0,1,0,0,0,0,True,False,1.6137012404433893,-0.3575587052250508
Female,0,Yes,66,Yes,No,DSL,58,No,0,1,1,0,0,0,False,False,1.369379058123207,-0.22462202716133334
Male,0,Yes,53,Yes,No,DSL,96,No,1,1,1,0,0,0,True,False,0.8400143297628127,1.0382764144439827
Male,1,No,15,Yes,Yes,Fiber optic,86,Yes,1,0,1,1,1,1,False,False,-0.7073594915983407,0.7059347192846889
Female,0,No,10,No,Yes,Fiber optic,30,No,0,0,0,1,1,0,False,False,-0.9109613101984924,-1.1551787736073555
Male,0,No,27,Yes,Yes,Fiber optic,50,No,1,0,1,1,1,0,False,False,-0.21871512695797646,-0.49049538328876824
Female,0,No,72,Yes,No,DSL,73,No,0,0,1,0,0,0,True,False,1.6137012404433893,0.2738905155776072
Male,0,No,21,Yes,Yes,DSL,55,No,1,0,1,1,0,0,False,True,-0.46303730927815856,-0.32432453570912145
Female,0,No,1,Yes,Yes,Fiber optic,55,Yes,0,0,1,1,1,1,True,False,-1.2774445836787656,-0.32432453570912145
Male,0,No,55,Yes,No,DSL,59,No,1,0,1,0,0,0,False,False,0.9214550572028734,-0.19138785764540397
Female,0,Yes,58,Yes,No,DSL,20,No,0,1,1,0,0,0,False,False,1.0436161483629645,-1.4875204687666492
Female,1,No,6,Yes,No,DSL,74,Yes,0,0,1,0,0,1,False,False,-1.0738427650786138,0.3071246850935365
Female,0,No,12,Yes,No,DSL,20,No,0,0,1,0,0,0,False,False,-0.8295205827584317,-1.4875204687666492
Female,0,No,18,No,No,Fiber optic,40,No,0,0,0,0,1,0,True,False,-0.5851984004382496,-0.8228370784480619
Male,0,No,3,Yes,Yes,Fiber optic,70,No,1,0,1,1,1,0,False,True,-1.1960038562387048,0.17418800702981907
Male,0,Yes,55,Yes,Yes,Fiber optic,59,No,1,1,1,1,1,0,False,False,0.9214550572028734,-0.19138785764540397
Male,0,No,4,Yes,Yes,Fiber optic,75,Yes,1,0,1,1,1,1,False,False,-1.1552834925186746,0.3403588546094659
Female,1,No,10,No,No,DSL,35,Yes,0,0,0,0,0,1,False,False,-0.9109613101984924,-0.9890079260277087
Female,1,No,70,Yes,Yes,Fiber optic,91,No,0,0,1,1,1,0,False,False,1.5322605130033284,0.8721055668643357
Female,0,No,50,Yes,No,DSL,20,No,0,0,1,0,0,0,False,False,0.7178532386027215,-1.4875204687666492
Male,0,Yes,72,Yes,No,DSL,24,No,1,1,1,0,0,0,False,False,1.6137012404433893,-1.3545837907029317
Male,1,No,66,Yes,Yes,Fiber optic,111,Yes,1,0,1,1,1,1,False,False,1.369379058123207,1.536788957182923
Male,1,No,2,Yes,Yes,Fiber optic,94,Yes,1,0,1,1,1,1,False,False,-1.2367242199587352,0.9718080754121239
Female,0,Yes,44,Yes,No,DSL,78,No,0,1,1,0,0,0,False,False,0.47353105628253944,0.44006136315725397
Male,0,No,56,Yes,Yes,Fiber optic,25,Yes,1,0,1,1,1,1,False,False,0.9621754209229036,-1.3213496211870024
Male,0,No,6,Yes,No,DSL,50,No,1,0,1,0,0,0,False,False,-1.0738427650786138,-0.49049538328876824
Male,0,No,25,Yes,No,DSL,21,No,1,0,1,0,0,0,False,True,-0.30015585439803716,-1.45428629925072
Male,0,No,6,Yes,Yes,DSL,21,No,1,0,1,1,0,0,False,False,-1.0738427650786138,-1.45428629925072
Male,0,No,1,Yes,No,DSL,45,Yes,1,0,1,0,0,1,False,False,-1.2774445836787656,-0.6566662308684151
Female,0,No,53,Yes,No,DSL,106,Yes,0,0,1,0,0,1,False,False,0.8400143297628127,1.3706181096032763
Female,0,No,14,Yes,No,DSL,106,Yes,0,0,1,0,0,1,False,False,-0.748079855318371,1.3706181096032763
Male,0,Yes,66,No,Yes,Fiber optic,55,No,1,1,0,1,1,0,True,False,1.369379058123207,-0.32432453570912145
Male,0,No,68,Yes,No,DSL,100,No,1,0,1,0,0,0,False,False,1.4508197855632678,1.1712130925077
Female,0,No,28,Yes,No,DSL,55,No,0,0,1,0,0,0,False,False,-0.1779947632379461,-0.32432453570912145
Female,0,Yes,3,No,No,Fiber optic,30,Yes,0,1,0,0,1,1,False,False,-1.1960038562387048,-1.1551787736073555
Female,0,No,24,Yes,Yes,DSL,95,No,0,0,1,1,0,0,True,False,-0.3408762181180675,1.0050422449280532
Female,0,No,9,No,No,DSL,41,No,0,0,0,0,0,0,True,False,-0.9516816739185228,-0.7896029089321326
Male,0,No,22,Yes,No,Fiber optic,20,No,1,0,1,0,1,0,False,False,-0.4223169455581282,-1.4875204687666492
Female,0,No,56,Yes,No,Fiber optic,105,No,0,0,1,0,1,0,False,False,0.9621754209229036,1.3373839400873468
Male,0,Yes,21,Yes,Yes,DSL,46,No,1,1,1,1,0,0,True,False,-0.46303730927815856,-0.6234320613524857
Male,1,No,16,Yes,No,DSL,87,Yes,1,0,1,0,0,1,False,False,-0.6666391278783103,0.7391688888006183
Male,0,Yes,72,Yes,No,DSL,25,No,1,1,1,0,0,0,False,False,1.6137012404433893,-1.3213496211870024
Male,0,No,1,Yes,No,DSL,45,No,1,0,1,0,0,0,True,False,-1.2774445836787656,-0.6566662308684151
Female,0,Yes,32,Yes,No,DSL,99,No,0,1,1,0,0,0,False,False,-0.015113308357824713,1.1379789229917707
Female,0,No,1,Yes,No,DSL,20,No,0,0,1,0,0,0,True,False,-1.2774445836787656,-1.4875204687666492
Female,0,No,25,Yes,Yes,Fiber optic,19,No,0,0,1,1,1,0,False,False,-0.30015585439803716,-1.5207546382825785
Female,0,Yes,17,Yes,No,DSL,62,No,0,1,1,0,0,0,False,False,-0.62591876415828,-0.09168534909761586
Male,0,No,33,Yes,No,Fiber optic,96,Yes,1,0,1,0,1,1,False,False,0.025607055362205634,1.0382764144439827
Male,0,Yes,14,Yes,No,Fiber optic,69,No,1,1,1,0,1,0,False,True,-0.748079855318371,0.1409538375138897
Female,0,No,72,No,Yes,DSL,66,No,0,0,0,1,0,0,False,True,1.6137012404433893,0.0412513289661016
Male,0,No,47,Yes,No,DSL,103,No,1,0,1,0,0,0,False,False,0.5956921474426305,1.270915601055488
Female,0,No,39,Yes,Yes,Fiber optic,105,Yes,0,0,1,1,1,1,False,False,0.26992923768238775,1.3373839400873468
Female,0,No,6,Yes,Yes,Fiber optic,21,No,0,0,1,1,1,0,False,False,-1.0738427650786138,-1.45428629925072
Female,0,Yes,11,Yes,Yes,DSL,21,No,0,1,1,1,0,0,False,True,-0.8702409464784621,-1.45428629925072
Female,1,No,20,Yes,Yes,DSL,91,No,0,0,1,1,0,0,True,False,-0.5037576729981889,0.8721055668643357
Male,0,Yes,62,Yes,No,DSL,106,No,1,1,1,0,0,0,False,False,1.2064976032430856,1.3706181096032763
Male,0,No,1,No,No,Fiber optic,24,Yes,1,0,0,0,1,1,False,False,-1.2774445836787656,-1.3545837907029317
Male,0,Yes,34,No,Yes,Fiber optic,41,No,1,1,0,1,1,0,False,False,0.06632741908223598,-0.7896029089321326
Male,0,Yes,28,Yes,No,Fiber optic,85,No,1,1,1,0,1,0,False,False,-0.1779947632379461,0.6727005497687596
Male,0,Yes,42,No,No,DSL,45,No,1,1,0,0,0,0,False,False,0.3920903288424788,-0.6566662308684151
Female,1,No,24,No,No,DSL,41,Yes,0,0,0,0,0,1,True,False,-0.3408762181180675,-0.7896029089321326
Female,0,No,55,Yes,No,DSL,73,No,0,0,1,0,0,0,False,False,0.9214550572028734,0.2738905155776072
Male,0,No,36,Yes,Yes,Fiber optic,85,Yes,1,0,1,1,1,1,False,False,0.14776814652229667,0.6727005497687596
Male,0,No,24,Yes,No,Fiber optic,56,Yes,1,0,1,0,1,1,True,False,-0.3408762181180675,-0.29109036619319206
Female,0,No,25,Yes,Yes,DSL,66,No,0,0,1,1,0,0,False,False,-0.30015585439803716,0.0412513289661016
Female,0,Yes,33,Yes,Yes,DSL,20,No,0,1,1,1,0,0,False,True,0.025607055362205634,-1.4875204687666492
Female,1,No,1,Yes,Yes,DSL,78,Yes,0,0,1,1,0,1,True,False,-1.2774445836787656,0.44006136315725397
Female,1,No,2,Yes,No,DSL,70,Yes,0,0,1,0,0,1,True,False,-1.2367242199587352,0.17418800702981907
Male,0,Yes,39,Yes,No,DSL,101,No,1,1,1,0,0,0,False,True,0.26992923768238775,1.2044472620236295
Male,0,No,55,No,No,Fiber optic,55,Yes,1,0,0,0,1,1,False,False,0.9214550572028734,-0.32432453570912145
Female,0,Yes,72,Yes,No,DSL,71,No,0,1,1,0,0,0,False,False,1.6137012404433893,0.20742217654574843
Female,0,Yes,70,Yes,No,Fiber optic,74,No,0,1,1,0,1,0,True,False,1.5322605130033284,0.3071246850935365
Female,0,No,4,Yes,No,DSL,69,Yes,0,0,1,0,0,1,False,False,-1.1552834925186746,0.1409538375138897
Male,0,No,7,Yes,Yes,Fiber optic,85,Yes,1,0,1,1,1,1,False,False,-1.0331224013585834,0.6727005497687596
Female,0,Yes,54,Yes,No,DSL,20,No,0,1,1,0,0,0,False,False,0.880734693482843,-1.4875204687666492
Female,0,Yes,31,Yes,No,DSL,104,Yes,0,1,1,0,0,1,True,False,-0.055833672077855064,1.3041497705714176
Female,1,Yes,60,Yes,No,DSL,75,No,0,1,1,0,0,0,False,False,1.125056875803025,0.3403588546094659
Female,0,No,1,Yes,No,DSL,50,No,0,0,1,0,0,0,False,False,-1.2774445836787656,-0.49049538328876824
Male,1,No,65,Yes,No,Fiber optic,71,No,1,0,1,0,1,0,True,False,1.3286586944031769,0.20742217654574843
Female,0,No,12,Yes,No,DSL,20,No,0,0,1,0,0,0,False,True,-0.8295205827584317,-1.4875204687666492
Male,0,Yes,72,No,No,Fiber optic,65,No,1,1,0,0,1,0,False,False,1.6137012404433893,0.008017159450172232
Female,0,No,7,Yes,No,Fiber optic,19,No,0,0,1,0,1,0,True,False,-1.0331224013585834,-1.5207546382825785
Female,1,No,44,Yes,No,DSL,85,No,0,0,1,0,0,0,False,True,0.47353105628253944,0.6727005497687596
Male,1,No,7,Yes,No,Fiber optic,89,No,1,0,1,0,1,0,False,False,-1.0331224013585834,0.805637227832477
Male,0,No,12,Yes,No,DSL,25,No,1,0,1,0,0,0,False,True,-0.8295205827584317,-1.3213496211870024
Male,0,No,62,Yes,No,DSL,60,No,1,0,1,0,0,0,True,False,1.2064976032430856,-0.15815368812947458
Male,0,Yes,4,Yes,No,DSL,20,No,1,1,1,0,0,0,False,False,-1.1552834925186746,-1.4875204687666492
Female,0,No,5,Yes,Yes,DSL,64,No,0,0,1,1,0,0,False,True,-1.1145631287986442,-0.025217010065757134
Female,0,No,2,Yes,No,DSL,76,Yes,0,0,1,0,0,1,True,False,-1.2367242199587352,0.37359302412539525
Male,0,No,1,Yes,Yes,Fiber optic,70,Yes,1,0,1,1,1,1,False,True,-1.2774445836787656,0.17418800702981907
Female,0,Yes,40,Yes,No,DSL,71,No,0,1,1,0,0,0,False,False,0.3106496014024181,0.20742217654574843
Female,0,No,1,No,Yes,Fiber optic,36,No,0,0,0,1,1,0,True,False,-1.2774445836787656,-0.9557737565117794
Male,0,Yes,25,Yes,Yes,Fiber optic,20,No,1,1,1,1,1,0,False,False,-0.30015585439803716,-1.4875204687666492
Male,0,No,6,Yes,No,Fiber optic,56,No,1,0,1,0,1,0,False,False,-1.0738427650786138,-0.29109036619319206
Male,0,No,41,Yes,Yes,Fiber optic,74,No,1,0,1,1,1,0,False,False,0.35136996512244845,0.3071246850935365
Male,0,Yes,9,Yes,No,DSL,50,No,1,1,1,0,0,0,False,False,-0.9516816739185228,-0.49049538328876824
Male,1,No,1,Yes,Yes,Fiber optic,75,Yes,1,0,1,1,1,1,False,False,-1.2774445836787656,0.3403588546094659
Female,0,No,22,Yes,Yes,DSL,76,No,0,0,1,1,0,0,False,True,-0.4223169455581282,0.37359302412539525
Female,0,No,38,Yes,Yes,Fiber optic,89,No,0,0,1,1,1,0,False,False,0.22920887396235737,0.805637227832477
Male,0,No,23,Yes,No,DSL,99,Yes,1,0,1,0,0,1,False,False,-0.38159658183809786,1.1379789229917707
Male,0,Yes,60,Yes,No,Fiber optic,77,No,1,1,1,0,1,0,False,False,1.125056875803025,0.40682719364132464
Female,0,No,47,Yes,No,DSL,66,No,0,0,1,0,0,0,False,False,0.5956921474426305,0.0412513289661016
Female,0,Yes,72,Yes,Yes,Fiber optic,93,No,0,1,1,1,1,0,False,False,1.6137012404433893,0.9385739058961945
Male,0,Yes,70,Yes,No,DSL,106,No,1,1,1,0,0,0,True,False,1.5322605130033284,1.3706181096032763
Male,0,No,1,Yes,Yes,Fiber optic,71,No,1,0,1,1,1,0,False,True,-1.2774445836787656,0.20742217654574843
Female,0,Yes,4,Yes,Yes,Fiber optic,86,Yes,0,1,1,1,1,1,False,False,-1.1552834925186746,0.7059347192846889
Female,0,No,8,Yes,No,DSL,76,No,0,0,1,0,0,0,False,False,-0.9924020376385531,0.37359302412539525
Male,0,Yes,71,Yes,Yes,DSL,114,No,1,1,1,1,0,0,False,True,1.5729808767233588,1.6364914657307112
Female,0,No,2,Yes,Yes,Fiber optic,80,Yes,0,0,1,1,1,1,False,False,-1.2367242199587352,0.5065297021891128
Male,0,Yes,34,Yes,Yes,Fiber optic,20,No,1,1,1,1,1,0,False,False,0.06632741908223598,-1.4875204687666492
Male,0,No,40,Yes,No,DSL,80,No,1,0,1,0,0,0,False,False,0.3106496014024181,0.5065297021891128
Male,0,No,20,Yes,No,DSL,19,No,1,0,1,0,0,0,False,True,-0.5037576729981889,-1.5207546382825785
Female,0,No,27,Yes,No,Fiber optic,89,No,0,0,1,0,1,0,False,False,-0.21871512695797646,0.805637227832477
Male,0,No,30,Yes,No,DSL,97,No,1,0,1,0,0,0,False,True,-0.0965540357978854,1.071510583959912
Female,0,No,9,Yes,Yes,Fiber optic,69,No,0,0,1,1,1,0,True,False,-0.9516816739185228,0.1409538375138897
Female,0,No,3,Yes,No,DSL,95,No,0,0,1,0,0,0,False,True,-1.1960038562387048,1.0050422449280532
Male,0,No,12,Yes,Yes,Fiber optic,25,No,1,0,1,1,1,0,False,False,-0.8295205827584317,-1.3213496211870024
Female,0,No,71,Yes,Yes,Fiber optic,86,No,0,0,1,1,1,0,False,False,1.5729808767233588,0.7059347192846889
Female,0,Yes,27,Yes,No,Fiber optic,24,No,0,1,1,0,1,0,False,False,-0.21871512695797646,-1.3545837907029317
Female,0,Yes,40,Yes,Yes,DSL,64,No,0,1,1,1,0,0,False,True,0.3106496014024181,-0.025217010065757134
Male,0,No,52,No,No,DSL,30,No,1,0,0,0,0,0,False,True,0.7992939660427822,-1.1551787736073555
Female,0,No,70,Yes,Yes,Fiber optic,95,No,0,0,1,1,1,0,False,True,1.5322605130033284,1.0050422449280532
Male,0,Yes,3,Yes,Yes,Fiber optic,71,No,1,1,1,1,1,0,False,False,-1.1960038562387048,0.20742217654574843
Male,0,Yes,10,Yes,No,DSL,24,No,1,1,1,0,0,0,False,False,-0.9109613101984924,-1.3545837907029317
Male,0,No,7,Yes,No,DSL,19,Yes,1,0,1,0,0,1,False,True,-1.0331224013585834,-1.5207546382825785
Male,0,No,61,Yes,No,DSL,96,No,1,0,1,0,0,0,False,False,1.1657772395230555,1.0382764144439827
Female,0,No,7,Yes,No,Fiber optic,63,No,0,0,1,0,1,0,False,False,-1.0331224013585834,-0.0584511795816865
Male,0,Yes,72,Yes,No,DSL,105,No,1,1,1,0,0,0,False,True,1.6137012404433893,1.3373839400873468
Male,0,No,1,Yes,Yes,DSL,20,No,1,0,1,1,0,0,False,True,-1.2774445836787656,-1.4875204687666492
Male,0,No,1,Yes,No,DSL,60,Yes,1,0,1,0,0,1,False,True,-1.2774445836787656,-0.15815368812947458
Male,1,No,3,Yes,No,DSL,77,Yes,1,0,1,0,0,1,False,False,-1.1960038562387048,0.40682719364132464
Male,0,Yes,25,Yes,No,DSL,26,No,1,1,1,0,0,0,False,False,-0.30015585439803716,-1.288115451671073
Female,0,Yes,1,No,No,DSL,30,Yes,0,1,0,0,0,1,False,False,-1.2774445836787656,-1.1551787736073555
Female,0,Yes,33,Yes,Yes,Fiber optic,79,No,0,1,1,1,1,0,False,True,0.025607055362205634,0.47329553267318336
Female,1,No,32,Yes,No,DSL,80,No,0,0,1,0,0,0,False,True,-0.015113308357824713,0.5065297021891128
Male,0,Yes,52,Yes,Yes,Fiber optic,25,No,1,1,1,1,1,0,False,False,0.7992939660427822,-1.3213496211870024
Female,1,No,28,Yes,Yes,Fiber optic,101,Yes,0,0,1,1,1,1,False,True,-0.1779947632379461,1.2044472620236295
Female,1,No,16,Yes,No,DSL,85,Yes,0,0,1,0,0,1,False,True,-0.6666391278783103,0.6727005497687596
Male,0,Yes,26,Yes,No,DSL,79,No,1,1,1,0,0,0,True,False,-0.2594354906780068,0.47329553267318336
Male,0,No,1,Yes,Yes,DSL,79,Yes,1,0,1,1,0,1,False,True,-1.2774445836787656,0.47329553267318336
Male,0,Yes,58,Yes,Yes,Fiber optic,82,No,1,1,1,1,1,0,False,False,1.0436161483629645,0.5729980412209714
Female,1,No,60,Yes,Yes,DSL,106,No,0,0,1,1,0,0,True,False,1.125056875803025,1.3706181096032763
Male,0,No,32,Yes,Yes,Fiber optic,91,No,1,0,1,1,1,0,False,False,-0.015113308357824713,0.8721055668643357
Female,0,No,18,Yes,Yes,Fiber optic,20,No,0,0,1,1,1,0,True,False,-0.5851984004382496,-1.4875204687666492
Male,0,No,1,Yes,No,Fiber optic,95,Yes,1,0,1,0,1,1,False,False,-1.2774445836787656,1.0050422449280532
Female,1,Yes,48,No,No,DSL,30,No,0,1,0,0,0,0,False,True,0.6364125111626608,-1.1551787736073555
Male,1,Yes,51,Yes,Yes,DSL,84,Yes,1,1,1,1,0,1,False,True,0.758573602322752,0.6394663802528302
Female,0,No,72,No,No,DSL,54,Yes,0,0,0,0,0,1,False,False,1.6137012404433893,-0.3575587052250508
Male,0,No,23,Yes,No,DSL,81,Yes,1,0,1,0,0,1,False,False,-0.38159658183809786,0.5397638717050421
Male,0,No,5,Yes,Yes,Fiber optic,81,Yes,1,0,1,1,1,1,False,False,-1.1145631287986442,0.5397638717050421
Male,1,No,11,Yes,No,DSL,20,Yes,1,0,1,0,0,1,False,True,-0.8702409464784621,-1.4875204687666492
Male,1,No,52,Yes,Yes,DSL,104,Yes,1,0,1,1,0,1,False,False,0.7992939660427822,1.3041497705714176
Female,0,No,41,Yes,No,DSL,50,No,0,0,1,0,0,0,True,False,0.35136996512244845,-0.49049538328876824
Female,0,No,63,Yes,No,Fiber optic,82,No,0,0,1,0,1,0,False,False,1.247217966963116,0.5729980412209714
Male,0,No,61,Yes,No,Fiber optic,106,No,1,0,1,0,1,0,False,False,1.1657772395230555,1.3706181096032763
Female,0,No,12,Yes,No,DSL,89,No,0,0,1,0,0,0,False,True,-0.8295205827584317,0.805637227832477
Female,0,No,1,Yes,Yes,Fiber optic,91,Yes,0,0,1,1,1,1,False,False,-1.2774445836787656,0.8721055668643357
Male,0,No,4,Yes,No,Fiber optic,20,No,1,0,1,0,1,0,False,False,-1.1552834925186746,-1.4875204687666492
Female,0,No,14,Yes,Yes,Fiber optic,80,No,0,0,1,1,1,0,False,True,-0.748079855318371,0.5065297021891128
Male,0,No,69,Yes,Yes,Fiber optic,24,No,1,0,1,1,1,0,True,False,1.4915401492832983,-1.3545837907029317
Male,0,No,44,No,No,DSL,54,No,1,0,0,0,0,0,True,False,0.47353105628253944,-0.3575587052250508
Female,1,No,13,Yes,No,DSL,101,Yes,0,0,1,0,0,1,False,True,-0.7888002190384014,1.2044472620236295
Male,0,Yes,9,Yes,No,Fiber optic,102,No,1,1,1,0,1,0,True,False,-0.9516816739185228,1.2376814315395588
Male,0,Yes,22,Yes,Yes,Fiber optic,20,No,1,1,1,1,1,0,False,True,-0.4223169455581282,-1.4875204687666492
Female,0,Yes,1,Yes,Yes,DSL,20,Yes,0,1,1,1,0,1,True,False,-1.2774445836787656,-1.4875204687666492
Male,1,No,1,No,No,DSL,43,Yes,1,0,0,0,0,1,False,False,-1.2774445836787656,-0.7231345699002738
Female,0,No,71,Yes,Yes,DSL,94,Yes,0,0,1,1,0,1,False,True,1.5729808767233588,0.9718080754121239
Female,0,Yes,42,Yes,No,DSL,23,No,0,1,1,0,0,0,False,False,0.3920903288424788,-1.3878179602188612
Male,0,No,1,Yes,No,DSL,80,Yes,1,0,1,0,0,1,False,False,-1.2774445836787656,0.5065297021891128
Male,0,No,1,Yes,Yes,Fiber optic,75,Yes,1,0,1,1,1,1,False,True,-1.2774445836787656,0.3403588546094659
Female,1,No,42,Yes,Yes,DSL,85,Yes,0,0,1,1,0,1,False,True,0.3920903288424788,0.6727005497687596
Female,0,Yes,8,Yes,Yes,DSL,56,No,0,1,1,1,0,0,False,True,-0.9924020376385531,-0.29109036619319206
Male,1,No,65,Yes,No,DSL,101,No,1,0,1,0,0,0,False,False,1.3286586944031769,1.2044472620236295
Male,0,No,20,Yes,No,Fiber optic,69,No,1,0,1,0,1,0,True,False,-0.5037576729981889,0.1409538375138897
Female,0,No,1,Yes,No,DSL,82,Yes,0,0,1,0,0,1,True,False,-1.2774445836787656,0.5729980412209714
Male,0,Yes,42,Yes,No,Fiber optic,69,No,1,1,1,0,1,0,False,False,0.3920903288424788,0.1409538375138897
Male,0,Yes,51,Yes,No,Fiber optic,24,No,1,1,1,0,1,0,False,False,0.758573602322752,-1.3545837907029317
Male,0,No,43,Yes,No,Fiber optic,80,No,1,0,1,0,1,0,False,False,0.43281069256250915,0.5065297021891128
Female,0,No,46,Yes,No,Fiber optic,94,No,0,0,1,0,1,0,False,False,0.5549717837226001,0.9718080754121239
Male,0,No,52,Yes,No,DSL,89,No,1,0,1,0,0,0,False,True,0.7992939660427822,0.805637227832477
Female,0,No,10,Yes,Yes,DSL,20,No,0,0,1,1,0,0,False,True,-0.9109613101984924,-1.4875204687666492
Male,1,No,35,Yes,No,Fiber optic,91,No,1,0,1,0,1,0,False,False,0.10704778280226633,0.8721055668643357
Male,0,Yes,66,Yes,No,DSL,66,No,1,1,1,0,0,0,False,False,1.369379058123207,0.0412513289661016
Female,0,Yes,52,Yes,No,DSL,96,No,0,1,1,0,0,0,False,True,0.7992939660427822,1.0382764144439827
Male,0,No,46,Yes,No,DSL,109,No,1,0,1,0,0,0,False,False,0.5549717837226001,1.4703206181510644
Male,0,Yes,50,Yes,Yes,Fiber optic,70,No,1,1,1,1,1,0,False,False,0.7178532386027215,0.17418800702981907
Male,0,No,13,Yes,No,Fiber optic,102,Yes,1,0,1,0,1,1,False,False,-0.7888002190384014,1.2376814315395588
Female,1,No,27,Yes,Yes,DSL,78,Yes,0,0,1,1,0,1,False,False,-0.21871512695797646,0.44006136315725397
Male,0,No,22,Yes,Yes,Fiber optic,101,No,1,0,1,1,1,0,False,True,-0.4223169455581282,1.2044472620236295
Male,0,No,71,Yes,Yes,Fiber optic,86,No,1,0,1,1,1,0,False,False,1.5729808767233588,0.7059347192846889
Male,0,No,26,Yes,No,DSL,45,No,1,0,1,0,0,0,False,True,-0.2594354906780068,-0.6566662308684151
Male,1,No,45,Yes,Yes,Fiber optic,94,No,1,0,1,1,1,0,False,False,0.5142514200025698,0.9718080754121239
Female,0,No,16,Yes,Yes,Fiber optic,19,No,0,0,1,1,1,0,False,False,-0.6666391278783103,-1.5207546382825785
Male,0,No,49,Yes,No,DSL,107,No,1,0,1,0,0,0,False,False,0.6771328748826912,1.4038522791192056
Female,0,Yes,14,Yes,Yes,Fiber optic,26,No,0,1,1,1,1,0,False,False,-0.748079855318371,-1.288115451671073
Male,1,No,17,Yes,Yes,Fiber optic,45,Yes,1,0,1,1,1,1,False,False,-0.62591876415828,-0.6566662308684151
Female,0,Yes,72,Yes,No,DSL,24,No,0,1,1,0,0,0,False,False,1.6137012404433893,-1.3545837907029317
Male,0,No,49,Yes,Yes,Fiber optic,95,No,1,0,1,1,1,0,False,False,0.6771328748826912,1.0050422449280532
Female,0,No,67,Yes,Yes,DSL,21,No,0,0,1,1,0,0,False,True,1.4100994218432374,-1.45428629925072
Female,0,No,29,No,No,DSL,31,No,0,0,0,0,0,0,False,False,-0.13727439951791576,-1.1219446040914263
Male,0,Yes,13,Yes,No,DSL,97,No,1,1,1,0,0,0,False,False,-0.7888002190384014,1.071510583959912
Female,0,Yes,72,Yes,No,DSL,110,No,0,1,1,0,0,0,False,True,1.6137012404433893,1.5035547876669937
Male,0,No,58,Yes,Yes,Fiber optic,50,No,1,0,1,1,1,0,False,True,1.0436161483629645,-0.49049538328876824
Male,0,Yes,72,Yes,No,Fiber optic,90,No,1,1,1,0,1,0,False,False,1.6137012404433893,0.8388713973484064
Female,1,No,1,Yes,Yes,Fiber optic,72,No,0,0,1,1,1,0,False,False,-1.2774445836787656,0.2406563460616778
Male,1,No,5,Yes,Yes,DSL,20,No,1,0,1,1,0,0,False,True,-1.1145631287986442,-1.4875204687666492
Female,0,Yes,34,Yes,No,Fiber optic,116,No,0,1,1,0,1,0,False,False,0.06632741908223598,1.7029598047625698
Female,0,Yes,72,Yes,Yes,Fiber optic,118,No,0,1,1,1,1,0,False,True,1.6137012404433893,1.7694281437944286
Male,1,No,51,Yes,No,DSL,94,No,1,0,1,0,0,0,False,False,0.758573602322752,0.9718080754121239
Female,0,Yes,4,Yes,Yes,Fiber optic,56,Yes,0,1,1,1,1,1,False,False,-1.1552834925186746,-0.29109036619319206
Male,0,No,4,Yes,No,DSL,86,Yes,1,0,1,0,0,1,False,False,-1.1552834925186746,0.7059347192846889
Female,1,No,24,Yes,No,DSL,94,Yes,0,0,1,0,0,1,False,False,-0.3408762181180675,0.9718080754121239
Female,1,No,31,No,Yes,Fiber optic,50,No,0,0,0,1,1,0,False,True,-0.055833672077855064,-0.49049538328876824
Male,0,No,1,Yes,Yes,Fiber optic,54,Yes,1,0,1,1,1,1,False,True,-1.2774445836787656,-0.3575587052250508
Male,1,No,1,Yes,No,DSL,45,Yes,1,0,1,0,0,1,True,False,-1.2774445836787656,-0.6566662308684151
Female,0,Yes,34,Yes,Yes,DSL,68,No,0,1,1,1,0,0,True,False,0.06632741908223598,0.10771966799796033
Female,1,No,22,Yes,No,Fiber optic,74,Yes,0,0,1,0,1,1,False,False,-0.4223169455581282,0.3071246850935365
Female,1,No,4,Yes,No,DSL,20,No,0,0,1,0,0,0,False,False,-1.1552834925186746,-1.4875204687666492
Male,0,No,72,Yes,Yes,DSL,101,No,1,0,1,1,0,0,False,True,1.6137012404433893,1.2044472620236295
Male,0,No,8,Yes,No,Fiber optic,20,No,1,0,1,0,1,0,False,False,-0.9924020376385531,-1.4875204687666492
Male,0,No,1,No,No,Fiber optic,24,Yes,1,0,0,0,1,1,False,False,-1.2774445836787656,-1.3545837907029317
Female,0,No,1,Yes,Yes,Fiber optic,80,Yes,0,0,1,1,1,1,False,False,-1.2774445836787656,0.5065297021891128
Female,0,No,1,Yes,Yes,DSL,26,No,0,0,1,1,0,0,False,True,-1.2774445836787656,-1.288115451671073
Female,0,No,9,Yes,No,DSL,91,Yes,0,0,1,0,0,1,True,False,-0.9516816739185228,0.8721055668643357
Male,1,No,33,Yes,Yes,DSL,101,No,1,0,1,1,0,0,True,False,0.025607055362205634,1.2044472620236295
Male,0,Yes,53,Yes,No,Fiber optic,105,No,1,1,1,0,1,0,False,False,0.8400143297628127,1.3373839400873468
Male,0,No,57,Yes,No,Fiber optic,87,No,1,0,1,0,1,0,False,False,1.002895784642934,0.7391688888006183
Female,0,No,60,Yes,No,DSL,79,No,0,0,1,0,0,0,False,False,1.125056875803025,0.47329553267318336
Male,0,No,72,No,Yes,Fiber optic,65,No,1,0,0,1,1,0,False,False,1.6137012404433893,0.008017159450172232
Male,1,No,32,Yes,No,DSL,94,No,1,0,1,0,0,0,False,True,-0.015113308357824713,0.9718080754121239
Male,1,No,48,Yes,No,DSL,99,No,1,0,1,0,0,0,True,False,0.6364125111626608,1.1379789229917707
Female,0,Yes,22,Yes,No,DSL,19,No,0,1,1,0,0,0,False,False,-0.4223169455581282,-1.5207546382825785
Female,0,Yes,65,No,Yes,DSL,45,No,0,1,0,1,0,0,False,False,1.3286586944031769,-0.6566662308684151
Female,0,No,65,Yes,Yes,Fiber optic,59,No,0,0,1,1,1,0,False,False,1.3286586944031769,-0.19138785764540397
Female,0,No,1,Yes,No,DSL,20,No,0,0,1,0,0,0,True,False,-1.2774445836787656,-1.4875204687666492
Female,1,No,66,Yes,No,DSL,101,No,0,0,1,0,0,0,True,False,1.369379058123207,1.2044472620236295
Male,0,No,71,Yes,Yes,DSL,105,No,1,0,1,1,0,0,False,False,1.5729808767233588,1.3373839400873468
Male,0,No,17,Yes,Yes,Fiber optic,70,Yes,1,0,1,1,1,1,True,False,-0.62591876415828,0.17418800702981907
Male,1,No,2,Yes,No,Fiber optic,45,Yes,1,0,1,0,1,1,False,False,-1.2367242199587352,-0.6566662308684151
Male,0,No,51,Yes,Yes,Fiber optic,96,No,1,0,1,1,1,0,False,False,0.758573602322752,1.0382764144439827
Male,0,No,20,Yes,Yes,Fiber optic,71,No,1,0,1,1,1,0,False,False,-0.5037576729981889,0.20742217654574843
Male,0,No,71,Yes,Yes,Fiber optic,110,No,1,0,1,1,1,0,True,False,1.5729808767233588,1.5035547876669937
Male,0,Yes,67,Yes,Yes,Fiber optic,111,Yes,1,1,1,1,1,1,False,True,1.4100994218432374,1.536788957182923
Female,1,No,1,Yes,No,DSL,75,Yes,0,0,1,0,0,1,False,True,-1.2774445836787656,0.3403588546094659
Male,0,No,16,Yes,No,Fiber optic,75,No,1,0,1,0,1,0,False,False,-0.6666391278783103,0.3403588546094659
Female,1,No,55,Yes,Yes,Fiber optic,89,No,0,0,1,1,1,0,True,False,0.9214550572028734,0.805637227832477
Female,0,Yes,7,Yes,No,Fiber optic,76,No,0,1,1,0,1,0,False,False,-1.0331224013585834,0.37359302412539525
Female,0,Yes,43,Yes,Yes,Fiber optic,64,No,0,1,1,1,1,0,True,False,0.43281069256250915,-0.025217010065757134
Female,0,No,1,Yes,Yes,DSL,55,Yes,0,0,1,1,0,1,False,False,-1.2774445836787656,-0.32432453570912145
Female,0,No,4,No,No,DSL,25,No,0,0,0,0,0,0,False,False,-1.1552834925186746,-1.3213496211870024
Male,1,No,72,Yes,No,DSL,114,No,1,0,1,0,0,0,False,False,1.6137012404433893,1.6364914657307112
Female,1,No,49,Yes,Yes,Fiber optic,103,No,0,0,1,1,1,0,False,False,0.6771328748826912,1.270915601055488
Male,0,No,53,Yes,No,DSL,94,Yes,1,0,1,0,0,1,True,False,0.8400143297628127,0.9718080754121239
Female,0,No,60,No,Yes,DSL,50,No,0,0,0,1,0,0,False,True,1.125056875803025,-0.49049538328876824
Female,1,No,68,Yes,No,Fiber optic,97,Yes,0,0,1,0,1,1,False,False,1.4508197855632678,1.071510583959912
Male,1,No,57,Yes,No,DSL,80,No,1,0,1,0,0,0,False,True,1.002895784642934,0.5065297021891128
Female,0,No,7,Yes,No,Fiber optic,81,Yes,0,0,1,0,1,1,False,False,-1.0331224013585834,0.5397638717050421
Female,0,No,1,Yes,Yes,Fiber optic,19,No,0,0,1,1,1,0,False,False,-1.2774445836787656,-1.5207546382825785
Female,0,Yes,7,Yes,No,DSL,69,No,0,1,1,0,0,0,False,True,-1.0331224013585834,0.1409538375138897
Male,0,No,68,Yes,No,DSL,24,No,1,0,1,0,0,0,False,False,1.4508197855632678,-1.3545837907029317
Male,0,Yes,19,Yes,No,DSL,100,Yes,1,1,1,0,0,1,False,False,-0.5444780367182193,1.1712130925077
Female,0,No,2,Yes,No,DSL,80,No,0,0,1,0,0,0,False,True,-1.2367242199587352,0.5065297021891128
Female,0,Yes,67,Yes,No,DSL,106,No,0,1,1,0,0,0,False,False,1.4100994218432374,1.3706181096032763
Male,0,Yes,67,Yes,Yes,Fiber optic,60,No,1,1,1,1,1,0,True,False,1.4100994218432374,-0.15815368812947458
Male,0,No,35,Yes,Yes,DSL,69,No,1,0,1,1,0,0,False,False,0.10704778280226633,0.1409538375138897
Female,0,Yes,67,Yes,Yes,DSL,107,No,0,1,1,1,0,0,False,False,1.4100994218432374,1.4038522791192056
Female,0,No,11,Yes,No,Fiber optic,90,Yes,0,0,1,0,1,1,False,False,-0.8702409464784621,0.8388713973484064
Male,1,No,56,Yes,No,Fiber optic,86,No,1,0,1,0,1,0,False,False,0.9621754209229036,0.7059347192846889
Male,0,No,8,No,Yes,Fiber optic,29,No,1,0,0,1,1,0,False,False,-0.9924020376385531,-1.188412943123285
Female,0,Yes,22,Yes,No,DSL,25,No,0,1,1,0,0,0,False,True,-0.4223169455581282,-1.3213496211870024
Male,0,No,71,Yes,No,Fiber optic,84,No,1,0,1,0,1,0,False,False,1.5729808767233588,0.6394663802528302
Female,0,Yes,46,No,Yes,Fiber optic,35,No,0,1,0,1,1,0,True,False,0.5549717837226001,-0.9890079260277087
Female,0,No,66,Yes,No,DSL,105,No,0,0,1,0,0,0,True,False,1.369379058123207,1.3373839400873468
Male,0,No,15,Yes,No,DSL,49,No,1,0,1,0,0,0,False,True,-0.7073594915983407,-0.5237295528046976
Male,0,No,25,Yes,No,DSL,96,No,1,0,1,0,0,0,False,False,-0.30015585439803716,1.0382764144439827
Male,0,No,32,Yes,No,DSL,20,No,1,0,1,0,0,0,True,False,-0.015113308357824713,-1.4875204687666492
Male,0,No,8,Yes,No,DSL,67,No,1,0,1,0,0,0,False,True,-0.9924020376385531,0.07448549848203097
Male,0,No,6,Yes,No,DSL,25,No,1,0,1,0,0,0,False,False,-1.0738427650786138,-1.3213496211870024
Female,0,No,3,Yes,No,DSL,46,No,0,0,1,0,0,0,True,False,-1.1960038562387048,-0.6234320613524857
Male,0,Yes,11,Yes,Yes,DSL,60,No,1,1,1,1,0,0,True,False,-0.8702409464784621,-0.15815368812947458
Male,0,Yes,15,Yes,No,DSL,91,No,1,1,1,0,0,0,False,True,-0.7073594915983407,0.8721055668643357
Female,0,No,23,Yes,No,DSL,90,Yes,0,0,1,0,0,1,False,False,-0.38159658183809786,0.8388713973484064
Female,0,No,1,Yes,Yes,Fiber optic,44,No,0,0,1,1,1,0,False,False,-1.2774445836787656,-0.6899004003843444
Male,0,Yes,37,No,No,DSL,40,No,1,1,0,0,0,0,False,False,0.18848851024232702,-0.8228370784480619
Male,0,Yes,69,Yes,Yes,DSL,81,No,1,1,1,1,0,0,False,True,1.4915401492832983,0.5397638717050421
Male,0,No,71,Yes,No,DSL,79,No,1,0,1,0,0,0,True,False,1.5729808767233588,0.47329553267318336
Female,0,Yes,8,Yes,No,DSL,55,No,0,1,1,0,0,0,False,False,-0.9924020376385531,-0.32432453570912145
Female,0,No,6,No,Yes,DSL,63,No,0,0,0,1,0,0,False,True,-1.0738427650786138,-0.0584511795816865
Female,0,No,58,Yes,Yes,Fiber optic,84,No,0,0,1,1,1,0,False,False,1.0436161483629645,0.6394663802528302
Female,0,Yes,39,Yes,No,DSL,90,Yes,0,1,1,0,0,1,False,False,0.26992923768238775,0.8388713973484064
Male,1,No,23,Yes,Yes,DSL,90,No,1,0,1,1,0,0,False,True,-0.38159658183809786,0.8388713973484064
Male,0,Yes,66,Yes,Yes,DSL,20,No,1,1,1,1,0,0,False,True,1.369379058123207,-1.4875204687666492
Male,0,No,51,Yes,Yes,DSL,83,No,1,0,1,1,0,0,True,False,0.758573602322752,0.6062322107369008
Female,0,No,7,Yes,Yes,Fiber optic,80,Yes,0,0,1,1,1,1,False,False,-1.0331224013585834,0.5065297021891128
Male,0,Yes,15,Yes,No,DSL,20,No,1,1,1,0,0,0,False,False,-0.7073594915983407,-1.4875204687666492
Male,0,No,51,Yes,Yes,Fiber optic,80,Yes,1,0,1,1,1,1,False,False,0.758573602322752,0.5065297021891128
Male,0,No,4,Yes,No,DSL,19,No,1,0,1,0,0,0,False,False,-1.1552834925186746,-1.5207546382825785
Female,0,No,18,Yes,Yes,Fiber optic,50,No,0,0,1,1,1,0,False,True,-0.5851984004382496,-0.49049538328876824
Male,0,No,46,Yes,Yes,Fiber optic,94,Yes,1,0,1,1,1,1,True,False,0.5549717837226001,0.9718080754121239
Male,1,No,3,Yes,No,Fiber optic,106,Yes,1,0,1,0,1,1,False,False,-1.1960038562387048,1.3706181096032763
Male,0,No,63,Yes,Yes,Fiber optic,25,No,1,0,1,1,1,0,False,False,1.247217966963116,-1.3213496211870024
Male,0,Yes,52,Yes,No,DSL,96,Yes,1,1,1,0,0,1,False,False,0.7992939660427822,1.0382764144439827
Female,0,No,17,Yes,No,DSL,69,No,0,0,1,0,0,0,False,False,-0.62591876415828,0.1409538375138897
Female,0,No,43,Yes,Yes,Fiber optic,85,No,0,0,1,1,1,0,True,False,0.43281069256250915,0.6727005497687596
Male,0,No,69,Yes,No,DSL,20,No,1,0,1,0,0,0,False,False,1.4915401492832983,-1.4875204687666492
Female,0,Yes,70,Yes,No,DSL,80,No,0,1,1,0,0,0,False,False,1.5322605130033284,0.5065297021891128
Female,0,No,4,Yes,Yes,Fiber optic,24,No,0,0,1,1,1,0,False,False,-1.1552834925186746,-1.3545837907029317
Male,0,Yes,60,Yes,No,Fiber optic,21,No,1,1,1,0,1,0,True,False,1.125056875803025,-1.45428629925072
Female,0,No,20,No,No,DSL,24,Yes,0,0,0,0,0,1,False,False,-0.5037576729981889,-1.3545837907029317
Male,0,Yes,69,Yes,No,DSL,96,No,1,1,1,0,0,0,False,True,1.4915401492832983,1.0382764144439827
Female,0,Yes,48,Yes,Yes,Fiber optic,105,No,0,1,1,1,1,0,False,True,0.6364125111626608,1.3373839400873468
Female,0,No,1,No,No,DSL,31,No,0,0,0,0,0,0,False,False,-1.2774445836787656,-1.1219446040914263
Male,0,Yes,8,Yes,No,DSL,51,Yes,1,1,1,0,0,1,False,True,-0.9924020376385531,-0.4572612137728389
Male,1,No,1,Yes,No,DSL,46,No,1,0,1,0,0,0,False,True,-1.2774445836787656,-0.6234320613524857
Female,0,No,1,Yes,No,Fiber optic,20,No,0,0,1,0,1,0,False,False,-1.2774445836787656,-1.4875204687666492
Male,0,No,22,Yes,No,DSL,20,No,1,0,1,0,0,0,True,False,-0.4223169455581282,-1.4875204687666492
Male,1,No,16,No,Yes,Fiber optic,39,Yes,1,0,0,1,1,1,False,True,-0.6666391278783103,-0.8560712479639913
Male,0,No,72,Yes,No,Fiber optic,118,No,1,0,1,0,1,0,False,False,1.6137012404433893,1.7694281437944286
Male,0,No,11,Yes,No,DSL,61,No,1,0,1,0,0,0,False,True,-0.8702409464784621,-0.12491951861354524
Male,0,No,4,Yes,Yes,DSL,91,No,1,0,1,1,0,0,True,False,-1.1552834925186746,0.8721055668643357
Female,0,No,8,Yes,No,DSL,20,No,0,0,1,0,0,0,False,False,-0.9924020376385531,-1.4875204687666492
Female,1,No,54,Yes,Yes,DSL,82,Yes,0,0,1,1,0,1,False,True,0.880734693482843,0.5729980412209714
Male,0,No,69,Yes,No,DSL,82,No,1,0,1,0,0,0,False,True,1.4915401492832983,0.5729980412209714
Male,1,No,46,Yes,Yes,Fiber optic,80,Yes,1,0,1,1,1,1,False,False,0.5549717837226001,0.5065297021891128
Female,0,Yes,67,Yes,Yes,Fiber optic,51,No,0,1,1,1,1,0,False,True,1.4100994218432374,-0.4572612137728389
Male,0,Yes,71,Yes,No,Fiber optic,90,No,1,1,1,0,1,0,False,False,1.5729808767233588,0.8388713973484064
Male,1,No,20,Yes,No,Fiber optic,90,No,1,0,1,0,1,0,False,False,-0.5037576729981889,0.8388713973484064
Female,0,No,41,Yes,Yes,Fiber optic,114,Yes,0,0,1,1,1,1,False,False,0.35136996512244845,1.6364914657307112
Male,1,No,3,No,Yes,Fiber optic,41,Yes,1,0,0,1,1,1,False,False,-1.1960038562387048,-0.7896029089321326
Male,0,No,15,No,No,DSL,51,No,1,0,0,0,0,0,False,False,-0.7073594915983407,-0.4572612137728389
Male,0,No,22,Yes,No,DSL,79,Yes,1,0,1,0,0,1,False,True,-0.4223169455581282,0.47329553267318336
Male,0,No,18,Yes,Yes,Fiber optic,81,Yes,1,0,1,1,1,1,False,False,-0.5851984004382496,0.5397638717050421
Female,0,No,9,Yes,Yes,Fiber optic,98,Yes,0,0,1,1,1,1,False,False,-0.9516816739185228,1.1047447534758412
Male,0,No,26,Yes,No,DSL,76,No,1,0,1,0,0,0,False,False,-0.2594354906780068,0.37359302412539525
Male,1,No,71,Yes,No,Fiber optic,106,No,1,0,1,0,1,0,True,False,1.5729808767233588,1.3706181096032763
Female,0,No,16,Yes,No,DSL,19,No,0,0,1,0,0,0,False,False,-0.6666391278783103,-1.5207546382825785
Female,1,No,72,Yes,No,DSL,89,No,0,0,1,0,0,0,False,False,1.6137012404433893,0.805637227832477
Male,0,No,42,Yes,No,Fiber optic,25,No,1,0,1,0,1,0,False,False,0.3920903288424788,-1.3213496211870024
Male,0,Yes,47,Yes,No,DSL,96,No,1,1,1,0,0,0,False,False,0.5956921474426305,1.0382764144439827
Male,0,No,66,Yes,No,Fiber optic,66,No,1,0,1,0,1,0,False,False,1.369379058123207,0.0412513289661016
Male,0,No,5,Yes,No,DSL,49,Yes,1,0,1,0,0,1,True,False,-1.1145631287986442,-0.5237295528046976
Male,0,No,4,No,Yes,DSL,30,Yes,1,0,0,1,0,1,False,True,-1.1552834925186746,-1.1551787736073555
Female,0,Yes,42,Yes,No,Fiber optic,19,No,0,1,1,0,1,0,False,True,0.3920903288424788,-1.5207546382825785
Male,0,No,69,No,No,DSL,61,No,1,0,0,0,0,0,False,False,1.4915401492832983,-0.12491951861354524
Male,0,No,60,Yes,No,DSL,117,No,1,0,1,0,0,0,False,False,1.125056875803025,1.7361939742784993
Female,0,No,12,Yes,Yes,Fiber optic,19,No,0,0,1,1,1,0,False,False,-0.8295205827584317,-1.5207546382825785
Male,0,No,3,Yes,Yes,DSL,45,Yes,1,0,1,1,0,1,False,False,-1.1960038562387048,-0.6566662308684151
Male,0,No,54,Yes,No,DSL,105,Yes,1,0,1,0,0,1,False,False,0.880734693482843,1.3373839400873468
Male,0,Yes,6,Yes,No,DSL,20,No,1,1,1,0,0,0,False,False,-1.0738427650786138,-1.4875204687666492
Male,0,No,2,Yes,No,DSL,20,No,1,0,1,0,0,0,False,True,-1.2367242199587352,-1.4875204687666492
Male,1,No,57,Yes,Yes,Fiber optic,94,No,1,0,1,1,1,0,False,False,1.002895784642934,0.9718080754121239
Female,0,No,63,Yes,No,Fiber optic,21,No,0,0,1,0,1,0,False,False,1.247217966963116,-1.45428629925072
Female,0,Yes,41,Yes,No,DSL,94,No,0,1,1,0,0,0,False,False,0.35136996512244845,0.9718080754121239
Male,0,No,25,Yes,No,DSL,99,No,1,0,1,0,0,0,False,True,-0.30015585439803716,1.1379789229917707
Female,0,No,65,Yes,Yes,Fiber optic,85,No,0,0,1,1,1,0,True,False,1.3286586944031769,0.6727005497687596
Female,0,No,54,Yes,No,DSL,20,No,0,0,1,0,0,0,False,False,0.880734693482843,-1.4875204687666492
Male,0,No,61,Yes,No,Fiber optic,94,No,1,0,1,0,1,0,False,False,1.1657772395230555,0.9718080754121239
Male,0,Yes,19,Yes,Yes,DSL,20,No,1,1,1,1,0,0,True,False,-0.5444780367182193,-1.4875204687666492
Female,0,No,12,Yes,No,DSL,19,No,0,0,1,0,0,0,False,False,-0.8295205827584317,-1.5207546382825785
Female,0,Yes,18,Yes,No,DSL,25,No,0,1,1,0,0,0,True,False,-0.5851984004382496,-1.3213496211870024
Male,0,Yes,68,Yes,Yes,Fiber optic,95,No,1,1,1,1,1,0,False,False,1.4508197855632678,1.0050422449280532
Female,0,Yes,10,Yes,No,DSL,100,Yes,0,1,1,0,0,1,False,False,-0.9109613101984924,1.1712130925077
Male,1,No,20,Yes,Yes,DSL,95,Yes,1,0,1,1,0,1,True,False,-0.5037576729981889,1.0050422449280532
Male,0,No,42,Yes,No,Fiber optic,99,Yes,1,0,1,0,1,1,False,False,0.3920903288424788,1.1379789229917707
Male,0,No,45,No,Yes,Fiber optic,42,No,1,0,0,1,1,0,False,False,0.5142514200025698,-0.7563687394162032
Male,0,No,72,Yes,No,DSL,115,No,1,0,1,0,0,0,False,True,1.6137012404433893,1.6697256352466405
Female,1,No,35,Yes,Yes,DSL,111,No,0,0,1,1,0,0,False,False,0.10704778280226633,1.536788957182923
Male,0,Yes,72,Yes,Yes,Fiber optic,90,No,1,1,1,1,1,0,False,True,1.6137012404433893,0.8388713973484064
Female,0,No,8,Yes,No,DSL,100,Yes,0,0,1,0,0,1,False,False,-0.9924020376385531,1.1712130925077
Female,0,No,37,Yes,No,Fiber optic,65,Yes,0,0,1,0,1,1,False,False,0.18848851024232702,0.008017159450172232
Female,0,No,21,Yes,No,DSL,105,No,0,0,1,0,0,0,False,False,-0.46303730927815856,1.3373839400873468
Female,0,No,71,Yes,No,DSL,80,No,0,0,1,0,0,0,False,True,1.5729808767233588,0.5065297021891128
Male,0,No,40,Yes,Yes,Fiber optic,67,No,1,0,1,1,1,0,False,False,0.3106496014024181,0.07448549848203097
Male,0,No,10,Yes,No,DSL,62,No,1,0,1,0,0,0,False,True,-0.9109613101984924,-0.09168534909761586
Female,1,No,25,Yes,No,DSL,88,No,0,0,1,0,0,0,True,False,-0.30015585439803716,0.7724030583165477
Female,0,Yes,41,Yes,No,DSL,75,No,0,1,1,0,0,0,False,True,0.35136996512244845,0.3403588546094659
Male,1,No,19,Yes,No,DSL,96,Yes,1,0,1,0,0,1,True,False,-0.5444780367182193,1.0382764144439827
Female,1,No,23,Yes,No,DSL,95,No,0,0,1,0,0,0,False,False,-0.38159658183809786,1.0050422449280532
Male,0,No,57,Yes,Yes,Fiber optic,108,No,1,0,1,1,1,0,False,False,1.002895784642934,1.437086448635135
Female,0,No,2,Yes,Yes,DSL,84,No,0,0,1,1,0,0,True,False,-1.2367242199587352,0.6394663802528302
Female,0,No,70,Yes,No,Fiber optic,80,No,0,0,1,0,1,0,False,False,1.5322605130033284,0.5065297021891128
Male,0,No,1,Yes,No,DSL,88,Yes,1,0,1,0,0,1,False,True,-1.2774445836787656,0.7724030583165477
Male,0,No,70,Yes,No,DSL,110,Yes,1,0,1,0,0,1,False,True,1.5322605130033284,1.5035547876669937
Female,0,No,72,Yes,Yes,Fiber optic,97,No,0,0,1,1,1,0,False,False,1.6137012404433893,1.071510583959912
Male,1,No,25,Yes,No,Fiber optic,106,Yes,1,0,1,0,1,1,False,False,-0.30015585439803716,1.3706181096032763
Male,0,No,23,Yes,No,Fiber optic,104,Yes,1,0,1,0,1,1,False,False,-0.38159658183809786,1.3041497705714176
Male,0,No,65,Yes,Yes,DSL,20,No,1,0,1,1,0,0,True,False,1.3286586944031769,-1.4875204687666492
Male,0,Yes,25,Yes,No,Fiber optic,21,No,1,1,1,0,1,0,False,False,-0.30015585439803716,-1.45428629925072
Female,1,No,15,Yes,Yes,Fiber optic,83,Yes,0,0,1,1,1,1,False,False,-0.7073594915983407,0.6062322107369008
Male,1,No,41,No,No,Fiber optic,54,No,1,0,0,0,1,0,False,True,0.35136996512244845,-0.3575587052250508
Female,0,No,1,Yes,No,DSL,55,No,0,0,1,0,0,0,False,True,-1.2774445836787656,-0.32432453570912145
Male,0,No,48,Yes,Yes,Fiber optic,71,No,1,0,1,1,1,0,False,False,0.6364125111626608,0.20742217654574843
Male,0,Yes,4,Yes,No,DSL,61,Yes,1,1,1,0,0,1,False,True,-1.1552834925186746,-0.12491951861354524
Male,0,No,17,Yes,Yes,Fiber optic,20,No,1,0,1,1,1,0,False,True,-0.62591876415828,-1.4875204687666492
Female,1,No,42,Yes,No,DSL,105,Yes,0,0,1,0,0,1,True,False,0.3920903288424788,1.3373839400873468
Male,0,Yes,49,No,No,DSL,39,No,1,1,0,0,0,0,False,False,0.6771328748826912,-0.8560712479639913
Male,0,No,21,Yes,Yes,Fiber optic,20,No,1,0,1,1,1,0,False,False,-0.46303730927815856,-1.4875204687666492
Male,0,Yes,60,Yes,Yes,DSL,111,No,1,1,1,1,0,0,False,True,1.125056875803025,1.536788957182923
Male,0,No,58,Yes,No,Fiber optic,24,No,1,0,1,0,1,0,True,False,1.0436161483629645,-1.3545837907029317
Male,0,No,31,Yes,Yes,DSL,20,No,1,0,1,1,0,0,True,False,-0.055833672077855064,-1.4875204687666492
Female,0,No,61,Yes,No,DSL,101,No,0,0,1,0,0,0,False,False,1.1657772395230555,1.2044472620236295
Male,0,Yes,64,Yes,No,DSL,90,No,1,1,1,0,0,0,True,False,1.2879383306831464,0.8388713973484064
Female,0,Yes,61,No,No,DSL,61,No,0,1,0,0,0,0,True,False,1.1657772395230555,-0.12491951861354524
Male,0,No,67,Yes,Yes,Fiber optic,71,No,1,0,1,1,1,0,False,False,1.4100994218432374,0.20742217654574843
Male,0,No,55,Yes,Yes,DSL,26,No,1,0,1,1,0,0,False,True,0.9214550572028734,-1.288115451671073
Female,0,No,20,Yes,No,DSL,20,No,0,0,1,0,0,0,False,False,-0.5037576729981889,-1.4875204687666492
Male,0,No,11,Yes,No,Fiber optic,80,No,1,0,1,0,1,0,False,False,-0.8702409464784621,0.5065297021891128
Female,0,Yes,72,Yes,Yes,Fiber optic,117,No,0,1,1,1,1,0,True,False,1.6137012404433893,1.7361939742784993
Female,0,Yes,57,Yes,No,Fiber optic,84,No,0,1,1,0,1,0,True,False,1.002895784642934,0.6394663802528302
Male,1,No,70,No,No,Fiber optic,44,No,1,0,0,0,1,0,False,False,1.5322605130033284,-0.6899004003843444
Female,0,No,68,Yes,Yes,Fiber optic,110,No,0,0,1,1,1,0,True,False,1.4508197855632678,1.5035547876669937
Male,0,No,1,Yes,No,DSL,85,Yes,1,0,1,0,0,1,False,False,-1.2774445836787656,0.6727005497687596
Male,0,No,47,Yes,No,DSL,79,No,1,0,1,0,0,0,False,True,0.5956921474426305,0.47329553267318336
Female,0,No,15,Yes,Yes,DSL,65,Yes,0,0,1,1,0,1,True,False,-0.7073594915983407,0.008017159450172232
Female,0,Yes,69,Yes,No,DSL,20,No,0,1,1,0,0,0,True,False,1.4915401492832983,-1.4875204687666492
Female,0,No,3,Yes,No,DSL,55,Yes,0,0,1,0,0,1,False,False,-1.1960038562387048,-0.32432453570912145
Female,0,Yes,1,Yes,No,DSL,19,Yes,0,1,1,0,0,1,False,False,-1.2774445836787656,-1.5207546382825785
Male,0,No,33,Yes,No,DSL,89,No,1,0,1,0,0,0,False,True,0.025607055362205634,0.805637227832477
Male,0,Yes,53,Yes,Yes,Fiber optic,70,No,1,1,1,1,1,0,False,False,0.8400143297628127,0.17418800702981907
Female,1,No,20,Yes,No,DSL,81,No,0,0,1,0,0,0,False,False,-0.5037576729981889,0.5397638717050421
Male,1,No,1,Yes,No,DSL,94,Yes,1,0,1,0,0,1,False,False,-1.2774445836787656,0.9718080754121239
Male,0,No,10,Yes,Yes,DSL,99,No,1,0,1,1,0,0,False,True,-0.9109613101984924,1.1379789229917707
Female,0,No,32,Yes,No,Fiber optic,20,No,0,0,1,0,1,0,False,False,-0.015113308357824713,-1.4875204687666492
Male,1,No,56,Yes,No,Fiber optic,101,No,1,0,1,0,1,0,False,False,0.9621754209229036,1.2044472620236295
Female,0,No,71,Yes,No,DSL,19,No,0,0,1,0,0,0,False,False,1.5729808767233588,-1.5207546382825785
Female,1,No,13,Yes,No,DSL,70,Yes,0,0,1,0,0,1,False,False,-0.7888002190384014,0.17418800702981907
Female,0,No,2,Yes,Yes,Fiber optic,20,No,0,0,1,1,1,0,False,False,-1.2367242199587352,-1.4875204687666492
Male,0,No,17,Yes,Yes,Fiber optic,96,No,1,0,1,1,1,0,False,False,-0.62591876415828,1.0382764144439827
Male,0,No,2,Yes,No,DSL,55,Yes,1,0,1,0,0,1,True,False,-1.2367242199587352,-0.32432453570912145
Female,0,No,72,Yes,Yes,Fiber optic,101,No,0,0,1,1,1,0,True,False,1.6137012404433893,1.2044472620236295
Male,0,No,26,No,No,Fiber optic,55,No,1,0,0,0,1,0,True,False,-0.2594354906780068,-0.32432453570912145
Male,0,Yes,5,Yes,Yes,Fiber optic,26,Yes,1,1,1,1,1,1,False,False,-1.1145631287986442,-1.288115451671073
Male,0,No,3,Yes,Yes,Fiber optic,101,Yes,1,0,1,1,1,1,False,True,-1.1960038562387048,1.2044472620236295
Female,0,No,26,Yes,No,DSL,81,No,0,0,1,0,0,0,False,False,-0.2594354906780068,0.5397638717050421
Female,0,Yes,59,Yes,No,Fiber optic,66,No,0,1,1,0,1,0,False,False,1.0843365120829946,0.0412513289661016
Female,0,Yes,27,Yes,No,DSL,50,No,0,1,1,0,0,0,False,False,-0.21871512695797646,-0.49049538328876824
Male,0,No,57,Yes,No,DSL,103,No,1,0,1,0,0,0,True,False,1.002895784642934,1.270915601055488
Female,0,No,1,Yes,No,DSL,44,Yes,0,0,1,0,0,1,False,False,-1.2774445836787656,-0.6899004003843444
Female,0,No,37,Yes,Yes,Fiber optic,20,No,0,0,1,1,1,0,False,False,0.18848851024232702,-1.4875204687666492
Female,0,No,6,Yes,No,DSL,49,No,0,0,1,0,0,0,True,False,-1.0738427650786138,-0.5237295528046976
Male,0,No,18,Yes,No,Fiber optic,76,No,1,0,1,0,1,0,False,False,-0.5851984004382496,0.37359302412539525
Male,0,Yes,19,Yes,Yes,DSL,101,Yes,1,1,1,1,0,1,False,False,-0.5444780367182193,1.2044472620236295
Female,0,Yes,67,Yes,Yes,Fiber optic,76,No,0,1,1,1,1,0,False,False,1.4100994218432374,0.37359302412539525
Male,1,No,34,Yes,No,DSL,72,No,1,0,1,0,0,0,False,True,0.06632741908223598,0.2406563460616778
Female,0,No,22,Yes,Yes,Fiber optic,49,Yes,0,0,1,1,1,1,False,False,-0.4223169455581282,-0.5237295528046976
Male,0,No,52,Yes,No,DSL,91,No,1,0,1,0,0,0,False,False,0.7992939660427822,0.8721055668643357
Male,0,No,56,No,No,DSL,54,No,1,0,0,0,0,0,False,True,0.9621754209229036,-0.3575587052250508
Male,1,No,18,Yes,Yes,DSL,95,Yes,1,0,1,1,0,1,False,True,-0.5851984004382496,1.0050422449280532
Male,1,Yes,56,Yes,Yes,Fiber optic,105,Yes,1,1,1,1,1,1,False,False,0.9621754209229036,1.3373839400873468
Male,0,No,4,Yes,No,DSL,90,No,1,0,1,0,0,0,False,False,-1.1552834925186746,0.8388713973484064
Female,0,No,64,Yes,Yes,DSL,115,No,0,0,1,1,0,0,True,False,1.2879383306831464,1.6697256352466405
Male,0,No,61,Yes,No,DSL,81,No,1,0,1,0,0,0,False,False,1.1657772395230555,0.5397638717050421
Female,1,No,71,Yes,No,DSL,99,No,0,0,1,0,0,0,False,False,1.5729808767233588,1.1379789229917707
Male,0,No,2,Yes,No,DSL,70,Yes,1,0,1,0,0,1,True,False,-1.2367242199587352,0.17418800702981907
Male,1,No,64,Yes,No,Fiber optic,102,No,1,0,1,0,1,0,False,False,1.2879383306831464,1.2376814315395588
Male,0,No,45,Yes,Yes,DSL,108,No,1,0,1,1,0,0,False,False,0.5142514200025698,1.437086448635135
Male,0,No,18,Yes,No,Fiber optic,24,No,1,0,1,0,1,0,False,False,-0.5851984004382496,-1.3545837907029317
Male,0,Yes,66,Yes,No,DSL,26,No,1,1,1,0,0,0,False,True,1.369379058123207,-1.288115451671073
Male,0,No,37,No,No,DSL,41,No,1,0,0,0,0,0,False,False,0.18848851024232702,-0.7896029089321326
Male,0,Yes,39,Yes,Yes,DSL,25,No,1,1,1,1,0,0,False,True,0.26992923768238775,-1.3213496211870024
Male,0,No,25,Yes,No,Fiber optic,85,Yes,1,0,1,0,1,1,False,False,-0.30015585439803716,0.6727005497687596
Male,0,No,22,Yes,No,DSL,87,No,1,0,1,0,0,0,True,False,-0.4223169455581282,0.7391688888006183
Male,0,No,10,Yes,No,DSL,20,No,1,0,1,0,0,0,False,False,-0.9109613101984924,-1.4875204687666492
Female,0,No,20,Yes,No,DSL,20,No,0,0,1,0,0,0,True,False,-0.5037576729981889,-1.4875204687666492
Male,1,No,8,Yes,Yes,DSL,64,No,1,0,1,1,0,0,False,True,-0.9924020376385531,-0.025217010065757134
Female,0,No,49,Yes,Yes,Fiber optic,52,No,0,0,1,1,1,0,False,True,0.6771328748826912,-0.4240270442569095
Female,1,No,65,Yes,No,DSL,106,No,0,0,1,0,0,0,False,False,1.3286586944031769,1.3706181096032763
Male,1,No,1,Yes,Yes,DSL,45,No,1,0,1,1,0,0,True,False,-1.2774445836787656,-0.6566662308684151
Male,0,No,5,Yes,No,DSL,94,Yes,1,0,1,0,0,1,False,False,-1.1145631287986442,0.9718080754121239
Female,1,No,72,Yes,No,DSL,97,No,0,0,1,0,0,0,True,False,1.6137012404433893,1.071510583959912
Female,0,No,72,Yes,No,DSL,110,No,0,0,1,0,0,0,True,False,1.6137012404433893,1.5035547876669937
Female,0,No,53,Yes,Yes,Fiber optic,100,No,0,0,1,1,1,0,False,True,0.8400143297628127,1.1712130925077
Male,0,No,21,Yes,Yes,DSL,75,No,1,0,1,1,0,0,True,False,-0.46303730927815856,0.3403588546094659
Female,1,Yes,70,Yes,Yes,DSL,108,No,0,1,1,1,0,0,False,False,1.5322605130033284,1.437086448635135
Female,0,Yes,33,Yes,No,DSL,104,Yes,0,1,1,0,0,1,False,False,0.025607055362205634,1.3041497705714176
Female,0,No,23,Yes,No,DSL,76,Yes,0,0,1,0,0,1,False,False,-0.38159658183809786,0.37359302412539525
Male,0,Yes,45,Yes,Yes,Fiber optic,55,No,1,1,1,1,1,0,False,False,0.5142514200025698,-0.32432453570912145
Female,0,Yes,35,Yes,Yes,DSL,20,No,0,1,1,1,0,0,False,True,0.10704778280226633,-1.4875204687666492
Male,0,No,16,Yes,Yes,Fiber optic,20,Yes,1,0,1,1,1,1,False,False,-0.6666391278783103,-1.4875204687666492
Female,0,No,49,Yes,Yes,DSL,107,No,0,0,1,1,0,0,False,False,0.6771328748826912,1.4038522791192056
Male,0,No,1,Yes,Yes,DSL,19,Yes,1,0,1,1,0,1,False,True,-1.2774445836787656,-1.5207546382825785
Male,0,No,61,Yes,No,DSL,81,No,1,0,1,0,0,0,True,False,1.1657772395230555,0.5397638717050421
Male,1,Yes,68,Yes,No,DSL,20,No,1,1,1,0,0,0,False,False,1.4508197855632678,-1.4875204687666492
Male,0,No,1,Yes,Yes,Fiber optic,20,No,1,0,1,1,1,0,False,False,-1.2774445836787656,-1.4875204687666492
Female,0,No,60,No,No,Fiber optic,54,No,0,0,0,0,1,0,False,True,1.125056875803025,-0.3575587052250508
Male,0,Yes,53,Yes,Yes,Fiber optic,26,No,1,1,1,1,1,0,False,False,0.8400143297628127,-1.288115451671073
Female,1,No,28,Yes,Yes,Fiber optic,103,Yes,0,0,1,1,1,1,False,True,-0.1779947632379461,1.270915601055488
Female,0,No,2,Yes,No,DSL,70,Yes,0,0,1,0,0,1,False,True,-1.2367242199587352,0.17418800702981907
Female,1,No,1,Yes,No,DSL,70,No,0,0,1,0,0,0,False,True,-1.2774445836787656,0.17418800702981907
Female,0,No,16,Yes,No,DSL,73,Yes,0,0,1,0,0,1,False,False,-0.6666391278783103,0.2738905155776072
Female,0,Yes,72,Yes,No,Fiber optic,20,No,0,1,1,0,1,0,False,False,1.6137012404433893,-1.4875204687666492
Female,0,No,6,Yes,Yes,DSL,55,No,0,0,1,1,0,0,False,True,-1.0738427650786138,-0.32432453570912145
Male,0,No,3,Yes,Yes,DSL,108,No,1,0,1,1,0,0,True,False,-1.1960038562387048,1.437086448635135
Male,0,Yes,49,Yes,Yes,DSL,90,No,1,1,1,1,0,0,False,True,0.6771328748826912,0.8388713973484064
Female,0,No,1,Yes,Yes,Fiber optic,50,Yes,0,0,1,1,1,1,False,False,-1.2774445836787656,-0.49049538328876824
Male,0,No,50,Yes,Yes,Fiber optic,94,No,1,0,1,1,1,0,False,True,0.7178532386027215,0.9718080754121239
Female,1,Yes,12,No,Yes,DSL,29,No,0,1,0,1,0,0,False,True,-0.8295205827584317,-1.188412943123285
Male,1,No,32,Yes,No,DSL,80,Yes,1,0,1,0,0,1,False,False,-0.015113308357824713,0.5065297021891128
Male,0,Yes,68,Yes,Yes,DSL,103,No,1,1,1,1,0,0,True,False,1.4508197855632678,1.270915601055488
Male,0,No,1,Yes,Yes,Fiber optic,21,No,1,0,1,1,1,0,True,False,-1.2774445836787656,-1.45428629925072
Male,0,No,40,No,No,DSL,36,No,1,0,0,0,0,0,False,False,0.3106496014024181,-0.9557737565117794
Male,0,No,5,Yes,No,DSL,51,No,1,0,1,0,0,0,False,False,-1.1145631287986442,-0.4572612137728389
Male,0,No,72,Yes,No,DSL,79,No,1,0,1,0,0,0,False,False,1.6137012404433893,0.47329553267318336
Female,0,No,1,Yes,Yes,DSL,85,Yes,0,0,1,1,0,1,False,False,-1.2774445836787656,0.6727005497687596
Female,0,No,58,Yes,No,DSL,109,No,0,0,1,0,0,0,False,False,1.0436161483629645,1.4703206181510644
Female,0,No,24,Yes,Yes,Fiber optic,25,No,0,0,1,1,1,0,False,False,-0.3408762181180675,-1.3213496211870024
Female,1,No,3,Yes,Yes,Fiber optic,84,Yes,0,0,1,1,1,1,True,False,-1.1960038562387048,0.6394663802528302
Female,0,Yes,62,Yes,Yes,Fiber optic,20,No,0,1,1,1,1,0,False,False,1.2064976032430856,-1.4875204687666492
Male,0,Yes,72,Yes,No,DSL,111,No,1,1,1,0,0,0,False,False,1.6137012404433893,1.536788957182923
Female,1,No,50,Yes,No,Fiber optic,71,Yes,0,0,1,0,1,1,False,True,0.7178532386027215,0.20742217654574843
Male,0,Yes,66,Yes,Yes,DSL,20,No,1,1,1,1,0,0,True,False,1.369379058123207,-1.4875204687666492
Male,0,Yes,40,Yes,No,DSL,81,No,1,1,1,0,0,0,False,True,0.3106496014024181,0.5397638717050421
Male,0,No,40,Yes,Yes,Fiber optic,71,No,1,0,1,1,1,0,False,True,0.3106496014024181,0.20742217654574843
Male,0,Yes,67,Yes,No,DSL,103,No,1,1,1,0,0,0,True,False,1.4100994218432374,1.270915601055488
Female,1,No,56,Yes,No,DSL,105,No,0,0,1,0,0,0,False,False,0.9621754209229036,1.3373839400873468
Female,0,Yes,64,Yes,No,DSL,20,No,0,1,1,0,0,0,False,True,1.2879383306831464,-1.4875204687666492
Male,1,No,20,Yes,No,DSL,84,No,1,0,1,0,0,0,True,False,-0.5037576729981889,0.6394663802528302
Male,1,No,71,Yes,Yes,Fiber optic,96,No,1,0,1,1,1,0,True,False,1.5729808767233588,1.0382764144439827
Male,0,Yes,41,Yes,No,DSL,75,No,1,1,1,0,0,0,True,False,0.35136996512244845,0.3403588546094659
Male,0,Yes,72,No,Yes,Fiber optic,49,No,1,1,0,1,1,0,False,False,1.6137012404433893,-0.5237295528046976
Male,0,Yes,18,No,No,Fiber optic,46,No,1,1,0,0,1,0,False,False,-0.5851984004382496,-0.6234320613524857
Male,1,No,71,Yes,Yes,Fiber optic,71,No,1,0,1,1,1,0,True,False,1.5729808767233588,0.20742217654574843
Male,0,No,46,Yes,No,Fiber optic,66,No,1,0,1,0,1,0,False,False,0.5549717837226001,0.0412513289661016
Female,0,Yes,46,Yes,No,DSL,20,No,0,1,1,0,0,0,False,False,0.5549717837226001,-1.4875204687666492
Male,0,No,57,Yes,No,DSL,55,No,1,0,1,0,0,0,False,True,1.002895784642934,-0.32432453570912145
Female,0,No,68,Yes,Yes,Fiber optic,81,No,0,0,1,1,1,0,False,False,1.4508197855632678,0.5397638717050421
Female,0,No,1,No,No,DSL,25,No,0,0,0,0,0,0,False,False,-1.2774445836787656,-1.3213496211870024
Male,0,No,38,Yes,No,DSL,20,No,1,0,1,0,0,0,False,False,0.22920887396235737,-1.4875204687666492
Female,1,No,32,Yes,No,DSL,79,No,0,0,1,0,0,0,False,False,-0.015113308357824713,0.47329553267318336
Female,0,No,2,Yes,Yes,Fiber optic,45,No,0,0,1,1,1,0,False,True,-1.2367242199587352,-0.6566662308684151
Male,0,No,10,Yes,No,DSL,70,No,1,0,1,0,0,0,False,True,-0.9109613101984924,0.17418800702981907
Female,0,No,72,Yes,No,DSL,19,No,0,0,1,0,0,0,False,False,1.6137012404433893,-1.5207546382825785
Female,0,Yes,65,Yes,Yes,Fiber optic,111,No,0,1,1,1,1,0,False,False,1.3286586944031769,1.536788957182923
Male,0,No,21,Yes,No,DSL,84,No,1,0,1,0,0,0,False,False,-0.46303730927815856,0.6394663802528302
Female,0,No,67,Yes,No,DSL,20,No,0,0,1,0,0,0,False,False,1.4100994218432374,-1.4875204687666492
Female,0,No,12,Yes,Yes,Fiber optic,76,No,0,0,1,1,1,0,False,False,-0.8295205827584317,0.37359302412539525
Female,1,No,25,Yes,Yes,DSL,103,Yes,0,0,1,1,0,1,False,False,-0.30015585439803716,1.270915601055488
Female,1,No,8,Yes,No,DSL,85,No,0,0,1,0,0,0,True,False,-0.9924020376385531,0.6727005497687596
Male,0,No,1,Yes,No,Fiber optic,19,No,1,0,1,0,1,0,False,False,-1.2774445836787656,-1.5207546382825785
Female,0,Yes,65,Yes,No,DSL,79,No,0,1,1,0,0,0,False,True,1.3286586944031769,0.47329553267318336
Female,1,No,2,Yes,No,Fiber optic,55,Yes,0,0,1,0,1,1,False,False,-1.2367242199587352,-0.32432453570912145
Female,0,Yes,62,No,No,Fiber optic,49,No,0,1,0,0,1,0,True,False,1.2064976032430856,-0.5237295528046976
Male,0,No,36,Yes,Yes,DSL,85,Yes,1,0,1,1,0,1,False,True,0.14776814652229667,0.6727005497687596
Female,0,No,38,Yes,No,DSL,19,No,0,0,1,0,0,0,True,False,0.22920887396235737,-1.5207546382825785
Male,0,Yes,57,Yes,No,Fiber optic,60,No,1,1,1,0,1,0,False,False,1.002895784642934,-0.15815368812947458
Male,0,No,32,Yes,No,Fiber optic,20,No,1,0,1,0,1,0,False,False,-0.015113308357824713,-1.4875204687666492
Male,0,No,44,Yes,No,Fiber optic,90,No,1,0,1,0,1,0,False,False,0.47353105628253944,0.8388713973484064
Male,0,No,2,Yes,No,DSL,54,Yes,1,0,1,0,0,1,False,True,-1.2367242199587352,-0.3575587052250508
Female,0,No,41,Yes,Yes,Fiber optic,114,Yes,0,0,1,1,1,1,False,True,0.35136996512244845,1.6364914657307112
Female,0,Yes,14,Yes,No,DSL,91,Yes,0,1,1,0,0,1,False,False,-0.748079855318371,0.8721055668643357
Female,0,No,56,Yes,No,Fiber optic,86,No,0,0,1,0,1,0,False,False,0.9621754209229036,0.7059347192846889
Female,1,No,7,Yes,No,DSL,85,Yes,0,0,1,0,0,1,False,False,-1.0331224013585834,0.6727005497687596
Male,0,No,11,Yes,No,DSL,20,No,1,0,1,0,0,0,False,False,-0.8702409464784621,-1.4875204687666492
Female,0,No,13,Yes,No,DSL,20,No,0,0,1,0,0,0,True,False,-0.7888002190384014,-1.4875204687666492
Female,0,No,71,Yes,Yes,DSL,105,No,0,0,1,1,0,0,True,False,1.5729808767233588,1.3373839400873468
Male,0,No,22,Yes,No,Fiber optic,25,No,1,0,1,0,1,0,False,False,-0.4223169455581282,-1.3213496211870024
Male,0,No,42,Yes,No,DSL,99,No,1,0,1,0,0,0,False,True,0.3920903288424788,1.1379789229917707
Female,0,Yes,15,Yes,Yes,Fiber optic,20,No,0,1,1,1,1,0,False,False,-0.7073594915983407,-1.4875204687666492
Male,0,Yes,69,Yes,Yes,DSL,92,No,1,1,1,1,0,0,False,True,1.4915401492832983,0.9053397363802651
Female,0,Yes,23,Yes,No,Fiber optic,75,No,0,1,1,0,1,0,False,False,-0.38159658183809786,0.3403588546094659
Male,0,No,19,Yes,Yes,Fiber optic,74,Yes,1,0,1,1,1,1,False,False,-0.5444780367182193,0.3071246850935365
Female,0,Yes,63,Yes,No,Fiber optic,51,No,0,1,1,0,1,0,False,False,1.247217966963116,-0.4572612137728389
Male,0,Yes,68,Yes,No,Fiber optic,73,No,1,1,1,0,1,0,False,False,1.4508197855632678,0.2738905155776072
Male,0,No,1,Yes,No,DSL,81,Yes,1,0,1,0,0,1,False,False,-1.2774445836787656,0.5397638717050421
Female,0,No,18,No,No,DSL,39,Yes,0,0,0,0,0,1,False,False,-0.5851984004382496,-0.8560712479639913
Female,0,No,71,No,Yes,Fiber optic,58,No,0,0,0,1,1,0,False,False,1.5729808767233588,-0.22462202716133334
Female,0,Yes,15,Yes,No,Fiber optic,20,No,0,1,1,0,1,0,False,False,-0.7073594915983407,-1.4875204687666492
Male,0,Yes,8,Yes,Yes,Fiber optic,20,No,1,1,1,1,1,0,False,False,-0.9924020376385531,-1.4875204687666492
Male,1,No,21,Yes,No,DSL,97,Yes,1,0,1,0,0,1,False,False,-0.46303730927815856,1.071510583959912
Female,0,No,6,Yes,No,Fiber optic,90,No,0,0,1,0,1,0,True,False,-1.0738427650786138,0.8388713973484064
Male,1,No,69,No,Yes,Fiber optic,30,No,1,0,0,1,1,0,False,False,1.4915401492832983,-1.1551787736073555
Male,0,Yes,68,No,No,DSL,56,No,1,1,0,0,0,0,False,False,1.4508197855632678,-0.29109036619319206
Female,0,No,1,Yes,No,DSL,20,No,0,0,1,0,0,0,False,True,-1.2774445836787656,-1.4875204687666492
Male,0,Yes,62,Yes,Yes,Fiber optic,20,No,1,1,1,1,1,0,False,False,1.2064976032430856,-1.4875204687666492
Male,0,Yes,38,Yes,Yes,Fiber optic,79,No,1,1,1,1,1,0,False,True,0.22920887396235737,0.47329553267318336
Male,0,No,5,Yes,Yes,Fiber optic,85,Yes,1,0,1,1,1,1,True,False,-1.1145631287986442,0.6727005497687596
Male,1,No,3,Yes,Yes,DSL,95,Yes,1,0,1,1,0,1,False,True,-1.1960038562387048,1.0050422449280532
Female,0,No,45,Yes,No,DSL,116,No,0,0,1,0,0,0,True,False,0.5142514200025698,1.7029598047625698
Female,0,No,1,Yes,Yes,DSL,21,Yes,0,0,1,1,0,1,False,False,-1.2774445836787656,-1.45428629925072
Female,1,No,9,Yes,Yes,Fiber optic,76,No,0,0,1,1,1,0,True,False,-0.9516816739185228,0.37359302412539525
Female,0,No,20,Yes,Yes,Fiber optic,70,No,0,0,1,1,1,0,True,False,-0.5037576729981889,0.17418800702981907
Female,1,No,54,Yes,No,DSL,80,Yes,0,0,1,0,0,1,False,True,0.880734693482843,0.5065297021891128
Male,0,No,20,Yes,No,DSL,20,No,1,0,1,0,0,0,False,False,-0.5037576729981889,-1.4875204687666492
Male,0,No,48,Yes,Yes,DSL,108,No,1,0,1,1,0,0,False,True,0.6364125111626608,1.437086448635135
Male,1,No,54,No,No,Fiber optic,25,No,1,0,0,0,1,0,False,False,0.880734693482843,-1.3213496211870024
Female,0,No,1,Yes,Yes,DSL,50,No,0,0,1,1,0,0,False,False,-1.2774445836787656,-0.49049538328876824
Female,0,No,1,Yes,No,Fiber optic,44,No,0,0,1,0,1,0,False,False,-1.2774445836787656,-0.6899004003843444
Male,0,No,1,Yes,Yes,Fiber optic,20,No,1,0,1,1,1,0,True,False,-1.2774445836787656,-1.4875204687666492
Male,0,No,48,Yes,Yes,Fiber optic,20,No,1,0,1,1,1,0,True,False,0.6364125111626608,-1.4875204687666492
Female,0,No,1,Yes,Yes,Fiber optic,20,No,0,0,1,1,1,0,False,False,-1.2774445836787656,-1.4875204687666492
Female,0,No,37,Yes,Yes,Fiber optic,72,No,0,0,1,1,1,0,False,True,0.18848851024232702,0.2406563460616778
Male,0,No,1,Yes,No,DSL,19,No,1,0,1,0,0,0,False,False,-1.2774445836787656,-1.5207546382825785
Male,0,Yes,39,Yes,Yes,DSL,25,No,1,1,1,1,0,0,False,True,0.26992923768238775,-1.3213496211870024
Female,0,No,4,Yes,No,Fiber optic,56,No,0,0,1,0,1,0,False,False,-1.1552834925186746,-0.29109036619319206
Female,0,Yes,33,Yes,No,DSL,24,No,0,1,1,0,0,0,False,True,0.025607055362205634,-1.3545837907029317
Male,0,No,18,Yes,No,Fiber optic,19,No,1,0,1,0,1,0,False,False,-0.5851984004382496,-1.5207546382825785
Male,0,No,4,Yes,Yes,DSL,50,Yes,1,0,1,1,0,1,True,False,-1.1552834925186746,-0.49049538328876824
Male,0,Yes,56,Yes,Yes,Fiber optic,21,No,1,1,1,1,1,0,True,False,0.9621754209229036,-1.45428629925072
Female,0,No,17,Yes,No,DSL,70,Yes,0,0,1,0,0,1,False,False,-0.62591876415828,0.17418800702981907
Male,0,No,50,Yes,Yes,Fiber optic,90,No,1,0,1,1,1,0,False,False,0.7178532386027215,0.8388713973484064
Male,0,Yes,72,Yes,Yes,Fiber optic,20,No,1,1,1,1,1,0,False,False,1.6137012404433893,-1.4875204687666492
Male,0,No,10,Yes,No,Fiber optic,75,No,1,0,1,0,1,0,False,False,-0.9109613101984924,0.3403588546094659
Female,0,Yes,25,Yes,Yes,DSL,20,No,0,1,1,1,0,0,False,True,-0.30015585439803716,-1.4875204687666492
Female,0,No,71,Yes,No,DSL,25,No,0,0,1,0,0,0,True,False,1.5729808767233588,-1.3213496211870024
Female,0,Yes,20,Yes,No,DSL,26,No,0,1,1,0,0,0,True,False,-0.5037576729981889,-1.288115451671073
Male,0,No,14,Yes,No,Fiber optic,86,Yes,1,0,1,0,1,1,False,False,-0.748079855318371,0.7059347192846889
Male,0,Yes,62,Yes,No,DSL,56,No,1,1,1,0,0,0,True,False,1.2064976032430856,-0.29109036619319206
Male,0,Yes,8,No,No,DSL,26,Yes,1,1,0,0,0,1,False,True,-0.9924020376385531,-1.288115451671073
Male,1,No,54,Yes,No,DSL,90,No,1,0,1,0,0,0,False,True,0.880734693482843,0.8388713973484064
Female,0,No,61,Yes,Yes,Fiber optic,119,No,0,0,1,1,1,0,False,False,1.1657772395230555,1.802662313310358
Female,0,Yes,67,No,Yes,DSL,60,No,0,1,0,1,0,0,False,True,1.4100994218432374,-0.15815368812947458
Male,1,No,49,Yes,No,Fiber optic,81,No,1,0,1,0,1,0,True,False,0.6771328748826912,0.5397638717050421
Male,0,No,66,Yes,No,DSL,92,No,1,0,1,0,0,0,True,False,1.369379058123207,0.9053397363802651
Male,0,No,47,Yes,No,DSL,104,No,1,0,1,0,0,0,False,False,0.5956921474426305,1.3041497705714176
Male,0,No,21,No,No,DSL,36,No,1,0,0,0,0,0,False,True,-0.46303730927815856,-0.9557737565117794
Male,0,No,51,Yes,No,DSL,99,No,1,0,1,0,0,0,True,False,0.758573602322752,1.1379789229917707
Female,1,No,22,Yes,Yes,Fiber optic,82,No,0,0,1,1,1,0,False,False,-0.4223169455581282,0.5729980412209714
Male,0,No,3,Yes,No,Fiber optic,21,No,1,0,1,0,1,0,False,False,-1.1960038562387048,-1.45428629925072
Female,0,No,64,Yes,Yes,Fiber optic,110,No,0,0,1,1,1,0,True,False,1.2879383306831464,1.5035547876669937
Female,0,No,67,No,Yes,Fiber optic,53,No,0,0,0,1,1,0,False,True,1.4100994218432374,-0.3907928747409802
Male,0,No,72,Yes,Yes,DSL,25,No,1,0,1,1,0,0,False,True,1.6137012404433893,-1.3213496211870024
Male,0,Yes,37,Yes,No,DSL,61,No,1,1,1,0,0,0,False,False,0.18848851024232702,-0.12491951861354524
Female,1,No,37,Yes,Yes,DSL,20,No,0,0,1,1,0,0,True,False,0.18848851024232702,-1.4875204687666492
Male,1,No,41,Yes,Yes,DSL,98,Yes,1,0,1,1,0,1,False,True,0.35136996512244845,1.1047447534758412
Male,0,No,65,Yes,No,DSL,104,No,1,0,1,0,0,0,False,False,1.3286586944031769,1.3041497705714176
Male,0,No,47,Yes,No,Fiber optic,20,No,1,0,1,0,1,0,False,False,0.5956921474426305,-1.4875204687666492
Female,0,No,26,Yes,Yes,Fiber optic,75,Yes,0,0,1,1,1,1,False,False,-0.2594354906780068,0.3403588546094659
Male,0,No,9,Yes,No,DSL,85,Yes,1,0,1,0,0,1,False,False,-0.9516816739185228,0.6727005497687596
Female,0,Yes,60,Yes,Yes,DSL,81,No,0,1,1,1,0,0,False,True,1.125056875803025,0.5397638717050421
Male,1,No,1,Yes,No,DSL,86,Yes,1,0,1,0,0,1,False,False,-1.2774445836787656,0.7059347192846889
Female,0,No,62,No,Yes,Fiber optic,44,No,0,0,0,1,1,0,False,False,1.2064976032430856,-0.6899004003843444
Female,0,No,6,Yes,No,Fiber optic,69,Yes,0,0,1,0,1,1,False,False,-1.0738427650786138,0.1409538375138897
Female,0,No,53,Yes,Yes,Fiber optic,99,No,0,0,1,1,1,0,False,False,0.8400143297628127,1.1379789229917707
Female,0,No,32,Yes,Yes,Fiber optic,76,No,0,0,1,1,1,0,False,True,-0.015113308357824713,0.37359302412539525
Male,0,No,67,Yes,Yes,Fiber optic,118,Yes,1,0,1,1,1,1,False,False,1.4100994218432374,1.7694281437944286
Female,0,No,15,Yes,No,DSL,25,Yes,0,0,1,0,0,1,False,False,-0.7073594915983407,-1.3213496211870024
Male,0,No,49,No,Yes,Fiber optic,30,No,1,0,0,1,1,0,False,True,0.6771328748826912,-1.1551787736073555
Female,0,Yes,22,Yes,Yes,DSL,55,Yes,0,1,1,1,0,1,False,True,-0.4223169455581282,-0.32432453570912145
Male,0,No,64,Yes,Yes,Fiber optic,105,No,1,0,1,1,1,0,False,False,1.2879383306831464,1.3373839400873468
Male,0,No,21,Yes,Yes,DSL,82,Yes,1,0,1,1,0,1,True,False,-0.46303730927815856,0.5729980412209714
Female,1,No,12,Yes,No,DSL,98,Yes,0,0,1,0,0,1,False,True,-0.8295205827584317,1.1047447534758412
Female,0,No,43,Yes,Yes,Fiber optic,94,No,0,0,1,1,1,0,False,True,0.43281069256250915,0.9718080754121239
Male,0,Yes,66,Yes,No,DSL,20,No,1,1,1,0,0,0,False,True,1.369379058123207,-1.4875204687666492
Female,0,No,44,Yes,Yes,Fiber optic,96,Yes,0,0,1,1,1,1,False,False,0.47353105628253944,1.0382764144439827
Female,1,No,17,Yes,Yes,Fiber optic,21,No,0,0,1,1,1,0,False,True,-0.62591876415828,-1.45428629925072
Female,0,No,1,Yes,No,DSL,50,Yes,0,0,1,0,0,1,False,False,-1.2774445836787656,-0.49049538328876824
Male,1,No,51,Yes,No,DSL,98,Yes,1,0,1,0,0,1,False,False,0.758573602322752,1.1047447534758412
Male,0,No,9,Yes,No,DSL,20,Yes,1,0,1,0,0,1,False,False,-0.9516816739185228,-1.4875204687666492
Female,0,No,64,Yes,No,Fiber optic,100,Yes,0,0,1,0,1,1,False,True,1.2879383306831464,1.1712130925077
Male,0,No,8,Yes,Yes,Fiber optic,75,No,1,0,1,1,1,0,True,False,-0.9924020376385531,0.3403588546094659
Male,0,Yes,57,Yes,No,DSL,74,No,1,1,1,0,0,0,False,False,1.002895784642934,0.3071246850935365
Female,0,No,59,Yes,No,Fiber optic,69,No,0,0,1,0,1,0,False,False,1.0843365120829946,0.1409538375138897
Male,0,No,64,Yes,No,DSL,66,No,1,0,1,0,0,0,False,False,1.2879383306831464,0.0412513289661016
Female,0,Yes,1,Yes,No,DSL,19,No,0,1,1,0,0,0,False,True,-1.2774445836787656,-1.5207546382825785
Female,0,Yes,72,Yes,No,DSL,86,No,0,1,1,0,0,0,False,True,1.6137012404433893,0.7059347192846889
Male,0,No,1,Yes,No,DSL,80,Yes,1,0,1,0,0,1,False,True,-1.2774445836787656,0.5065297021891128
Male,1,No,51,Yes,Yes,Fiber optic,25,No,1,0,1,1,1,0,True,False,0.758573602322752,-1.3213496211870024
Female,0,No,42,Yes,No,DSL,84,Yes,0,0,1,0,0,1,True,False,0.3920903288424788,0.6394663802528302
Female,0,No,1,Yes,No,Fiber optic,20,No,0,0,1,0,1,0,False,True,-1.2774445836787656,-1.4875204687666492
Female,0,No,56,Yes,No,DSL,103,No,0,0,1,0,0,0,False,False,0.9621754209229036,1.270915601055488
Male,0,No,39,Yes,Yes,Fiber optic,106,No,1,0,1,1,1,0,False,False,0.26992923768238775,1.3706181096032763
Male,0,Yes,25,No,No,Fiber optic,41,No,1,1,0,0,1,0,False,False,-0.30015585439803716,-0.7896029089321326
Male,1,Yes,71,Yes,No,DSL,73,No,1,1,1,0,0,0,True,False,1.5729808767233588,0.2738905155776072
Male,0,No,10,Yes,No,DSL,46,No,1,0,1,0,0,0,False,False,-0.9109613101984924,-0.6234320613524857
Male,0,No,40,Yes,No,DSL,85,No,1,0,1,0,0,0,False,True,0.3106496014024181,0.6727005497687596
Male,0,Yes,68,Yes,Yes,Fiber optic,24,No,1,1,1,1,1,0,True,False,1.4508197855632678,-1.3545837907029317
Male,0,Yes,61,Yes,No,DSL,20,No,1,1,1,0,0,0,True,False,1.1657772395230555,-1.4875204687666492
Male,0,Yes,69,Yes,No,Fiber optic,87,No,1,1,1,0,1,0,False,False,1.4915401492832983,0.7391688888006183
Female,0,No,30,Yes,Yes,Fiber optic,85,Yes,0,0,1,1,1,1,True,False,-0.0965540357978854,0.6727005497687596
Male,0,No,1,Yes,Yes,DSL,46,Yes,1,0,1,1,0,1,False,True,-1.2774445836787656,-0.6234320613524857
Female,0,No,22,Yes,No,DSL,19,No,0,0,1,0,0,0,True,False,-0.4223169455581282,-1.5207546382825785
Male,0,Yes,38,Yes,No,DSL,95,No,1,1,1,0,0,0,False,False,0.22920887396235737,1.0050422449280532
Female,0,No,3,Yes,Yes,Fiber optic,75,Yes,0,0,1,1,1,1,False,True,-1.1960038562387048,0.3403588546094659
Male,0,No,1,No,No,DSL,35,Yes,1,0,0,0,0,1,False,False,-1.2774445836787656,-0.9890079260277087
Male,0,No,41,Yes,No,DSL,90,No,1,0,1,0,0,0,True,False,0.35136996512244845,0.8388713973484064
Female,0,No,7,Yes,No,DSL,50,No,0,0,1,0,0,0,True,False,-1.0331224013585834,-0.49049538328876824
Female,0,Yes,68,Yes,No,DSL,104,No,0,1,1,0,0,0,False,True,1.4508197855632678,1.3041497705714176
Male,0,No,5,Yes,No,Fiber optic,64,No,1,0,1,0,1,0,False,False,-1.1145631287986442,-0.025217010065757134
Male,0,Yes,41,Yes,Yes,Fiber optic,103,Yes,1,1,1,1,1,1,False,False,0.35136996512244845,1.270915601055488
Female,0,Yes,35,Yes,No,DSL,26,No,0,1,1,0,0,0,True,False,0.10704778280226633,-1.288115451671073
Male,0,No,19,Yes,No,DSL,86,Yes,1,0,1,0,0,1,False,False,-0.5444780367182193,0.7059347192846889
Male,0,Yes,69,Yes,Yes,Fiber optic,79,No,1,1,1,1,1,0,False,False,1.4915401492832983,0.47329553267318336
Male,0,Yes,45,Yes,Yes,Fiber optic,74,No,1,1,1,1,1,0,False,False,0.5142514200025698,0.3071246850935365
Male,0,Yes,67,Yes,Yes,Fiber optic,68,No,1,1,1,1,1,0,False,True,1.4100994218432374,0.10771966799796033
Female,0,Yes,61,Yes,Yes,Fiber optic,79,No,0,1,1,1,1,0,False,True,1.1657772395230555,0.47329553267318336
Male,0,No,24,Yes,Yes,DSL,85,No,1,0,1,1,0,0,True,False,-0.3408762181180675,0.6727005497687596
Female,0,No,22,Yes,Yes,Fiber optic,69,Yes,0,0,1,1,1,1,True,False,-0.4223169455581282,0.1409538375138897
Female,0,No,63,Yes,No,DSL,81,No,0,0,1,0,0,0,False,True,1.247217966963116,0.5397638717050421
Female,0,No,1,No,No,DSL,36,Yes,0,0,0,0,0,1,False,False,-1.2774445836787656,-0.9557737565117794
Female,0,No,24,Yes,No,DSL,104,No,0,0,1,0,0,0,False,True,-0.3408762181180675,1.3041497705714176
Female,0,No,39,Yes,No,DSL,96,Yes,0,0,1,0,0,1,True,False,0.26992923768238775,1.0382764144439827
Male,0,Yes,63,Yes,Yes,Fiber optic,91,No,1,1,1,1,1,0,True,False,1.247217966963116,0.8721055668643357
Male,0,No,1,Yes,Yes,Fiber optic,51,No,1,0,1,1,1,0,False,False,-1.2774445836787656,-0.4572612137728389
Female,0,Yes,26,No,Yes,DSL,30,No,0,1,0,1,0,0,False,True,-0.2594354906780068,-1.1551787736073555
Male,0,No,41,No,Yes,DSL,51,No,1,0,0,1,0,0,False,True,0.35136996512244845,-0.4572612137728389
Male,0,No,22,Yes,Yes,DSL,20,No,1,0,1,1,0,0,False,False,-0.4223169455581282,-1.4875204687666492
Male,0,Yes,35,Yes,Yes,Fiber optic,90,No,1,1,1,1,1,0,False,False,0.10704778280226633,0.8388713973484064
Male,0,Yes,37,Yes,Yes,Fiber optic,20,No,1,1,1,1,1,0,False,True,0.18848851024232702,-1.4875204687666492
Female,0,No,55,Yes,No,Fiber optic,104,No,0,0,1,0,1,0,False,False,0.9214550572028734,1.3041497705714176
Female,0,No,38,Yes,Yes,Fiber optic,66,No,0,0,1,1,1,0,False,False,0.22920887396235737,0.0412513289661016
Female,0,Yes,32,No,Yes,Fiber optic,35,No,0,1,0,1,1,0,True,False,-0.015113308357824713,-0.9890079260277087
Female,0,Yes,14,Yes,No,DSL,86,No,0,1,1,0,0,0,False,False,-0.748079855318371,0.7059347192846889
Male,0,Yes,62,Yes,No,Fiber optic,104,No,1,1,1,0,1,0,False,False,1.2064976032430856,1.3041497705714176
Female,0,No,14,Yes,Yes,DSL,86,Yes,0,0,1,1,0,1,False,True,-0.748079855318371,0.7059347192846889
Male,0,Yes,29,Yes,No,DSL,89,Yes,1,1,1,0,0,1,True,False,-0.13727439951791576,0.805637227832477
Male,0,No,54,Yes,Yes,Fiber optic,90,No,1,0,1,1,1,0,True,False,0.880734693482843,0.8388713973484064
Female,0,Yes,71,Yes,No,Fiber optic,95,No,0,1,1,0,1,0,True,False,1.5729808767233588,1.0050422449280532
Male,0,No,47,Yes,No,Fiber optic,95,No,1,0,1,0,1,0,False,False,0.5956921474426305,1.0050422449280532
Male,1,No,2,Yes,Yes,Fiber optic,95,Yes,1,0,1,1,1,1,False,False,-1.2367242199587352,1.0050422449280532
Female,0,Yes,45,No,No,DSL,51,No,0,1,0,0,0,0,False,True,0.5142514200025698,-0.4572612137728389
Male,0,No,70,Yes,Yes,DSL,76,No,1,0,1,1,0,0,False,True,1.5322605130033284,0.37359302412539525
Female,0,Yes,4,Yes,Yes,Fiber optic,20,Yes,0,1,1,1,1,1,False,False,-1.1552834925186746,-1.4875204687666492
Male,0,Yes,33,Yes,No,DSL,82,No,1,1,1,0,0,0,False,False,0.025607055362205634,0.5729980412209714
Male,1,Yes,20,Yes,No,DSL,94,No,1,1,1,0,0,0,False,False,-0.5037576729981889,0.9718080754121239
Male,0,Yes,56,Yes,No,DSL,24,No,1,1,1,0,0,0,True,False,0.9621754209229036,-1.3545837907029317
Female,0,No,12,Yes,No,DSL,100,Yes,0,0,1,0,0,1,False,False,-0.8295205827584317,1.1712130925077
Male,0,Yes,1,Yes,No,Fiber optic,20,No,1,1,1,0,1,0,False,False,-1.2774445836787656,-1.4875204687666492
Female,1,No,38,Yes,Yes,Fiber optic,57,Yes,0,0,1,1,1,1,True,False,0.22920887396235737,-0.2578561966772627
Female,0,Yes,12,Yes,No,Fiber optic,58,No,0,1,1,0,1,0,False,False,-0.8295205827584317,-0.22462202716133334
Male,0,No,1,Yes,No,Fiber optic,20,Yes,1,0,1,0,1,1,False,False,-1.2774445836787656,-1.4875204687666492
Male,0,No,28,Yes,No,DSL,18,No,1,0,1,0,0,0,False,True,-0.1779947632379461,-1.553988807798508
Female,0,Yes,43,Yes,No,Fiber optic,50,No,0,1,1,0,1,0,True,False,0.43281069256250915,-0.49049538328876824
Female,0,No,61,Yes,Yes,DSL,107,Yes,0,0,1,1,0,1,False,True,1.1657772395230555,1.4038522791192056
Male,0,No,16,Yes,No,Fiber optic,55,No,1,0,1,0,1,0,False,True,-0.6666391278783103,-0.32432453570912145
Male,0,No,10,Yes,Yes,Fiber optic,70,Yes,1,0,1,1,1,1,False,False,-0.9109613101984924,0.17418800702981907
Male,0,Yes,63,Yes,No,DSL,80,No,1,1,1,0,0,0,True,False,1.247217966963116,0.5065297021891128
Male,0,No,62,Yes,No,Fiber optic,24,No,1,0,1,0,1,0,False,True,1.2064976032430856,-1.3545837907029317
Male,0,No,46,No,Yes,Fiber optic,40,No,1,0,0,1,1,0,True,False,0.5549717837226001,-0.8228370784480619
Male,0,Yes,1,Yes,Yes,Fiber optic,20,No,1,1,1,1,1,0,False,True,-1.2774445836787656,-1.4875204687666492
Female,0,Yes,9,Yes,No,DSL,55,No,0,1,1,0,0,0,False,False,-0.9516816739185228,-0.32432453570912145
Male,0,No,2,Yes,Yes,Fiber optic,96,Yes,1,0,1,1,1,1,False,False,-1.2367242199587352,1.0382764144439827
Male,0,Yes,35,Yes,Yes,Fiber optic,69,No,1,1,1,1,1,0,True,False,0.10704778280226633,0.1409538375138897
Male,0,Yes,69,Yes,No,DSL,82,No,1,1,1,0,0,0,False,False,1.4915401492832983,0.5729980412209714
Male,0,No,33,Yes,No,DSL,80,No,1,0,1,0,0,0,False,False,0.025607055362205634,0.5065297021891128
Female,0,No,46,Yes,Yes,Fiber optic,21,No,0,0,1,1,1,0,False,False,0.5549717837226001,-1.45428629925072
Female,1,No,1,Yes,Yes,Fiber optic,70,Yes,0,0,1,1,1,1,False,False,-1.2774445836787656,0.17418800702981907
Female,0,No,1,Yes,Yes,Fiber optic,76,No,0,0,1,1,1,0,False,False,-1.2774445836787656,0.37359302412539525
Female,0,Yes,65,Yes,No,DSL,26,No,0,1,1,0,0,0,True,False,1.3286586944031769,-1.288115451671073
Female,0,No,15,Yes,Yes,Fiber optic,59,No,0,0,1,1,1,0,False,False,-0.7073594915983407,-0.19138785764540397
Male,0,No,7,Yes,Yes,DSL,69,No,1,0,1,1,0,0,False,False,-1.0331224013585834,0.1409538375138897
Male,0,No,19,Yes,No,DSL,78,Yes,1,0,1,0,0,1,False,False,-0.5444780367182193,0.44006136315725397
Male,0,Yes,25,Yes,No,Fiber optic,76,No,1,1,1,0,1,0,False,False,-0.30015585439803716,0.37359302412539525
Male,0,No,38,Yes,No,Fiber optic,70,No,1,0,1,0,1,0,False,False,0.22920887396235737,0.17418800702981907
Female,0,No,53,Yes,No,DSL,19,No,0,0,1,0,0,0,False,True,0.8400143297628127,-1.5207546382825785
Male,0,No,1,Yes,No,DSL,45,Yes,1,0,1,0,0,1,False,False,-1.2774445836787656,-0.6566662308684151
Female,0,Yes,1,Yes,Yes,Fiber optic,69,Yes,0,1,1,1,1,1,False,False,-1.2774445836787656,0.1409538375138897
Male,0,Yes,52,Yes,Yes,Fiber optic,21,No,1,1,1,1,1,0,False,False,0.7992939660427822,-1.45428629925072
Female,0,No,43,Yes,No,DSL,79,No,0,0,1,0,0,0,False,False,0.43281069256250915,0.47329553267318336
Male,0,Yes,23,Yes,No,Fiber optic,54,No,1,1,1,0,1,0,True,False,-0.38159658183809786,-0.3575587052250508
Female,0,No,2,Yes,Yes,Fiber optic,81,Yes,0,0,1,1,1,1,False,True,-1.2367242199587352,0.5397638717050421
Female,0,No,34,Yes,No,Fiber optic,50,No,0,0,1,0,1,0,True,False,0.06632741908223598,-0.49049538328876824
Male,0,Yes,6,Yes,Yes,Fiber optic,45,Yes,1,1,1,1,1,1,True,False,-1.0738427650786138,-0.6566662308684151
Male,0,No,26,Yes,No,DSL,52,No,1,0,1,0,0,0,False,True,-0.2594354906780068,-0.4240270442569095
Male,0,No,2,Yes,No,Fiber optic,45,No,1,0,1,0,1,0,False,False,-1.2367242199587352,-0.6566662308684151
Female,0,Yes,11,Yes,No,DSL,20,No,0,1,1,0,0,0,False,False,-0.8702409464784621,-1.4875204687666492
Male,0,No,1,Yes,No,DSL,50,Yes,1,0,1,0,0,1,False,False,-1.2774445836787656,-0.49049538328876824
Male,0,No,53,Yes,Yes,Fiber optic,98,No,1,0,1,1,1,0,False,False,0.8400143297628127,1.1047447534758412
Male,0,No,1,Yes,No,Fiber optic,20,No,1,0,1,0,1,0,False,False,-1.2774445836787656,-1.4875204687666492
Male,0,No,14,Yes,Yes,DSL,76,No,1,0,1,1,0,0,False,True,-0.748079855318371,0.37359302412539525
Female,1,No,22,Yes,Yes,Fiber optic,26,No,0,0,1,1,1,0,False,False,-0.4223169455581282,-1.288115451671073
Male,0,No,64,Yes,No,DSL,84,No,1,0,1,0,0,0,False,True,1.2879383306831464,0.6394663802528302
Female,0,No,62,Yes,No,DSL,72,No,0,0,1,0,0,0,False,True,1.2064976032430856,0.2406563460616778
Male,0,No,36,Yes,Yes,Fiber optic,65,Yes,1,0,1,1,1,1,False,False,0.14776814652229667,0.008017159450172232
Male,0,No,4,Yes,No,Fiber optic,81,Yes,1,0,1,0,1,1,False,True,-1.1552834925186746,0.5397638717050421
Male,0,Yes,38,Yes,Yes,Fiber optic,85,No,1,1,1,1,1,0,False,False,0.22920887396235737,0.6727005497687596
Male,0,No,32,Yes,Yes,DSL,86,No,1,0,1,1,0,0,False,True,-0.015113308357824713,0.7059347192846889
Female,0,Yes,61,No,No,DSL,51,No,0,1,0,0,0,0,False,True,1.1657772395230555,-0.4572612137728389
Female,0,No,70,Yes,No,Fiber optic,26,No,0,0,1,0,1,0,False,False,1.5322605130033284,-1.288115451671073
Male,1,No,31,Yes,No,DSL,89,No,1,0,1,0,0,0,False,True,-0.055833672077855064,0.805637227832477
Male,0,No,9,Yes,No,Fiber optic,19,Yes,1,0,1,0,1,1,False,False,-0.9516816739185228,-1.5207546382825785
Female,0,No,66,Yes,No,DSL,90,No,0,0,1,0,0,0,False,True,1.369379058123207,0.8388713973484064
Female,0,No,10,Yes,No,DSL,20,No,0,0,1,0,0,0,False,False,-0.9109613101984924,-1.4875204687666492
Female,0,Yes,30,Yes,No,Fiber optic,64,No,0,1,1,0,1,0,False,False,-0.0965540357978854,-0.025217010065757134
Male,0,Yes,5,Yes,Yes,Fiber optic,90,No,1,1,1,1,1,0,False,False,-1.1145631287986442,0.8388713973484064
Male,0,Yes,54,Yes,Yes,Fiber optic,24,No,1,1,1,1,1,0,False,False,0.880734693482843,-1.3545837907029317
Male,0,No,59,No,No,DSL,41,Yes,1,0,0,0,0,1,False,False,1.0843365120829946,-0.7896029089321326
Male,0,Yes,40,Yes,No,DSL,25,No,1,1,1,0,0,0,True,False,0.3106496014024181,-1.3213496211870024
Male,0,No,35,Yes,No,DSL,109,No,1,0,1,0,0,0,False,True,0.10704778280226633,1.4703206181510644
Female,0,No,12,Yes,No,DSL,62,Yes,0,0,1,0,0,1,True,False,-0.8295205827584317,-0.09168534909761586
Male,0,No,42,Yes,Yes,Fiber optic,95,Yes,1,0,1,1,1,1,False,False,0.3920903288424788,1.0050422449280532
Female,0,No,72,Yes,Yes,DSL,108,No,0,0,1,1,0,0,False,True,1.6137012404433893,1.437086448635135
Male,0,Yes,63,No,No,DSL,39,No,1,1,0,0,0,0,False,False,1.247217966963116,-0.8560712479639913
Male,0,No,4,Yes,No,DSL,20,No,1,0,1,0,0,0,False,False,-1.1552834925186746,-1.4875204687666492
Female,1,Yes,68,No,No,DSL,53,No,0,1,0,0,0,0,False,True,1.4508197855632678,-0.3907928747409802
Male,0,No,32,Yes,No,Fiber optic,65,No,1,0,1,0,1,0,True,False,-0.015113308357824713,0.008017159450172232
Male,0,Yes,5,Yes,Yes,DSL,80,Yes,1,1,1,1,0,1,True,False,-1.1145631287986442,0.5065297021891128
Female,0,No,72,Yes,No,DSL,109,No,0,0,1,0,0,0,False,False,1.6137012404433893,1.4703206181510644
Male,0,No,1,Yes,Yes,Fiber optic,76,Yes,1,0,1,1,1,1,False,False,-1.2774445836787656,0.37359302412539525
Female,1,No,1,Yes,No,DSL,56,Yes,0,0,1,0,0,1,True,False,-1.2774445836787656,-0.29109036619319206
Female,0,Yes,71,Yes,Yes,Fiber optic,91,No,0,1,1,1,1,0,True,False,1.5729808767233588,0.8721055668643357
Female,0,Yes,46,Yes,Yes,Fiber optic,19,No,0,1,1,1,1,0,False,False,0.5549717837226001,-1.5207546382825785
Female,0,No,13,No,No,DSL,24,Yes,0,0,0,0,0,1,True,False,-0.7888002190384014,-1.3545837907029317
Female,0,No,41,Yes,Yes,Fiber optic,81,No,0,0,1,1,1,0,False,True,0.35136996512244845,0.5397638717050421
Male,1,No,30,Yes,Yes,Fiber optic,75,No,1,0,1,1,1,0,False,False,-0.0965540357978854,0.3403588546094659
Female,0,No,1,Yes,Yes,DSL,69,Yes,0,0,1,1,0,1,False,True,-1.2774445836787656,0.1409538375138897
Female,0,Yes,22,No,No,DSL,49,No,0,1,0,0,0,0,False,False,-0.4223169455581282,-0.5237295528046976
Male,0,Yes,1,Yes,Yes,DSL,20,No,1,1,1,1,0,0,False,True,-1.2774445836787656,-1.4875204687666492
Female,0,No,10,Yes,Yes,Fiber optic,78,No,0,0,1,1,1,0,False,True,-0.9109613101984924,0.44006136315725397
Female,0,No,19,No,Yes,Fiber optic,45,Yes,0,0,0,1,1,1,False,True,-0.5444780367182193,-0.6566662308684151
Male,0,Yes,27,Yes,Yes,Fiber optic,56,No,1,1,1,1,1,0,True,False,-0.21871512695797646,-0.29109036619319206
Female,0,No,14,Yes,No,DSL,70,No,0,0,1,0,0,0,False,False,-0.748079855318371,0.17418800702981907
Male,0,No,59,Yes,No,DSL,114,No,1,0,1,0,0,0,True,False,1.0843365120829946,1.6364914657307112
Male,0,No,2,Yes,Yes,Fiber optic,76,Yes,1,0,1,1,1,1,False,True,-1.2367242199587352,0.37359302412539525
Male,0,Yes,12,Yes,No,DSL,21,No,1,1,1,0,0,0,True,False,-0.8295205827584317,-1.45428629925072
Male,0,No,4,Yes,Yes,DSL,46,No,1,0,1,1,0,0,True,False,-1.1552834925186746,-0.6234320613524857
Male,1,No,65,Yes,No,Fiber optic,110,No,1,0,1,0,1,0,False,False,1.3286586944031769,1.5035547876669937
Male,0,Yes,2,Yes,No,Fiber optic,97,No,1,1,1,0,1,0,False,True,-1.2367242199587352,1.071510583959912
Female,1,No,71,Yes,Yes,Fiber optic,106,No,0,0,1,1,1,0,False,False,1.5729808767233588,1.3706181096032763
Female,1,No,30,Yes,Yes,DSL,92,Yes,0,0,1,1,0,1,False,True,-0.0965540357978854,0.9053397363802651
Female,0,No,29,Yes,No,DSL,75,No,0,0,1,0,0,0,True,False,-0.13727439951791576,0.3403588546094659
Female,0,Yes,5,Yes,No,DSL,99,Yes,0,1,1,0,0,1,False,True,-1.1145631287986442,1.1379789229917707
Female,0,No,17,Yes,Yes,Fiber optic,93,No,0,0,1,1,1,0,False,False,-0.62591876415828,0.9385739058961945
Female,0,Yes,61,Yes,Yes,DSL,24,No,0,1,1,1,0,0,True,False,1.1657772395230555,-1.3545837907029317
Female,0,Yes,16,Yes,Yes,Fiber optic,89,Yes,0,1,1,1,1,1,False,False,-0.6666391278783103,0.805637227832477
Male,0,Yes,47,Yes,Yes,Fiber optic,20,No,1,1,1,1,1,0,True,False,0.5956921474426305,-1.4875204687666492
Male,0,No,37,Yes,No,DSL,79,No,1,0,1,0,0,0,False,True,0.18848851024232702,0.47329553267318336
Male,0,No,8,No,No,DSL,25,No,1,0,0,0,0,0,True,False,-0.9924020376385531,-1.3213496211870024
Female,0,Yes,64,No,Yes,DSL,55,No,0,1,0,1,0,0,False,True,1.2879383306831464,-0.32432453570912145
Female,0,Yes,40,Yes,No,DSL,25,No,0,1,1,0,0,0,False,True,0.3106496014024181,-1.3213496211870024
Female,0,No,10,Yes,No,DSL,21,No,0,0,1,0,0,0,True,False,-0.9109613101984924,-1.45428629925072
Female,0,No,9,Yes,No,DSL,76,Yes,0,0,1,0,0,1,True,False,-0.9516816739185228,0.37359302412539525
Female,1,No,53,Yes,No,DSL,94,No,0,0,1,0,0,0,False,True,0.8400143297628127,0.9718080754121239
Female,0,No,1,Yes,No,Fiber optic,21,No,0,0,1,0,1,0,False,False,-1.2774445836787656,-1.45428629925072
Male,0,No,13,Yes,Yes,DSL,20,No,1,0,1,1,0,0,True,False,-0.7888002190384014,-1.4875204687666492
Female,0,No,34,Yes,No,DSL,55,No,0,0,1,0,0,0,False,False,0.06632741908223598,-0.32432453570912145
Male,0,Yes,21,Yes,No,DSL,25,No,1,1,1,0,0,0,False,True,-0.46303730927815856,-1.3213496211870024
Male,0,Yes,0,Yes,No,DSL,20,No,1,1,1,0,0,0,False,False,-1.318164947398796,-1.4875204687666492
Female,0,No,25,Yes,No,DSL,76,No,0,0,1,0,0,0,False,True,-0.30015585439803716,0.37359302412539525
Male,0,Yes,1,Yes,No,DSL,70,No,1,1,1,0,0,0,False,False,-1.2774445836787656,0.17418800702981907
Female,1,No,2,Yes,No,DSL,75,Yes,0,0,1,0,0,1,False,True,-1.2367242199587352,0.3403588546094659
Female,0,Yes,47,Yes,No,DSL,21,No,0,1,1,0,0,0,False,True,0.5956921474426305,-1.45428629925072
Female,0,No,72,Yes,Yes,DSL,94,No,0,0,1,1,0,0,False,True,1.6137012404433893,0.9718080754121239
Female,1,No,31,Yes,Yes,Fiber optic,100,Yes,0,0,1,1,1,1,False,False,-0.055833672077855064,1.1712130925077
Female,0,Yes,0,Yes,No,Fiber optic,20,No,0,1,1,0,1,0,False,False,-1.318164947398796,-1.4875204687666492
Male,0,No,47,Yes,Yes,Fiber optic,20,No,1,0,1,1,1,0,False,False,0.5956921474426305,-1.4875204687666492
Male,0,No,72,Yes,No,DSL,25,No,1,0,1,0,0,0,False,False,1.6137012404433893,-1.3213496211870024
Male,0,No,1,Yes,No,DSL,21,No,1,0,1,0,0,0,True,False,-1.2774445836787656,-1.45428629925072
Male,0,No,9,No,No,DSL,35,Yes,1,0,0,0,0,1,False,False,-0.9516816739185228,-0.9890079260277087
Male,0,No,4,No,Yes,DSL,30,No,1,0,0,1,0,0,True,False,-1.1552834925186746,-1.1551787736073555
Male,1,No,19,Yes,Yes,Fiber optic,87,No,1,0,1,1,1,0,False,False,-0.5444780367182193,0.7391688888006183
Male,0,No,43,Yes,Yes,Fiber optic,75,Yes,1,0,1,1,1,1,True,False,0.43281069256250915,0.3403588546094659
Female,0,Yes,43,Yes,No,DSL,75,No,0,1,1,0,0,0,True,False,0.43281069256250915,0.3403588546094659
Male,0,Yes,18,Yes,Yes,Fiber optic,46,No,1,1,1,1,1,0,True,False,-0.5851984004382496,-0.6234320613524857
Female,1,No,39,Yes,No,DSL,100,No,0,0,1,0,0,0,False,False,0.26992923768238775,1.1712130925077
Male,1,No,11,Yes,No,DSL,111,No,1,0,1,0,0,0,False,True,-0.8702409464784621,1.536788957182923
Male,0,No,1,No,Yes,Fiber optic,36,Yes,1,0,0,1,1,1,True,False,-1.2774445836787656,-0.9557737565117794
Female,0,No,1,Yes,Yes,Fiber optic,69,Yes,0,0,1,1,1,1,False,False,-1.2774445836787656,0.1409538375138897
Female,0,No,43,No,Yes,Fiber optic,34,No,0,0,0,1,1,0,False,False,0.43281069256250915,-1.0222420955436382
Male,0,Yes,12,Yes,Yes,Fiber optic,26,No,1,1,1,1,1,0,False,False,-0.8295205827584317,-1.288115451671073
Male,0,Yes,52,Yes,No,DSL,85,No,1,1,1,0,0,0,False,False,0.7992939660427822,0.6727005497687596
Male,0,No,71,Yes,No,Fiber optic,83,No,1,0,1,0,1,0,False,True,1.5729808767233588,0.6062322107369008
Female,0,No,71,Yes,No,DSL,109,No,0,0,1,0,0,0,True,False,1.5729808767233588,1.4703206181510644
Male,0,No,30,Yes,No,DSL,94,No,1,0,1,0,0,0,False,False,-0.0965540357978854,0.9718080754121239
Female,0,Yes,39,Yes,No,DSL,24,No,0,1,1,0,0,0,False,False,0.26992923768238775,-1.3545837907029317
Female,0,Yes,3,Yes,No,Fiber optic,55,Yes,0,1,1,0,1,1,False,False,-1.1960038562387048,-0.32432453570912145
Male,0,No,3,Yes,No,Fiber optic,21,No,1,0,1,0,1,0,False,False,-1.1960038562387048,-1.45428629925072
Male,0,Yes,68,Yes,No,Fiber optic,76,Yes,1,1,1,0,1,1,False,False,1.4508197855632678,0.37359302412539525
Female,0,Yes,41,Yes,Yes,DSL,19,No,0,1,1,1,0,0,True,False,0.35136996512244845,-1.5207546382825785
Female,0,No,8,Yes,Yes,DSL,87,Yes,0,0,1,1,0,1,False,False,-0.9924020376385531,0.7391688888006183
Female,0,No,72,Yes,No,DSL,24,No,0,0,1,0,0,0,False,True,1.6137012404433893,-1.3545837907029317
Male,0,No,10,Yes,Yes,Fiber optic,80,Yes,1,0,1,1,1,1,False,False,-0.9109613101984924,0.5065297021891128
Male,0,Yes,12,Yes,Yes,Fiber optic,54,Yes,1,1,1,1,1,1,False,False,-0.8295205827584317,-0.3575587052250508
Female,0,No,72,Yes,No,DSL,110,No,0,0,1,0,0,0,True,False,1.6137012404433893,1.5035547876669937
Female,1,No,17,Yes,No,DSL,85,Yes,0,0,1,0,0,1,False,True,-0.62591876415828,0.6727005497687596
Female,0,Yes,68,Yes,No,DSL,78,No,0,1,1,0,0,0,True,False,1.4508197855632678,0.44006136315725397
Female,0,No,57,Yes,No,DSL,104,Yes,0,0,1,0,0,1,True,False,1.002895784642934,1.3041497705714176
Female,1,No,37,Yes,Yes,Fiber optic,107,Yes,0,0,1,1,1,1,True,False,0.18848851024232702,1.4038522791192056
Male,0,Yes,1,Yes,No,Fiber optic,49,Yes,1,1,1,0,1,1,False,False,-1.2774445836787656,-0.5237295528046976
Female,0,No,53,Yes,No,DSL,107,Yes,0,0,1,0,0,1,False,True,0.8400143297628127,1.4038522791192056
Female,0,No,34,Yes,Yes,DSL,80,No,0,0,1,1,0,0,False,False,0.06632741908223598,0.5065297021891128
Female,0,No,49,Yes,Yes,DSL,60,Yes,0,0,1,1,0,1,True,False,0.6771328748826912,-0.15815368812947458
Female,0,No,70,Yes,Yes,Fiber optic,86,No,0,0,1,1,1,0,False,True,1.5322605130033284,0.7059347192846889
Male,1,No,67,Yes,Yes,Fiber optic,65,No,1,0,1,1,1,0,False,True,1.4100994218432374,0.008017159450172232
Female,0,No,51,Yes,No,DSL,25,No,0,0,1,0,0,0,False,False,0.758573602322752,-1.3213496211870024
Female,0,No,3,Yes,No,DSL,70,No,0,0,1,0,0,0,False,False,-1.1960038562387048,0.17418800702981907
Female,0,No,1,Yes,No,Fiber optic,71,No,0,0,1,0,1,0,False,False,-1.2774445836787656,0.20742217654574843
Male,0,Yes,56,Yes,Yes,Fiber optic,76,No,1,1,1,1,1,0,False,False,0.9621754209229036,0.37359302412539525
Male,0,No,12,Yes,No,Fiber optic,113,Yes,1,0,1,0,1,1,False,False,-0.8295205827584317,1.6032572962147817
Male,0,Yes,27,Yes,Yes,DSL,101,No,1,1,1,1,0,0,True,False,-0.21871512695797646,1.2044472620236295
Female,0,Yes,58,Yes,No,Fiber optic,105,No,0,1,1,0,1,0,False,False,1.0436161483629645,1.3373839400873468
Female,0,No,6,Yes,Yes,DSL,20,No,0,0,1,1,0,0,False,False,-1.0738427650786138,-1.4875204687666492
Female,0,Yes,64,Yes,Yes,Fiber optic,24,No,0,1,1,1,1,0,False,True,1.2879383306831464,-1.3545837907029317
Female,0,Yes,16,Yes,No,Fiber optic,80,No,0,1,1,0,1,0,False,False,-0.6666391278783103,0.5065297021891128
Female,0,Yes,44,Yes,No,DSL,94,No,0,1,1,0,0,0,False,False,0.47353105628253944,0.9718080754121239
Male,0,Yes,16,Yes,No,DSL,20,No,1,1,1,0,0,0,True,False,-0.6666391278783103,-1.4875204687666492
Female,0,No,18,Yes,No,Fiber optic,20,No,0,0,1,0,1,0,False,False,-0.5851984004382496,-1.4875204687666492
Male,0,No,44,Yes,No,DSL,20,No,1,0,1,0,0,0,False,True,0.47353105628253944,-1.4875204687666492
Male,1,No,30,Yes,No,DSL,102,No,1,0,1,0,0,0,True,False,-0.0965540357978854,1.2376814315395588
Male,0,No,25,Yes,No,DSL,79,No,1,0,1,0,0,0,False,False,-0.30015585439803716,0.47329553267318336
Female,0,No,14,Yes,No,Fiber optic,71,Yes,0,0,1,0,1,1,False,False,-0.748079855318371,0.20742217654574843
Female,0,Yes,4,Yes,Yes,Fiber optic,51,Yes,0,1,1,1,1,1,False,False,-1.1552834925186746,-0.4572612137728389
Female,0,No,42,Yes,Yes,Fiber optic,99,No,0,0,1,1,1,0,False,False,0.3920903288424788,1.1379789229917707
Female,0,Yes,7,Yes,No,Fiber optic,20,No,0,1,1,0,1,0,False,False,-1.0331224013585834,-1.4875204687666492
Male,0,No,19,Yes,No,DSL,85,No,1,0,1,0,0,0,False,False,-0.5444780367182193,0.6727005497687596
Male,1,Yes,7,Yes,No,DSL,46,No,1,1,1,0,0,0,False,True,-1.0331224013585834,-0.6234320613524857
Female,0,Yes,10,Yes,Yes,Fiber optic,66,No,0,1,1,1,1,0,True,False,-0.9109613101984924,0.0412513289661016
Female,0,No,15,Yes,No,DSL,102,No,0,0,1,0,0,0,False,False,-0.7073594915983407,1.2376814315395588
Male,0,No,12,Yes,No,DSL,107,Yes,1,0,1,0,0,1,True,False,-0.8295205827584317,1.4038522791192056
Female,0,Yes,12,Yes,No,Fiber optic,19,Yes,0,1,1,0,1,1,False,False,-0.8295205827584317,-1.5207546382825785
Female,0,No,8,Yes,No,DSL,19,No,0,0,1,0,0,0,False,True,-0.9924020376385531,-1.5207546382825785
Female,0,Yes,10,Yes,Yes,Fiber optic,20,No,0,1,1,1,1,0,False,False,-0.9109613101984924,-1.4875204687666492
Male,1,No,55,Yes,Yes,Fiber optic,74,No,1,0,1,1,1,0,False,False,0.9214550572028734,0.3071246850935365
Female,0,No,69,Yes,Yes,Fiber optic,82,No,0,0,1,1,1,0,False,False,1.4915401492832983,0.5729980412209714
Female,0,No,16,Yes,No,DSL,20,No,0,0,1,0,0,0,False,False,-0.6666391278783103,-1.4875204687666492
Male,0,No,51,No,Yes,Fiber optic,30,No,1,0,0,1,1,0,False,True,0.758573602322752,-1.1551787736073555
Female,0,No,71,Yes,No,DSL,90,No,0,0,1,0,0,0,False,True,1.5729808767233588,0.8388713973484064
Female,0,No,54,Yes,No,DSL,70,Yes,0,0,1,0,0,1,False,False,0.880734693482843,0.17418800702981907
Male,0,No,1,Yes,Yes,DSL,49,No,1,0,1,1,0,0,False,False,-1.2774445836787656,-0.5237295528046976
Female,0,No,26,Yes,No,DSL,55,No,0,0,1,0,0,0,False,True,-0.2594354906780068,-0.32432453570912145
Female,0,No,8,Yes,No,DSL,20,Yes,0,0,1,0,0,1,False,False,-0.9924020376385531,-1.4875204687666492
Female,0,No,12,Yes,No,DSL,20,No,0,0,1,0,0,0,False,False,-0.8295205827584317,-1.4875204687666492
Female,1,No,5,Yes,No,DSL,74,Yes,0,0,1,0,0,1,False,False,-1.1145631287986442,0.3071246850935365
Female,0,Yes,69,No,No,DSL,55,No,0,1,0,0,0,0,False,False,1.4915401492832983,-0.32432453570912145
Male,1,No,46,Yes,Yes,Fiber optic,99,No,1,0,1,1,1,0,True,False,0.5549717837226001,1.1379789229917707
Female,0,No,46,Yes,No,Fiber optic,96,Yes,0,0,1,0,1,1,False,False,0.5549717837226001,1.0382764144439827
Male,0,No,9,Yes,Yes,DSL,96,No,1,0,1,1,0,0,False,True,-0.9516816739185228,1.0382764144439827
Female,0,No,53,Yes,No,DSL,112,No,0,0,1,0,0,0,False,False,0.8400143297628127,1.5700231266988525
Female,0,No,41,No,No,DSL,40,No,0,0,0,0,0,0,True,False,0.35136996512244845,-0.8228370784480619
Female,0,No,41,Yes,Yes,Fiber optic,20,No,0,0,1,1,1,0,False,False,0.35136996512244845,-1.4875204687666492
Female,0,No,68,No,No,DSL,45,No,0,0,0,0,0,0,False,True,1.4508197855632678,-0.6566662308684151
Female,0,No,36,No,Yes,Fiber optic,31,No,0,0,0,1,1,0,True,False,0.14776814652229667,-1.1219446040914263
Female,0,No,47,Yes,No,DSL,65,No,0,0,1,0,0,0,False,False,0.5956921474426305,0.008017159450172232
Male,0,Yes,4,Yes,No,DSL,49,Yes,1,1,1,0,0,1,False,True,-1.1552834925186746,-0.5237295528046976
Male,0,Yes,61,Yes,Yes,Fiber optic,81,No,1,1,1,1,1,0,False,False,1.1657772395230555,0.5397638717050421
Male,1,No,36,Yes,No,DSL,84,Yes,1,0,1,0,0,1,True,False,0.14776814652229667,0.6394663802528302
Female,0,No,1,Yes,No,DSL,20,No,0,0,1,0,0,0,False,False,-1.2774445836787656,-1.4875204687666492
Female,1,No,14,Yes,No,DSL,79,Yes,0,0,1,0,0,1,True,False,-0.748079855318371,0.47329553267318336
Female,0,No,50,Yes,Yes,Fiber optic,109,Yes,0,0,1,1,1,1,False,False,0.7178532386027215,1.4703206181510644
Male,0,Yes,27,Yes,No,Fiber optic,85,No,1,1,1,0,1,0,True,False,-0.21871512695797646,0.6727005497687596
Male,0,No,23,Yes,No,Fiber optic,20,No,1,0,1,0,1,0,True,False,-0.38159658183809786,-1.4875204687666492
Male,0,No,3,Yes,No,DSL,75,Yes,1,0,1,0,0,1,False,False,-1.1960038562387048,0.3403588546094659
Female,0,No,36,Yes,Yes,Fiber optic,105,No,0,0,1,1,1,0,True,False,0.14776814652229667,1.3373839400873468
Female,0,No,24,Yes,No,Fiber optic,75,Yes,0,0,1,0,1,1,False,False,-0.3408762181180675,0.3403588546094659
Female,0,Yes,65,Yes,No,DSL,106,Yes,0,1,1,0,0,1,False,False,1.3286586944031769,1.3706181096032763
Male,0,No,31,No,No,DSL,50,No,1,0,0,0,0,0,True,False,-0.055833672077855064,-0.49049538328876824
Female,0,No,63,Yes,No,DSL,80,No,0,0,1,0,0,0,False,True,1.247217966963116,0.5065297021891128
Female,0,No,67,Yes,Yes,Fiber optic,60,No,0,0,1,1,1,0,False,False,1.4100994218432374,-0.15815368812947458
Female,0,No,58,Yes,No,DSL,24,No,0,0,1,0,0,0,True,False,1.0436161483629645,-1.3545837907029317
Female,0,No,15,Yes,Yes,Fiber optic,105,Yes,0,0,1,1,1,1,False,False,-0.7073594915983407,1.3373839400873468
Male,0,No,16,Yes,No,DSL,81,No,1,0,1,0,0,0,False,False,-0.6666391278783103,0.5397638717050421
Male,0,No,1,Yes,No,DSL,46,Yes,1,0,1,0,0,1,False,False,-1.2774445836787656,-0.6234320613524857
Female,0,No,8,Yes,No,DSL,66,No,0,0,1,0,0,0,False,True,-0.9924020376385531,0.0412513289661016
Female,0,No,2,Yes,No,DSL,71,Yes,0,0,1,0,0,1,False,False,-1.2367242199587352,0.20742217654574843
Female,0,Yes,71,Yes,No,DSL,90,No,0,1,1,0,0,0,False,False,1.5729808767233588,0.8388713973484064
Male,0,No,4,Yes,Yes,Fiber optic,20,No,1,0,1,1,1,0,False,False,-1.1552834925186746,-1.4875204687666492
Male,0,Yes,68,Yes,No,Fiber optic,83,No,1,1,1,0,1,0,True,False,1.4508197855632678,0.6062322107369008
Female,0,No,15,Yes,No,Fiber optic,56,No,0,0,1,0,1,0,False,False,-0.7073594915983407,-0.29109036619319206
Male,0,Yes,13,Yes,No,DSL,52,No,1,1,1,0,0,0,False,True,-0.7888002190384014,-0.4240270442569095
Female,0,No,42,Yes,No,Fiber optic,20,No,0,0,1,0,1,0,False,False,0.3920903288424788,-1.4875204687666492
Male,0,Yes,4,Yes,No,DSL,45,No,1,1,1,0,0,0,True,False,-1.1552834925186746,-0.6566662308684151
Female,0,No,50,Yes,No,DSL,110,No,0,0,1,0,0,0,True,False,0.7178532386027215,1.5035547876669937
Female,0,Yes,4,No,Yes,Fiber optic,57,No,0,1,0,1,1,0,False,False,-1.1552834925186746,-0.2578561966772627
Female,0,Yes,2,Yes,No,DSL,52,No,0,1,1,0,0,0,False,False,-1.2367242199587352,-0.4240270442569095
Female,0,Yes,46,Yes,No,Fiber optic,19,No,0,1,1,0,1,0,False,False,0.5549717837226001,-1.5207546382825785
Male,0,No,58,Yes,No,DSL,105,Yes,1,0,1,0,0,1,True,False,1.0436161483629645,1.3373839400873468
Male,0,Yes,17,No,No,Fiber optic,44,No,1,1,0,0,1,0,False,False,-0.62591876415828,-0.6899004003843444
Male,0,Yes,21,Yes,Yes,Fiber optic,20,No,1,1,1,1,1,0,False,False,-0.46303730927815856,-1.4875204687666492
Female,0,No,2,Yes,Yes,Fiber optic,95,Yes,0,0,1,1,1,1,False,False,-1.2367242199587352,1.0050422449280532
Female,0,Yes,68,Yes,No,DSL,85,No,0,1,1,0,0,0,False,False,1.4508197855632678,0.6727005497687596
Female,1,No,28,Yes,Yes,Fiber optic,111,No,0,0,1,1,1,0,False,False,-0.1779947632379461,1.536788957182923
Female,0,Yes,40,Yes,Yes,Fiber optic,26,No,0,1,1,1,1,0,False,True,0.3106496014024181,-1.288115451671073
Female,0,No,8,Yes,Yes,Fiber optic,20,No,0,0,1,1,1,0,False,False,-0.9924020376385531,-1.4875204687666492
Male,0,No,35,Yes,No,DSL,75,Yes,1,0,1,0,0,1,False,True,0.10704778280226633,0.3403588546094659
Female,0,No,5,Yes,No,DSL,64,No,0,0,1,0,0,0,False,True,-1.1145631287986442,-0.025217010065757134
Male,0,Yes,14,Yes,No,DSL,20,No,1,1,1,0,0,0,False,False,-0.748079855318371,-1.4875204687666492
Male,0,No,6,Yes,No,DSL,50,No,1,0,1,0,0,0,True,False,-1.0738427650786138,-0.49049538328876824
Male,0,No,67,Yes,Yes,DSL,66,No,1,0,1,1,0,0,False,True,1.4100994218432374,0.0412513289661016
Male,1,No,63,Yes,No,DSL,84,No,1,0,1,0,0,0,True,False,1.247217966963116,0.6394663802528302
Female,0,No,8,Yes,Yes,Fiber optic,85,Yes,0,0,1,1,1,1,False,False,-0.9924020376385531,0.6727005497687596
Female,0,No,5,Yes,Yes,DSL,54,No,0,0,1,1,0,0,False,False,-1.1145631287986442,-0.3575587052250508
Male,0,No,6,Yes,No,DSL,83,Yes,1,0,1,0,0,1,False,False,-1.0738427650786138,0.6062322107369008
Male,0,No,49,Yes,Yes,DSL,94,No,1,0,1,1,0,0,False,True,0.6771328748826912,0.9718080754121239
Female,0,Yes,61,Yes,Yes,DSL,19,No,0,1,1,1,0,0,True,False,1.1657772395230555,-1.5207546382825785
Female,0,No,1,Yes,Yes,DSL,70,Yes,0,0,1,1,0,1,False,True,-1.2774445836787656,0.17418800702981907
Male,0,No,10,Yes,No,DSL,20,No,1,0,1,0,0,0,True,False,-0.9109613101984924,-1.4875204687666492
Female,0,No,72,Yes,Yes,DSL,117,No,0,0,1,1,0,0,True,False,1.6137012404433893,1.7361939742784993
Male,0,No,53,Yes,Yes,Fiber optic,77,No,1,0,1,1,1,0,False,True,0.8400143297628127,0.40682719364132464
Male,0,No,9,Yes,No,DSL,70,No,1,0,1,0,0,0,True,False,-0.9516816739185228,0.17418800702981907
Female,0,No,1,Yes,No,DSL,20,Yes,0,0,1,0,0,1,False,True,-1.2774445836787656,-1.4875204687666492
Male,0,No,4,Yes,No,DSL,20,No,1,0,1,0,0,0,True,False,-1.1552834925186746,-1.4875204687666492
Female,0,Yes,22,Yes,Yes,DSL,21,No,0,1,1,1,0,0,False,True,-0.4223169455581282,-1.45428629925072
Male,0,No,34,Yes,Yes,Fiber optic,100,Yes,1,0,1,1,1,1,False,False,0.06632741908223598,1.1712130925077
Female,0,No,5,Yes,Yes,DSL,89,Yes,0,0,1,1,0,1,False,True,-1.1145631287986442,0.805637227832477
Female,0,No,5,Yes,Yes,DSL,20,Yes,0,0,1,1,0,1,False,True,-1.1145631287986442,-1.4875204687666492
Female,0,No,56,Yes,No,Fiber optic,24,No,0,0,1,0,1,0,False,False,0.9621754209229036,-1.3545837907029317
Male,1,No,11,Yes,No,Fiber optic,79,No,1,0,1,0,1,0,False,False,-0.8702409464784621,0.47329553267318336
Female,0,Yes,33,Yes,No,DSL,58,No,0,1,1,0,0,0,True,False,0.025607055362205634,-0.22462202716133334
Male,0,No,58,Yes,No,DSL,86,No,1,0,1,0,0,0,False,False,1.0436161483629645,0.7059347192846889
Male,1,No,34,Yes,No,DSL,76,No,1,0,1,0,0,0,False,False,0.06632741908223598,0.37359302412539525
Female,0,No,65,Yes,No,DSL,26,No,0,0,1,0,0,0,False,True,1.3286586944031769,-1.288115451671073
Male,1,No,2,Yes,Yes,DSL,44,Yes,1,0,1,1,0,1,True,False,-1.2367242199587352,-0.6899004003843444
Male,1,No,17,Yes,No,DSL,82,Yes,1,0,1,0,0,1,False,False,-0.62591876415828,0.5729980412209714
Male,0,Yes,63,No,No,DSL,41,No,1,1,0,0,0,0,False,True,1.247217966963116,-0.7896029089321326
Female,0,Yes,72,Yes,Yes,Fiber optic,25,No,0,1,1,1,1,0,False,False,1.6137012404433893,-1.3213496211870024
Female,0,Yes,43,Yes,No,DSL,93,No,0,1,1,0,0,0,False,False,0.43281069256250915,0.9385739058961945
Male,0,No,72,Yes,Yes,Fiber optic,113,No,1,0,1,1,1,0,False,True,1.6137012404433893,1.6032572962147817
Female,0,Yes,6,Yes,Yes,Fiber optic,20,No,0,1,1,1,1,0,False,False,-1.0738427650786138,-1.4875204687666492
Male,0,No,1,Yes,Yes,DSL,25,No,1,0,1,1,0,0,False,False,-1.2774445836787656,-1.3213496211870024
Female,0,Yes,26,Yes,No,DSL,60,Yes,0,1,1,0,0,1,False,False,-0.2594354906780068,-0.15815368812947458
Female,0,Yes,72,Yes,Yes,Fiber optic,95,No,0,1,1,1,1,0,True,False,1.6137012404433893,1.0050422449280532
Female,1,No,56,Yes,Yes,Fiber optic,112,Yes,0,0,1,1,1,1,False,False,0.9621754209229036,1.5700231266988525
Male,0,No,1,Yes,No,DSL,20,Yes,1,0,1,0,0,1,False,False,-1.2774445836787656,-1.4875204687666492
Male,0,No,17,Yes,No,DSL,103,No,1,0,1,0,0,0,True,False,-0.62591876415828,1.270915601055488
Female,0,No,1,Yes,No,DSL,55,No,0,0,1,0,0,0,False,False,-1.2774445836787656,-0.32432453570912145
Male,0,Yes,68,Yes,No,Fiber optic,86,No,1,1,1,0,1,0,False,False,1.4508197855632678,0.7059347192846889
Female,0,Yes,61,Yes,Yes,DSL,25,No,0,1,1,1,0,0,True,False,1.1657772395230555,-1.3213496211870024
Female,0,No,11,No,No,Fiber optic,40,No,0,0,0,0,1,0,False,False,-0.8702409464784621,-0.8228370784480619
Female,0,No,15,Yes,No,DSL,49,No,0,0,1,0,0,0,False,False,-0.7073594915983407,-0.5237295528046976
Male,0,No,1,Yes,No,DSL,19,No,1,0,1,0,0,0,False,True,-1.2774445836787656,-1.5207546382825785
Female,0,No,34,Yes,No,DSL,85,No,0,0,1,0,0,0,False,False,0.06632741908223598,0.6727005497687596
Male,0,No,72,Yes,Yes,Fiber optic,24,No,1,0,1,1,1,0,False,False,1.6137012404433893,-1.3545837907029317
Male,0,No,26,Yes,Yes,DSL,62,No,1,0,1,1,0,0,True,False,-0.2594354906780068,-0.09168534909761586
Male,0,No,66,Yes,Yes,Fiber optic,95,No,1,0,1,1,1,0,False,False,1.369379058123207,1.0050422449280532
Female,0,No,1,Yes,No,DSL,50,No,0,0,1,0,0,0,False,False,-1.2774445836787656,-0.49049538328876824
Female,0,No,64,Yes,No,Fiber optic,85,No,0,0,1,0,1,0,False,False,1.2879383306831464,0.6727005497687596
Male,0,No,3,Yes,No,DSL,61,No,1,0,1,0,0,0,False,True,-1.1960038562387048,-0.12491951861354524
Female,0,No,20,Yes,Yes,DSL,20,No,0,0,1,1,0,0,False,False,-0.5037576729981889,-1.4875204687666492
Female,0,Yes,48,Yes,Yes,Fiber optic,103,Yes,0,1,1,1,1,1,False,False,0.6364125111626608,1.270915601055488
Male,0,Yes,43,Yes,No,DSL,72,No,1,1,1,0,0,0,False,True,0.43281069256250915,0.2406563460616778
Male,1,No,14,Yes,Yes,Fiber optic,20,No,1,0,1,1,1,0,False,False,-0.748079855318371,-1.4875204687666492
Female,0,Yes,57,Yes,No,Fiber optic,20,No,0,1,1,0,1,0,False,False,1.002895784642934,-1.4875204687666492
Male,0,Yes,72,Yes,No,DSL,66,No,1,1,1,0,0,0,True,False,1.6137012404433893,0.0412513289661016
Male,0,No,72,Yes,No,Fiber optic,26,No,1,0,1,0,1,0,True,False,1.6137012404433893,-1.288115451671073
Male,0,Yes,38,Yes,Yes,DSL,81,No,1,1,1,1,0,0,False,True,0.22920887396235737,0.5397638717050421
Female,0,No,2,Yes,No,Fiber optic,50,Yes,0,0,1,0,1,1,False,False,-1.2367242199587352,-0.49049538328876824
Female,1,No,4,Yes,Yes,DSL,95,Yes,0,0,1,1,0,1,False,False,-1.1552834925186746,1.0050422449280532
Female,0,No,26,Yes,Yes,DSL,70,No,0,0,1,1,0,0,False,False,-0.2594354906780068,0.17418800702981907
Male,0,No,3,No,Yes,Fiber optic,30,No,1,0,0,1,1,0,False,False,-1.1960038562387048,-1.1551787736073555
Male,0,Yes,26,Yes,Yes,Fiber optic,20,No,1,1,1,1,1,0,False,False,-0.2594354906780068,-1.4875204687666492
Female,0,No,15,No,No,DSL,39,No,0,0,0,0,0,0,True,False,-0.7073594915983407,-0.8560712479639913
Male,0,Yes,22,Yes,Yes,DSL,100,No,1,1,1,1,0,0,True,False,-0.4223169455581282,1.1712130925077
Female,0,Yes,13,Yes,No,DSL,25,No,0,1,1,0,0,0,True,False,-0.7888002190384014,-1.3213496211870024
Female,1,No,6,No,No,DSL,44,No,0,0,0,0,0,0,False,True,-1.0738427650786138,-0.6899004003843444
Male,1,No,20,Yes,No,Fiber optic,54,No,1,0,1,0,1,0,True,False,-0.5037576729981889,-0.3575587052250508
Male,0,Yes,72,Yes,No,DSL,20,No,1,1,1,0,0,0,True,False,1.6137012404433893,-1.4875204687666492
Male,1,No,34,Yes,No,DSL,100,No,1,0,1,0,0,0,False,False,0.06632741908223598,1.1712130925077
Male,0,No,1,Yes,No,DSL,45,Yes,1,0,1,0,0,1,False,False,-1.2774445836787656,-0.6566662308684151
Female,0,No,52,Yes,No,Fiber optic,21,No,0,0,1,0,1,0,False,False,0.7992939660427822,-1.45428629925072
Female,0,No,69,Yes,Yes,Fiber optic,25,No,0,0,1,1,1,0,True,False,1.4915401492832983,-1.3213496211870024
Female,0,No,39,Yes,No,DSL,20,No,0,0,1,0,0,0,False,False,0.26992923768238775,-1.4875204687666492
Male,0,Yes,65,Yes,No,DSL,75,Yes,1,1,1,0,0,1,True,False,1.3286586944031769,0.3403588546094659
Male,0,No,68,Yes,No,DSL,25,No,1,0,1,0,0,0,False,True,1.4508197855632678,-1.3213496211870024
Female,0,No,25,Yes,No,DSL,85,No,0,0,1,0,0,0,False,False,-0.30015585439803716,0.6727005497687596
Male,0,No,6,Yes,No,DSL,84,Yes,1,0,1,0,0,1,False,False,-1.0738427650786138,0.6394663802528302
Female,1,No,64,Yes,No,DSL,70,Yes,0,0,1,0,0,1,False,False,1.2879383306831464,0.17418800702981907
Male,0,Yes,7,Yes,Yes,DSL,70,Yes,1,1,1,1,0,1,False,False,-1.0331224013585834,0.17418800702981907
Female,0,Yes,32,Yes,No,DSL,86,No,0,1,1,0,0,0,False,True,-0.015113308357824713,0.7059347192846889
Male,0,No,41,Yes,No,DSL,20,No,1,0,1,0,0,0,False,False,0.35136996512244845,-1.4875204687666492
Male,0,No,2,Yes,Yes,Fiber optic,45,Yes,1,0,1,1,1,1,False,False,-1.2367242199587352,-0.6566662308684151
Male,0,No,24,No,Yes,DSL,51,No,1,0,0,1,0,0,False,True,-0.3408762181180675,-0.4572612137728389
Female,0,No,1,Yes,Yes,DSL,19,No,0,0,1,1,0,0,False,True,-1.2774445836787656,-1.5207546382825785
Female,0,No,54,No,No,DSL,44,No,0,0,0,0,0,0,True,False,0.880734693482843,-0.6899004003843444
Female,0,Yes,39,Yes,Yes,Fiber optic,60,No,0,1,1,1,1,0,False,False,0.26992923768238775,-0.15815368812947458
Female,0,No,14,Yes,Yes,DSL,80,Yes,0,0,1,1,0,1,False,True,-0.748079855318371,0.5065297021891128
Male,0,Yes,7,Yes,No,Fiber optic,70,No,1,1,1,0,1,0,False,False,-1.0331224013585834,0.17418800702981907
Male,0,No,25,Yes,No,DSL,20,No,1,0,1,0,0,0,False,True,-0.30015585439803716,-1.4875204687666492
Male,0,Yes,44,Yes,No,DSL,93,No,1,1,1,0,0,0,True,False,0.47353105628253944,0.9385739058961945
Male,0,Yes,61,Yes,No,DSL,100,No,1,1,1,0,0,0,False,False,1.1657772395230555,1.1712130925077
Male,0,No,72,Yes,Yes,Fiber optic,114,No,1,0,1,1,1,0,True,False,1.6137012404433893,1.6364914657307112
Female,0,Yes,43,Yes,No,DSL,99,No,0,1,1,0,0,0,False,False,0.43281069256250915,1.1379789229917707
Female,0,No,58,Yes,Yes,DSL,108,No,0,0,1,1,0,0,False,False,1.0436161483629645,1.437086448635135
Female,0,No,71,No,No,Fiber optic,67,No,0,0,0,0,1,0,False,False,1.5729808767233588,0.07448549848203097
Male,0,No,22,Yes,Yes,Fiber optic,95,No,1,0,1,1,1,0,False,False,-0.4223169455581282,1.0050422449280532
Male,1,No,34,Yes,Yes,Fiber optic,85,No,1,0,1,1,1,0,False,False,0.06632741908223598,0.6727005497687596
Male,1,No,52,Yes,Yes,DSL,73,No,1,0,1,1,0,0,False,True,0.7992939660427822,0.2738905155776072
Female,1,No,64,No,No,Fiber optic,44,No,0,0,0,0,1,0,False,True,1.2879383306831464,-0.6899004003843444
Male,0,No,44,Yes,No,DSL,85,No,1,0,1,0,0,0,False,True,0.47353105628253944,0.6727005497687596
Male,0,Yes,13,Yes,No,DSL,45,No,1,1,1,0,0,0,False,False,-0.7888002190384014,-0.6566662308684151
Male,0,No,24,Yes,Yes,DSL,91,Yes,1,0,1,1,0,1,False,False,-0.3408762181180675,0.8721055668643357
Male,0,Yes,70,Yes,Yes,DSL,115,No,1,1,1,1,0,0,True,False,1.5322605130033284,1.6697256352466405
Male,0,No,70,Yes,Yes,Fiber optic,77,No,1,0,1,1,1,0,False,False,1.5322605130033284,0.40682719364132464
Female,1,No,1,Yes,No,DSL,85,Yes,0,0,1,0,0,1,False,False,-1.2774445836787656,0.6727005497687596
Male,0,Yes,72,Yes,No,DSL,21,No,1,1,1,0,0,0,False,True,1.6137012404433893,-1.45428629925072
Female,0,No,11,Yes,No,DSL,76,Yes,0,0,1,0,0,1,False,True,-0.8702409464784621,0.37359302412539525
Male,0,No,12,Yes,No,Fiber optic,60,Yes,1,0,1,0,1,1,False,True,-0.8295205827584317,-0.15815368812947458
Male,0,No,72,Yes,Yes,Fiber optic,111,No,1,0,1,1,1,0,False,False,1.6137012404433893,1.536788957182923
Female,1,No,8,Yes,Yes,Fiber optic,101,Yes,0,0,1,1,1,1,False,True,-0.9924020376385531,1.2044472620236295
Male,0,No,15,Yes,No,DSL,85,No,1,0,1,0,0,0,True,False,-0.7073594915983407,0.6727005497687596
Female,0,Yes,13,Yes,No,DSL,56,No,0,1,1,0,0,0,True,False,-0.7888002190384014,-0.29109036619319206
Female,0,No,68,Yes,No,DSL,80,No,0,0,1,0,0,0,False,False,1.4508197855632678,0.5065297021891128
Female,0,No,17,Yes,Yes,Fiber optic,80,No,0,0,1,1,1,0,False,True,-0.62591876415828,0.5065297021891128
Female,0,Yes,71,Yes,Yes,Fiber optic,25,No,0,1,1,1,1,0,False,False,1.5729808767233588,-1.3213496211870024
Male,0,No,6,Yes,No,DSL,69,No,1,0,1,0,0,0,False,True,-1.0738427650786138,0.1409538375138897
Female,0,Yes,24,Yes,Yes,Fiber optic,20,No,0,1,1,1,1,0,True,False,-0.3408762181180675,-1.4875204687666492
Female,0,No,6,Yes,Yes,Fiber optic,91,Yes,0,0,1,1,1,1,False,True,-1.0738427650786138,0.8721055668643357
Female,0,Yes,47,Yes,No,DSL,19,No,0,1,1,0,0,0,True,False,0.5956921474426305,-1.5207546382825785
Female,0,No,4,Yes,Yes,DSL,76,No,0,0,1,1,0,0,False,False,-1.1552834925186746,0.37359302412539525
Male,1,No,13,Yes,No,DSL,94,No,1,0,1,0,0,0,False,False,-0.7888002190384014,0.9718080754121239
Female,0,No,3,Yes,Yes,DSL,75,No,0,0,1,1,0,0,False,True,-1.1960038562387048,0.3403588546094659
Male,0,No,12,Yes,Yes,DSL,54,No,1,0,1,1,0,0,False,True,-0.8295205827584317,-0.3575587052250508
Female,0,No,17,Yes,Yes,Fiber optic,80,No,0,0,1,1,1,0,False,False,-0.62591876415828,0.5065297021891128
Female,0,No,19,Yes,Yes,DSL,58,No,0,0,1,1,0,0,True,False,-0.5444780367182193,-0.22462202716133334
Male,0,No,52,Yes,No,Fiber optic,21,No,1,0,1,0,1,0,True,False,0.7992939660427822,-1.45428629925072
Male,0,No,29,Yes,No,DSL,90,No,1,0,1,0,0,0,False,True,-0.13727439951791576,0.8388713973484064
Male,0,No,3,Yes,Yes,Fiber optic,45,No,1,0,1,1,1,0,False,True,-1.1960038562387048,-0.6566662308684151
Male,1,No,3,No,No,Fiber optic,36,Yes,1,0,0,0,1,1,True,False,-1.1960038562387048,-0.9557737565117794
Male,0,Yes,32,Yes,No,Fiber optic,84,No,1,1,1,0,1,0,False,False,-0.015113308357824713,0.6394663802528302
Male,0,No,1,Yes,No,DSL,81,Yes,1,0,1,0,0,1,False,False,-1.2774445836787656,0.5397638717050421
Male,0,No,55,Yes,Yes,Fiber optic,104,Yes,1,0,1,1,1,1,True,False,0.9214550572028734,1.3041497705714176
Male,0,No,20,Yes,No,DSL,99,No,1,0,1,0,0,0,False,False,-0.5037576729981889,1.1379789229917707
Male,0,Yes,22,Yes,No,DSL,20,No,1,1,1,0,0,0,False,False,-0.4223169455581282,-1.4875204687666492
Male,1,Yes,60,Yes,Yes,DSL,81,No,1,1,1,1,0,0,False,True,1.125056875803025,0.5397638717050421
Female,1,No,27,Yes,Yes,Fiber optic,88,Yes,0,0,1,1,1,1,False,False,-0.21871512695797646,0.7724030583165477
Male,0,No,1,Yes,Yes,Fiber optic,74,Yes,1,0,1,1,1,1,True,False,-1.2774445836787656,0.3071246850935365
Female,0,No,4,Yes,No,DSL,94,Yes,0,0,1,0,0,1,True,False,-1.1552834925186746,0.9718080754121239
Male,0,No,3,Yes,Yes,Fiber optic,85,Yes,1,0,1,1,1,1,False,False,-1.1960038562387048,0.6727005497687596
Male,1,No,12,No,No,Fiber optic,29,No,1,0,0,0,1,0,False,False,-0.8295205827584317,-1.188412943123285
Male,0,No,17,Yes,Yes,Fiber optic,52,Yes,1,0,1,1,1,1,False,False,-0.62591876415828,-0.4240270442569095
Female,0,Yes,48,Yes,Yes,Fiber optic,20,No,0,1,1,1,1,0,False,False,0.6364125111626608,-1.4875204687666492
Female,0,Yes,12,Yes,Yes,Fiber optic,78,Yes,0,1,1,1,1,1,False,False,-0.8295205827584317,0.44006136315725397
Female,0,Yes,45,Yes,Yes,Fiber optic,25,No,0,1,1,1,1,0,False,False,0.5142514200025698,-1.3213496211870024
Female,0,Yes,1,Yes,Yes,Fiber optic,51,No,0,1,1,1,1,0,False,False,-1.2774445836787656,-0.4572612137728389
Male,0,No,72,Yes,Yes,Fiber optic,85,No,1,0,1,1,1,0,False,False,1.6137012404433893,0.6727005497687596
Male,0,No,28,Yes,Yes,DSL,100,No,1,0,1,1,0,0,False,True,-0.1779947632379461,1.1712130925077
Male,0,No,51,Yes,Yes,DSL,81,No,1,0,1,1,0,0,False,True,0.758573602322752,0.5397638717050421
Female,0,Yes,1,Yes,Yes,DSL,50,No,0,1,1,1,0,0,False,True,-1.2774445836787656,-0.49049538328876824
Female,0,No,8,Yes,Yes,Fiber optic,66,No,0,0,1,1,1,0,True,False,-0.9924020376385531,0.0412513289661016
Female,0,Yes,43,Yes,No,DSL,106,No,0,1,1,0,0,0,False,True,0.43281069256250915,1.3706181096032763
Female,0,No,22,Yes,No,DSL,84,Yes,0,0,1,0,0,1,False,True,-0.4223169455581282,0.6394663802528302
Female,0,Yes,18,Yes,No,DSL,20,No,0,1,1,0,0,0,False,False,-0.5851984004382496,-1.4875204687666492
Male,1,No,54,Yes,No,Fiber optic,65,No,1,0,1,0,1,0,False,False,0.880734693482843,0.008017159450172232
Male,0,No,13,Yes,No,DSL,81,Yes,1,0,1,0,0,1,False,False,-0.7888002190384014,0.5397638717050421
Female,0,No,69,Yes,Yes,Fiber optic,85,No,0,0,1,1,1,0,False,True,1.4915401492832983,0.6727005497687596
Male,0,Yes,66,No,No,DSL,57,No,1,1,0,0,0,0,False,True,1.369379058123207,-0.2578561966772627
Female,0,No,53,Yes,No,DSL,19,No,0,0,1,0,0,0,True,False,0.8400143297628127,-1.5207546382825785
Male,0,No,3,Yes,No,DSL,19,No,1,0,1,0,0,0,False,True,-1.1960038562387048,-1.5207546382825785
Female,0,No,20,Yes,Yes,Fiber optic,20,No,0,0,1,1,1,0,False,False,-0.5037576729981889,-1.4875204687666492
Male,0,No,1,Yes,No,DSL,19,Yes,1,0,1,0,0,1,False,False,-1.2774445836787656,-1.5207546382825785
Male,0,No,38,Yes,No,DSL,62,Yes,1,0,1,0,0,1,False,False,0.22920887396235737,-0.09168534909761586
Female,0,No,13,Yes,No,DSL,20,No,0,0,1,0,0,0,False,True,-0.7888002190384014,-1.4875204687666492
Male,1,No,57,Yes,No,DSL,90,No,1,0,1,0,0,0,False,True,1.002895784642934,0.8388713973484064
Male,0,No,67,Yes,Yes,Fiber optic,20,No,1,0,1,1,1,0,False,True,1.4100994218432374,-1.4875204687666492
Female,1,No,11,Yes,No,DSL,56,No,0,0,1,0,0,0,False,False,-0.8702409464784621,-0.29109036619319206
Female,0,No,14,Yes,No,DSL,50,No,0,0,1,0,0,0,False,False,-0.748079855318371,-0.49049538328876824
Male,0,Yes,21,Yes,No,Fiber optic,80,No,1,1,1,0,1,0,False,False,-0.46303730927815856,0.5065297021891128
Male,0,No,1,Yes,No,Fiber optic,20,Yes,1,0,1,0,1,1,False,False,-1.2774445836787656,-1.4875204687666492
Male,0,No,59,Yes,No,DSL,25,No,1,0,1,0,0,0,False,True,1.0843365120829946,-1.3213496211870024
Male,0,No,43,Yes,Yes,DSL,101,Yes,1,0,1,1,0,1,False,False,0.43281069256250915,1.2044472620236295
Male,0,Yes,7,No,Yes,Fiber optic,39,No,1,1,0,1,1,0,True,False,-1.0331224013585834,-0.8560712479639913
Female,0,Yes,56,Yes,Yes,Fiber optic,81,No,0,1,1,1,1,0,False,False,0.9621754209229036,0.5397638717050421
Male,0,No,13,Yes,No,DSL,73,No,1,0,1,0,0,0,False,False,-0.7888002190384014,0.2738905155776072
Female,0,Yes,3,No,No,DSL,30,No,0,1,0,0,0,0,True,False,-1.1960038562387048,-1.1551787736073555
Male,0,Yes,8,Yes,No,Fiber optic,76,No,1,1,1,0,1,0,False,False,-0.9924020376385531,0.37359302412539525
Female,0,No,1,Yes,Yes,DSL,70,Yes,0,0,1,1,0,1,True,False,-1.2774445836787656,0.17418800702981907
Female,0,Yes,5,No,No,DSL,34,No,0,1,0,0,0,0,True,False,-1.1145631287986442,-1.0222420955436382
Male,0,Yes,19,Yes,No,DSL,24,No,1,1,1,0,0,0,False,True,-0.5444780367182193,-1.3545837907029317
Female,0,Yes,0,No,No,DSL,53,No,0,1,0,0,0,0,False,True,-1.318164947398796,-0.3907928747409802
Female,0,Yes,71,Yes,Yes,DSL,20,No,0,1,1,1,0,0,True,False,1.5729808767233588,-1.4875204687666492
Male,0,No,9,No,Yes,DSL,45,Yes,1,0,0,1,0,1,False,True,-0.9516816739185228,-0.6566662308684151
Female,0,No,1,Yes,Yes,Fiber optic,74,Yes,0,0,1,1,1,1,False,False,-1.2774445836787656,0.3071246850935365
Female,0,Yes,24,Yes,No,Fiber optic,25,No,0,1,1,0,1,0,False,False,-0.3408762181180675,-1.3213496211870024
Male,0,No,3,Yes,No,DSL,20,No,1,0,1,0,0,0,True,False,-1.1960038562387048,-1.4875204687666492
Female,0,No,39,Yes,No,DSL,103,Yes,0,0,1,0,0,1,False,False,0.26992923768238775,1.270915601055488
Female,0,Yes,69,Yes,Yes,Fiber optic,93,No,0,1,1,1,1,0,True,False,1.4915401492832983,0.9385739058961945
Female,0,No,33,Yes,No,DSL,61,No,0,0,1,0,0,0,False,False,0.025607055362205634,-0.12491951861354524
Male,0,No,24,Yes,No,DSL,51,No,1,0,1,0,0,0,False,False,-0.3408762181180675,-0.4572612137728389
Male,0,No,16,Yes,No,DSL,20,No,1,0,1,0,0,0,False,False,-0.6666391278783103,-1.4875204687666492
Female,0,Yes,39,Yes,Yes,DSL,20,No,0,1,1,1,0,0,True,False,0.26992923768238775,-1.4875204687666492
Male,0,No,37,Yes,No,Fiber optic,20,No,1,0,1,0,1,0,False,False,0.18848851024232702,-1.4875204687666492
Female,0,Yes,71,Yes,Yes,DSL,91,No,0,1,1,1,0,0,False,True,1.5729808767233588,0.8721055668643357
Male,1,No,29,Yes,No,DSL,90,No,1,0,1,0,0,0,True,False,-0.13727439951791576,0.8388713973484064
Female,0,No,68,Yes,No,DSL,92,No,0,0,1,0,0,0,False,False,1.4508197855632678,0.9053397363802651
Female,0,Yes,52,Yes,Yes,Fiber optic,101,No,0,1,1,1,1,0,False,True,0.7992939660427822,1.2044472620236295
Female,0,No,3,Yes,No,DSL,60,No,0,0,1,0,0,0,False,True,-1.1960038562387048,-0.15815368812947458
Male,0,No,1,Yes,No,Fiber optic,82,Yes,1,0,1,0,1,1,False,False,-1.2774445836787656,0.5729980412209714
Male,0,Yes,72,Yes,No,DSL,115,No,1,1,1,0,0,0,False,False,1.6137012404433893,1.6697256352466405
Male,0,No,26,Yes,No,DSL,84,Yes,1,0,1,0,0,1,True,False,-0.2594354906780068,0.6394663802528302
Female,0,No,3,Yes,Yes,Fiber optic,80,No,0,0,1,1,1,0,False,False,-1.1960038562387048,0.5065297021891128
Male,0,No,3,Yes,No,DSL,20,No,1,0,1,0,0,0,False,False,-1.1960038562387048,-1.4875204687666492
Male,0,No,59,Yes,Yes,DSL,111,No,1,0,1,1,0,0,False,True,1.0843365120829946,1.536788957182923
Female,1,Yes,33,Yes,No,DSL,105,No,0,1,1,0,0,0,False,True,0.025607055362205634,1.3373839400873468
Female,1,No,26,Yes,No,DSL,86,No,0,0,1,0,0,0,False,False,-0.2594354906780068,0.7059347192846889
Male,0,No,30,Yes,No,DSL,100,No,1,0,1,0,0,0,False,True,-0.0965540357978854,1.1712130925077
Male,0,No,22,Yes,No,DSL,79,No,1,0,1,0,0,0,False,False,-0.4223169455581282,0.47329553267318336
Female,0,Yes,72,Yes,No,DSL,90,No,0,1,1,0,0,0,False,False,1.6137012404433893,0.8388713973484064
Male,0,No,7,Yes,No,Fiber optic,25,No,1,0,1,0,1,0,False,False,-1.0331224013585834,-1.3213496211870024
Female,1,Yes,66,Yes,No,DSL,111,No,0,1,1,0,0,0,False,False,1.369379058123207,1.536788957182923
Male,0,Yes,71,Yes,No,DSL,106,No,1,1,1,0,0,0,False,True,1.5729808767233588,1.3706181096032763
Female,0,No,8,Yes,Yes,DSL,75,No,0,0,1,1,0,0,False,False,-0.9924020376385531,0.3403588546094659
Male,0,No,15,Yes,Yes,Fiber optic,103,No,1,0,1,1,1,0,False,True,-0.7073594915983407,1.270915601055488
Male,0,Yes,70,Yes,No,DSL,106,No,1,1,1,0,0,0,False,False,1.5322605130033284,1.3706181096032763
Female,0,Yes,55,Yes,Yes,Fiber optic,85,No,0,1,1,1,1,0,False,False,0.9214550572028734,0.6727005497687596
Male,0,No,1,Yes,No,DSL,19,No,1,0,1,0,0,0,False,False,-1.2774445836787656,-1.5207546382825785
Male,0,No,63,Yes,No,DSL,102,No,1,0,1,0,0,0,False,False,1.247217966963116,1.2376814315395588
Male,0,No,10,Yes,Yes,DSL,20,No,1,0,1,1,0,0,False,True,-0.9109613101984924,-1.4875204687666492
Female,1,No,3,Yes,No,DSL,74,No,0,0,1,0,0,0,False,False,-1.1960038562387048,0.3071246850935365
Male,0,No,54,Yes,Yes,DSL,20,No,1,0,1,1,0,0,True,False,0.880734693482843,-1.4875204687666492
Male,0,Yes,72,No,Yes,Fiber optic,67,No,1,1,0,1,1,0,False,True,1.6137012404433893,0.07448549848203097
Female,1,No,28,Yes,No,DSL,26,No,0,0,1,0,0,0,False,True,-0.1779947632379461,-1.288115451671073
Male,1,Yes,65,Yes,Yes,Fiber optic,86,No,1,1,1,1,1,0,False,False,1.3286586944031769,0.7059347192846889
Male,0,Yes,70,Yes,Yes,DSL,20,No,1,1,1,1,0,0,False,False,1.5322605130033284,-1.4875204687666492
Female,0,No,55,Yes,No,Fiber optic,51,No,0,0,1,0,1,0,False,False,0.9214550572028734,-0.4572612137728389
Female,0,No,68,Yes,No,Fiber optic,20,No,0,0,1,0,1,0,False,False,1.4508197855632678,-1.4875204687666492
Male,0,Yes,45,Yes,Yes,Fiber optic,19,No,1,1,1,1,1,0,False,True,0.5142514200025698,-1.5207546382825785
Female,0,No,9,Yes,No,Fiber optic,75,No,0,0,1,0,1,0,True,False,-0.9516816739185228,0.3403588546094659
Female,0,No,72,Yes,Yes,Fiber optic,116,No,0,0,1,1,1,0,True,False,1.6137012404433893,1.7029598047625698
Male,0,Yes,64,Yes,Yes,Fiber optic,99,No,1,1,1,1,1,0,False,False,1.2879383306831464,1.1379789229917707
Female,0,Yes,72,Yes,Yes,Fiber optic,84,No,0,1,1,1,1,0,True,False,1.6137012404433893,0.6394663802528302
Male,1,Yes,47,Yes,No,Fiber optic,85,No,1,1,1,0,1,0,False,False,0.5956921474426305,0.6727005497687596
Male,0,No,1,Yes,Yes,Fiber optic,20,Yes,1,0,1,1,1,1,True,False,-1.2774445836787656,-1.4875204687666492
Male,0,Yes,19,Yes,No,DSL,21,No,1,1,1,0,0,0,False,True,-0.5444780367182193,-1.45428629925072
Female,0,No,6,Yes,No,DSL,49,Yes,0,0,1,0,0,1,False,True,-1.0738427650786138,-0.5237295528046976
Female,0,No,48,Yes,No,Fiber optic,24,No,0,0,1,0,1,0,False,True,0.6364125111626608,-1.3545837907029317
Female,0,No,1,Yes,Yes,Fiber optic,20,No,0,0,1,1,1,0,False,False,-1.2774445836787656,-1.4875204687666492
Male,0,Yes,63,Yes,No,DSL,74,No,1,1,1,0,0,0,False,False,1.247217966963116,0.3071246850935365
Male,0,No,8,Yes,No,DSL,75,Yes,1,0,1,0,0,1,False,False,-0.9924020376385531,0.3403588546094659
Female,0,Yes,65,Yes,No,Fiber optic,104,No,0,1,1,0,1,0,False,False,1.3286586944031769,1.3041497705714176
Female,0,Yes,43,Yes,No,DSL,20,No,0,1,1,0,0,0,False,True,0.43281069256250915,-1.4875204687666492
Female,0,Yes,38,Yes,Yes,Fiber optic,54,No,0,1,1,1,1,0,False,False,0.22920887396235737,-0.3575587052250508
Female,0,No,1,Yes,Yes,DSL,45,Yes,0,0,1,1,0,1,False,True,-1.2774445836787656,-0.6566662308684151
Male,0,Yes,2,Yes,No,Fiber optic,20,No,1,1,1,0,1,0,False,False,-1.2367242199587352,-1.4875204687666492
Male,0,No,4,Yes,Yes,DSL,80,Yes,1,0,1,1,0,1,False,True,-1.1552834925186746,0.5065297021891128
Male,1,No,69,Yes,No,DSL,110,No,1,0,1,0,0,0,False,True,1.4915401492832983,1.5035547876669937
Male,0,No,3,Yes,Yes,Fiber optic,74,No,1,0,1,1,1,0,False,False,-1.1960038562387048,0.3071246850935365
Female,0,Yes,70,Yes,Yes,Fiber optic,110,No,0,1,1,1,1,0,False,False,1.5322605130033284,1.5035547876669937
Male,0,Yes,4,Yes,Yes,Fiber optic,49,Yes,1,1,1,1,1,1,False,False,-1.1552834925186746,-0.5237295528046976
Female,0,No,46,Yes,No,Fiber optic,103,No,0,0,1,0,1,0,False,False,0.5549717837226001,1.270915601055488
Female,0,No,2,No,No,DSL,45,Yes,0,0,0,0,0,1,False,False,-1.2367242199587352,-0.6566662308684151
Male,0,Yes,65,Yes,Yes,Fiber optic,70,No,1,1,1,1,1,0,False,False,1.3286586944031769,0.17418800702981907
Female,0,No,19,Yes,Yes,Fiber optic,97,No,0,0,1,1,1,0,False,False,-0.5444780367182193,1.071510583959912
Male,0,No,21,Yes,No,DSL,62,No,1,0,1,0,0,0,False,False,-0.46303730927815856,-0.09168534909761586
Male,0,No,48,Yes,No,DSL,79,No,1,0,1,0,0,0,False,False,0.6364125111626608,0.47329553267318336
Female,1,No,17,Yes,No,DSL,89,Yes,0,0,1,0,0,1,False,True,-0.62591876415828,0.805637227832477
Male,1,No,64,Yes,No,DSL,20,No,1,0,1,0,0,0,False,True,1.2879383306831464,-1.4875204687666492
Female,0,No,66,Yes,No,DSL,92,No,0,0,1,0,0,0,False,True,1.369379058123207,0.9053397363802651
Male,0,Yes,70,Yes,Yes,Fiber optic,78,No,1,1,1,1,1,0,False,False,1.5322605130033284,0.44006136315725397
Male,0,Yes,29,Yes,No,DSL,80,No,1,1,1,0,0,0,False,True,-0.13727439951791576,0.5065297021891128
Male,0,No,1,Yes,Yes,Fiber optic,63,No,1,0,1,1,1,0,False,False,-1.2774445836787656,-0.0584511795816865
Female,0,No,47,Yes,No,DSL,20,No,0,0,1,0,0,0,False,True,0.5956921474426305,-1.4875204687666492
Female,0,No,71,Yes,Yes,Fiber optic,21,No,0,0,1,1,1,0,True,False,1.5729808767233588,-1.45428629925072
Male,0,Yes,42,Yes,No,Fiber optic,21,No,1,1,1,0,1,0,False,False,0.3920903288424788,-1.45428629925072
Female,1,No,62,Yes,No,Fiber optic,80,No,0,0,1,0,1,0,False,False,1.2064976032430856,0.5065297021891128
Female,0,No,56,No,Yes,Fiber optic,45,No,0,0,0,1,1,0,False,False,0.9621754209229036,-0.6566662308684151
Female,0,No,70,Yes,Yes,Fiber optic,116,Yes,0,0,1,1,1,1,False,False,1.5322605130033284,1.7029598047625698
Male,0,Yes,43,Yes,No,DSL,24,No,1,1,1,0,0,0,False,False,0.43281069256250915,-1.3545837907029317
Male,1,No,44,Yes,No,DSL,88,Yes,1,0,1,0,0,1,False,False,0.47353105628253944,0.7724030583165477
Male,0,Yes,27,No,No,DSL,46,No,1,1,0,0,0,0,True,False,-0.21871512695797646,-0.6234320613524857
Male,0,No,31,Yes,Yes,Fiber optic,103,Yes,1,0,1,1,1,1,False,False,-0.055833672077855064,1.270915601055488
Male,0,No,13,Yes,No,Fiber optic,20,No,1,0,1,0,1,0,False,False,-0.7888002190384014,-1.4875204687666492
Female,0,Yes,26,Yes,No,DSL,91,Yes,0,1,1,0,0,1,False,False,-0.2594354906780068,0.8721055668643357
Female,0,No,59,Yes,Yes,Fiber optic,18,No,0,0,1,1,1,0,False,False,1.0843365120829946,-1.553988807798508
Male,0,No,51,Yes,No,DSL,95,Yes,1,0,1,0,0,1,False,False,0.758573602322752,1.0050422449280532
Male,0,No,1,Yes,No,DSL,85,Yes,1,0,1,0,0,1,False,False,-1.2774445836787656,0.6727005497687596
Female,0,No,48,Yes,Yes,Fiber optic,107,Yes,0,0,1,1,1,1,False,False,0.6364125111626608,1.4038522791192056
Female,0,Yes,70,Yes,Yes,DSL,81,No,0,1,1,1,0,0,False,True,1.5322605130033284,0.5397638717050421
Female,0,No,16,Yes,Yes,Fiber optic,20,No,0,0,1,1,1,0,False,True,-0.6666391278783103,-1.4875204687666492
Male,1,No,67,Yes,No,DSL,103,No,1,0,1,0,0,0,False,False,1.4100994218432374,1.270915601055488
Male,0,No,28,No,Yes,Fiber optic,30,No,1,0,0,1,1,0,False,False,-0.1779947632379461,-1.1551787736073555
Male,0,No,4,Yes,No,DSL,66,No,1,0,1,0,0,0,False,False,-1.1552834925186746,0.0412513289661016
Male,0,No,72,Yes,No,DSL,19,No,1,0,1,0,0,0,True,False,1.6137012404433893,-1.5207546382825785
Male,0,No,25,No,Yes,DSL,38,No,1,0,0,1,0,0,False,True,-0.30015585439803716,-0.8893054174799206
Male,0,No,48,Yes,No,Fiber optic,97,No,1,0,1,0,1,0,False,False,0.6364125111626608,1.071510583959912
Male,0,No,72,Yes,Yes,Fiber optic,106,No,1,0,1,1,1,0,False,False,1.6137012404433893,1.3706181096032763
Female,0,No,2,Yes,Yes,Fiber optic,86,Yes,0,0,1,1,1,1,False,True,-1.2367242199587352,0.7059347192846889
Male,0,No,56,Yes,Yes,Fiber optic,86,No,1,0,1,1,1,0,False,False,0.9621754209229036,0.7059347192846889
Male,0,No,69,Yes,Yes,Fiber optic,19,No,1,0,1,1,1,0,False,False,1.4915401492832983,-1.5207546382825785
Male,0,No,9,Yes,Yes,Fiber optic,45,Yes,1,0,1,1,1,1,False,False,-0.9516816739185228,-0.6566662308684151
Female,0,No,37,Yes,Yes,DSL,80,No,0,0,1,1,0,0,True,False,0.18848851024232702,0.5065297021891128
Female,0,No,51,No,No,DSL,56,No,0,0,0,0,0,0,False,False,0.758573602322752,-0.29109036619319206
Male,0,Yes,70,Yes,No,DSL,25,No,1,1,1,0,0,0,False,True,1.5322605130033284,-1.3213496211870024
Female,0,No,38,Yes,Yes,Fiber optic,104,No,0,0,1,1,1,0,False,False,0.22920887396235737,1.3041497705714176
Male,0,No,23,Yes,No,DSL,91,Yes,1,0,1,0,0,1,False,True,-0.38159658183809786,0.8721055668643357
Male,0,Yes,44,Yes,No,Fiber optic,20,No,1,1,1,0,1,0,False,False,0.47353105628253944,-1.4875204687666492
Male,0,Yes,5,Yes,No,DSL,20,No,1,1,1,0,0,0,True,False,-1.1145631287986442,-1.4875204687666492
Female,1,No,67,Yes,Yes,Fiber optic,105,No,0,0,1,1,1,0,False,False,1.4100994218432374,1.3373839400873468
Female,0,Yes,72,Yes,Yes,Fiber optic,21,No,0,1,1,1,1,0,False,False,1.6137012404433893,-1.45428629925072
Female,0,No,7,Yes,No,Fiber optic,94,No,0,0,1,0,1,0,True,False,-1.0331224013585834,0.9718080754121239
Male,0,Yes,54,Yes,Yes,DSL,80,No,1,1,1,1,0,0,False,True,0.880734693482843,0.5065297021891128
Female,0,No,41,Yes,No,DSL,81,No,0,0,1,0,0,0,False,False,0.35136996512244845,0.5397638717050421
Female,0,No,63,Yes,No,DSL,109,No,0,0,1,0,0,0,False,True,1.247217966963116,1.4703206181510644
Male,0,No,1,Yes,No,Fiber optic,70,Yes,1,0,1,0,1,1,True,False,-1.2774445836787656,0.17418800702981907
Male,0,Yes,59,Yes,No,Fiber optic,100,No,1,1,1,0,1,0,False,False,1.0843365120829946,1.1712130925077
Female,0,No,50,Yes,No,Fiber optic,110,Yes,0,0,1,0,1,1,False,False,0.7178532386027215,1.5035547876669937
Female,0,No,3,Yes,No,Fiber optic,95,Yes,0,0,1,0,1,1,False,False,-1.1960038562387048,1.0050422449280532
Female,1,No,71,Yes,Yes,DSL,99,No,0,0,1,1,0,0,False,True,1.5729808767233588,1.1379789229917707
Male,0,No,57,Yes,No,DSL,21,No,1,0,1,0,0,0,False,False,1.002895784642934,-1.45428629925072
Male,1,No,15,Yes,Yes,Fiber optic,80,Yes,1,0,1,1,1,1,True,False,-0.7073594915983407,0.5065297021891128
Male,0,Yes,72,No,No,Fiber optic,55,No,1,1,0,0,1,0,False,False,1.6137012404433893,-0.32432453570912145
Female,1,No,42,Yes,No,DSL,74,Yes,0,0,1,0,0,1,False,False,0.3920903288424788,0.3071246850935365
Female,0,No,72,Yes,Yes,Fiber optic,98,No,0,0,1,1,1,0,False,False,1.6137012404433893,1.1047447534758412
Female,0,Yes,18,Yes,Yes,Fiber optic,25,No,0,1,1,1,1,0,False,False,-0.5851984004382496,-1.3213496211870024
Female,0,Yes,70,Yes,Yes,DSL,65,No,0,1,1,1,0,0,False,True,1.5322605130033284,0.008017159450172232
Male,0,Yes,26,Yes,No,Fiber optic,84,Yes,1,1,1,0,1,1,False,False,-0.2594354906780068,0.6394663802528302
Male,1,No,64,Yes,No,Fiber optic,26,No,1,0,1,0,1,0,False,False,1.2879383306831464,-1.288115451671073
Male,1,Yes,8,Yes,No,DSL,80,Yes,1,1,1,0,0,1,True,False,-0.9924020376385531,0.5065297021891128
Male,0,Yes,68,Yes,No,DSL,113,Yes,1,1,1,0,0,1,False,False,1.4508197855632678,1.6032572962147817
Male,1,No,22,Yes,No,Fiber optic,90,No,1,0,1,0,1,0,True,False,-0.4223169455581282,0.8388713973484064
Female,0,Yes,72,Yes,No,DSL,85,No,0,1,1,0,0,0,False,False,1.6137012404433893,0.6727005497687596
Female,0,Yes,23,Yes,Yes,Fiber optic,20,No,0,1,1,1,1,0,False,False,-0.38159658183809786,-1.4875204687666492
Male,0,No,24,No,No,DSL,29,No,1,0,0,0,0,0,False,True,-0.3408762181180675,-1.188412943123285
Male,0,No,16,Yes,No,DSL,94,Yes,1,0,1,0,0,1,False,False,-0.6666391278783103,0.9718080754121239
Female,0,No,63,Yes,No,DSL,108,No,0,0,1,0,0,0,False,False,1.247217966963116,1.437086448635135
Female,0,Yes,72,Yes,No,Fiber optic,107,No,0,1,1,0,1,0,True,False,1.6137012404433893,1.4038522791192056
Male,0,No,6,Yes,No,DSL,85,Yes,1,0,1,0,0,1,False,False,-1.0738427650786138,0.6727005497687596
Female,0,No,62,Yes,No,Fiber optic,94,No,0,0,1,0,1,0,True,False,1.2064976032430856,0.9718080754121239
Female,0,No,9,Yes,Yes,DSL,19,No,0,0,1,1,0,0,True,False,-0.9516816739185228,-1.5207546382825785
Female,0,No,71,Yes,Yes,DSL,25,No,0,0,1,1,0,0,True,False,1.5729808767233588,-1.3213496211870024
Male,0,No,18,Yes,Yes,DSL,56,No,1,0,1,1,0,0,True,False,-0.5851984004382496,-0.29109036619319206
Male,1,No,9,Yes,No,DSL,74,No,1,0,1,0,0,0,False,False,-0.9516816739185228,0.3071246850935365
Female,1,No,48,Yes,No,DSL,117,Yes,0,0,1,0,0,1,False,False,0.6364125111626608,1.7361939742784993
Female,0,Yes,33,Yes,No,DSL,20,No,0,1,1,0,0,0,False,True,0.025607055362205634,-1.4875204687666492
Female,0,No,27,Yes,No,Fiber optic,102,No,0,0,1,0,1,0,False,False,-0.21871512695797646,1.2376814315395588
Female,0,No,70,Yes,No,DSL,104,No,0,0,1,0,0,0,False,False,1.5322605130033284,1.3041497705714176
Female,0,No,17,Yes,No,DSL,20,No,0,0,1,0,0,0,False,False,-0.62591876415828,-1.4875204687666492
Male,0,No,41,Yes,Yes,Fiber optic,56,No,1,0,1,1,1,0,False,True,0.35136996512244845,-0.29109036619319206
Female,1,No,7,Yes,No,DSL,48,No,0,0,1,0,0,0,False,True,-1.0331224013585834,-0.556963722320627
Male,0,No,26,Yes,Yes,Fiber optic,80,Yes,1,0,1,1,1,1,False,False,-0.2594354906780068,0.5065297021891128
Male,0,No,10,Yes,Yes,Fiber optic,52,No,1,0,1,1,1,0,True,False,-0.9109613101984924,-0.4240270442569095
Male,0,No,57,No,Yes,Fiber optic,53,No,1,0,0,1,1,0,False,False,1.002895784642934,-0.3907928747409802
Male,0,No,35,Yes,Yes,Fiber optic,61,No,1,0,1,1,1,0,False,True,0.10704778280226633,-0.12491951861354524
Female,0,No,28,Yes,No,DSL,81,No,0,0,1,0,0,0,False,True,-0.1779947632379461,0.5397638717050421
Male,1,No,72,Yes,Yes,Fiber optic,110,No,1,0,1,1,1,0,False,True,1.6137012404433893,1.5035547876669937
Male,1,No,27,Yes,No,Fiber optic,85,No,1,0,1,0,1,0,True,False,-0.21871512695797646,0.6727005497687596
Male,0,Yes,67,Yes,Yes,Fiber optic,21,No,1,1,1,1,1,0,False,False,1.4100994218432374,-1.45428629925072
Male,0,No,11,Yes,No,DSL,20,No,1,0,1,0,0,0,False,True,-0.8702409464784621,-1.4875204687666492
Male,0,No,69,Yes,Yes,Fiber optic,105,Yes,1,0,1,1,1,1,False,False,1.4915401492832983,1.3373839400873468
Female,0,Yes,52,Yes,No,Fiber optic,98,No,0,1,1,0,1,0,False,False,0.7992939660427822,1.1047447534758412
Male,0,No,52,Yes,Yes,DSL,81,No,1,0,1,1,0,0,True,False,0.7992939660427822,0.5397638717050421
Female,0,No,24,Yes,No,Fiber optic,20,No,0,0,1,0,1,0,False,False,-0.3408762181180675,-1.4875204687666492
Female,0,No,12,Yes,No,DSL,20,No,0,0,1,0,0,0,True,False,-0.8295205827584317,-1.4875204687666492
Female,0,Yes,1,Yes,No,Fiber optic,44,Yes,0,1,1,0,1,1,False,False,-1.2774445836787656,-0.6899004003843444
Male,0,Yes,15,Yes,Yes,DSL,19,No,1,1,1,1,0,0,False,False,-0.7073594915983407,-1.5207546382825785
Female,0,No,9,Yes,No,DSL,94,Yes,0,0,1,0,0,1,True,False,-0.9516816739185228,0.9718080754121239
Female,0,No,18,Yes,No,DSL,89,No,0,0,1,0,0,0,False,False,-0.5851984004382496,0.805637227832477
Female,0,No,66,Yes,Yes,Fiber optic,25,No,0,0,1,1,1,0,False,False,1.369379058123207,-1.3213496211870024
Male,0,Yes,46,Yes,No,Fiber optic,57,No,1,1,1,0,1,0,True,False,0.5549717837226001,-0.2578561966772627
Female,0,No,2,Yes,No,DSL,74,Yes,0,0,1,0,0,1,False,False,-1.2367242199587352,0.3071246850935365
Male,0,No,17,Yes,No,Fiber optic,87,No,1,0,1,0,1,0,False,False,-0.62591876415828,0.7391688888006183
Male,0,Yes,47,No,Yes,Fiber optic,40,No,1,1,0,1,1,0,False,True,0.5956921474426305,-0.8228370784480619
Male,1,No,63,Yes,Yes,Fiber optic,108,No,1,0,1,1,1,0,False,True,1.247217966963116,1.437086448635135
Female,0,No,1,Yes,Yes,Fiber optic,20,Yes,0,0,1,1,1,1,False,False,-1.2774445836787656,-1.4875204687666492
Female,0,Yes,70,Yes,No,DSL,66,No,0,1,1,0,0,0,False,False,1.5322605130033284,0.0412513289661016
Female,0,Yes,38,Yes,Yes,DSL,20,No,0,1,1,1,0,0,False,True,0.22920887396235737,-1.4875204687666492
Female,0,Yes,58,Yes,No,Fiber optic,24,No,0,1,1,0,1,0,True,False,1.0436161483629645,-1.3545837907029317
Female,0,No,60,Yes,No,DSL,65,No,0,0,1,0,0,0,False,True,1.125056875803025,0.008017159450172232
Female,0,No,68,Yes,No,DSL,88,No,0,0,1,0,0,0,True,False,1.4508197855632678,0.7724030583165477
Female,0,No,48,Yes,No,DSL,61,No,0,0,1,0,0,0,False,True,0.6364125111626608,-0.12491951861354524
Female,0,Yes,35,Yes,No,DSL,107,No,0,1,1,0,0,0,False,False,0.10704778280226633,1.4038522791192056
Male,0,No,71,Yes,No,DSL,80,No,1,0,1,0,0,0,False,False,1.5729808767233588,0.5065297021891128
Female,0,No,55,Yes,Yes,Fiber optic,57,No,0,0,1,1,1,0,False,True,0.9214550572028734,-0.2578561966772627
Male,0,No,42,Yes,No,DSL,100,No,1,0,1,0,0,0,False,False,0.3920903288424788,1.1712130925077
Male,0,Yes,56,Yes,Yes,Fiber optic,97,No,1,1,1,1,1,0,True,False,0.9621754209229036,1.071510583959912
Male,0,No,40,No,No,Fiber optic,62,No,1,0,0,0,1,0,True,False,0.3106496014024181,-0.09168534909761586
Male,1,No,72,Yes,No,DSL,85,No,1,0,1,0,0,0,True,False,1.6137012404433893,0.6727005497687596
Female,0,Yes,32,Yes,No,DSL,91,Yes,0,1,1,0,0,1,False,False,-0.015113308357824713,0.8721055668643357
Female,0,No,35,Yes,No,DSL,85,Yes,0,0,1,0,0,1,False,True,0.10704778280226633,0.6727005497687596
Female,0,No,58,Yes,Yes,Fiber optic,102,Yes,0,0,1,1,1,1,False,False,1.0436161483629645,1.2376814315395588
Female,0,No,45,Yes,Yes,Fiber optic,74,No,0,0,1,1,1,0,False,False,0.5142514200025698,0.3071246850935365
Female,0,No,20,Yes,No,DSL,82,Yes,0,0,1,0,0,1,False,False,-0.5037576729981889,0.5729980412209714
Male,0,No,3,Yes,No,DSL,70,No,1,0,1,0,0,0,False,False,-1.1960038562387048,0.17418800702981907
Female,0,Yes,68,Yes,Yes,DSL,89,No,0,1,1,1,0,0,False,True,1.4508197855632678,0.805637227832477
Female,0,No,9,Yes,No,Fiber optic,75,Yes,0,0,1,0,1,1,False,False,-0.9516816739185228,0.3403588546094659
Female,1,No,36,Yes,No,DSL,75,No,0,0,1,0,0,0,False,True,0.14776814652229667,0.3403588546094659
Female,0,No,37,No,No,Fiber optic,40,No,0,0,0,0,1,0,True,False,0.18848851024232702,-0.8228370784480619
Male,1,No,1,Yes,Yes,Fiber optic,71,Yes,1,0,1,1,1,1,False,False,-1.2774445836787656,0.20742217654574843
Male,0,Yes,72,Yes,Yes,Fiber optic,104,No,1,1,1,1,1,0,False,False,1.6137012404433893,1.3041497705714176
Female,0,No,1,Yes,No,Fiber optic,80,Yes,0,0,1,0,1,1,False,False,-1.2774445836787656,0.5065297021891128
Female,0,Yes,55,Yes,Yes,Fiber optic,56,No,0,1,1,1,1,0,False,False,0.9214550572028734,-0.29109036619319206
Male,0,No,28,Yes,No,DSL,54,No,1,0,1,0,0,0,True,False,-0.1779947632379461,-0.3575587052250508
Female,0,No,52,No,Yes,Fiber optic,59,No,0,0,0,1,1,0,False,False,0.7992939660427822,-0.19138785764540397
Male,1,No,1,Yes,No,DSL,44,No,1,0,1,0,0,0,True,False,-1.2774445836787656,-0.6899004003843444
Male,0,No,42,Yes,Yes,Fiber optic,80,No,1,0,1,1,1,0,False,False,0.3920903288424788,0.5065297021891128
Female,0,Yes,49,Yes,Yes,Fiber optic,95,No,0,1,1,1,1,0,False,False,0.6771328748826912,1.0050422449280532
Female,0,No,26,Yes,No,DSL,96,No,0,0,1,0,0,0,False,False,-0.2594354906780068,1.0382764144439827
Female,0,Yes,35,Yes,Yes,Fiber optic,20,No,0,1,1,1,1,0,False,False,0.10704778280226633,-1.4875204687666492
Male,1,No,1,Yes,Yes,Fiber optic,45,No,1,0,1,1,1,0,False,False,-1.2774445836787656,-0.6566662308684151
Female,1,No,52,Yes,Yes,Fiber optic,108,No,0,0,1,1,1,0,True,False,0.7992939660427822,1.437086448635135
Female,0,No,72,Yes,No,Fiber optic,111,No,0,0,1,0,1,0,True,False,1.6137012404433893,1.536788957182923
Male,0,No,45,Yes,Yes,Fiber optic,85,No,1,0,1,1,1,0,True,False,0.5142514200025698,0.6727005497687596
Male,0,No,41,Yes,Yes,DSL,105,Yes,1,0,1,1,0,1,False,True,0.35136996512244845,1.3373839400873468
Male,0,No,54,Yes,No,DSL,87,No,1,0,1,0,0,0,False,True,0.880734693482843,0.7391688888006183
Male,1,Yes,22,No,No,DSL,40,Yes,1,1,0,0,0,1,False,False,-0.4223169455581282,-0.8228370784480619
Female,0,No,72,Yes,Yes,DSL,92,No,0,0,1,1,0,0,False,True,1.6137012404433893,0.9053397363802651
Female,0,Yes,14,Yes,No,DSL,80,No,0,1,1,0,0,0,False,False,-0.748079855318371,0.5065297021891128
Male,0,No,63,Yes,No,DSL,19,No,1,0,1,0,0,0,False,False,1.247217966963116,-1.5207546382825785
Male,0,No,7,Yes,No,DSL,19,No,1,0,1,0,0,0,False,False,-1.0331224013585834,-1.5207546382825785
Male,0,No,72,Yes,No,DSL,109,No,1,0,1,0,0,0,False,True,1.6137012404433893,1.4703206181510644
Male,0,Yes,7,Yes,No,Fiber optic,49,Yes,1,1,1,0,1,1,False,False,-1.0331224013585834,-0.5237295528046976
Male,0,No,1,Yes,No,DSL,45,No,1,0,1,0,0,0,False,False,-1.2774445836787656,-0.6566662308684151
Male,0,No,16,Yes,No,DSL,75,No,1,0,1,0,0,0,True,False,-0.6666391278783103,0.3403588546094659
Female,0,Yes,14,Yes,Yes,Fiber optic,60,No,0,1,1,1,1,0,False,False,-0.748079855318371,-0.15815368812947458
Female,0,No,1,Yes,Yes,Fiber optic,71,Yes,0,0,1,1,1,1,True,False,-1.2774445836787656,0.20742217654574843
Female,0,No,60,No,Yes,DSL,44,No,0,0,0,1,0,0,False,False,1.125056875803025,-0.6899004003843444
Female,1,Yes,1,Yes,Yes,DSL,71,Yes,0,1,1,1,0,1,True,False,-1.2774445836787656,0.20742217654574843
Male,1,No,45,Yes,No,Fiber optic,75,No,1,0,1,0,1,0,False,False,0.5142514200025698,0.3403588546094659
Male,0,No,1,Yes,Yes,Fiber optic,46,Yes,1,0,1,1,1,1,False,False,-1.2774445836787656,-0.6234320613524857
Female,0,No,72,Yes,Yes,Fiber optic,109,Yes,0,0,1,1,1,1,True,False,1.6137012404433893,1.4703206181510644
Male,0,Yes,6,Yes,Yes,Fiber optic,19,No,1,1,1,1,1,0,False,False,-1.0738427650786138,-1.5207546382825785
Male,0,No,1,Yes,Yes,DSL,55,No,1,0,1,1,0,0,True,False,-1.2774445836787656,-0.32432453570912145
Female,0,No,19,Yes,Yes,DSL,56,No,0,0,1,1,0,0,False,True,-0.5444780367182193,-0.29109036619319206
Female,0,Yes,24,Yes,No,DSL,64,No,0,1,1,0,0,0,True,False,-0.3408762181180675,-0.025217010065757134
Male,0,No,64,Yes,No,Fiber optic,76,No,1,0,1,0,1,0,False,False,1.2879383306831464,0.37359302412539525
Male,0,No,17,Yes,No,Fiber optic,91,No,1,0,1,0,1,0,False,False,-0.62591876415828,0.8721055668643357
Female,0,No,8,Yes,No,DSL,44,No,0,0,1,0,0,0,False,False,-0.9924020376385531,-0.6899004003843444
Female,1,No,24,Yes,No,DSL,20,No,0,0,1,0,0,0,True,False,-0.3408762181180675,-1.4875204687666492
Male,0,No,11,Yes,No,DSL,20,No,1,0,1,0,0,0,False,False,-0.8702409464784621,-1.4875204687666492
Female,0,No,40,Yes,Yes,Fiber optic,57,No,0,0,1,1,1,0,False,True,0.3106496014024181,-0.2578561966772627
Male,0,Yes,36,Yes,No,DSL,25,No,1,1,1,0,0,0,False,False,0.14776814652229667,-1.3213496211870024
Male,0,No,71,Yes,Yes,Fiber optic,108,Yes,1,0,1,1,1,1,False,False,1.5729808767233588,1.437086448635135
Male,0,No,7,Yes,No,DSL,19,No,1,0,1,0,0,0,True,False,-1.0331224013585834,-1.5207546382825785
Male,0,No,3,Yes,Yes,Fiber optic,77,No,1,0,1,1,1,0,False,False,-1.1960038562387048,0.40682719364132464
Female,0,No,38,Yes,No,DSL,20,No,0,0,1,0,0,0,False,True,0.22920887396235737,-1.4875204687666492
Male,0,Yes,0,Yes,Yes,Fiber optic,26,No,1,1,1,1,1,0,False,False,-1.318164947398796,-1.288115451671073
Female,0,Yes,1,Yes,Yes,Fiber optic,75,Yes,0,1,1,1,1,1,False,False,-1.2774445836787656,0.3403588546094659
Male,0,No,25,Yes,Yes,Fiber optic,71,Yes,1,0,1,1,1,1,False,False,-0.30015585439803716,0.20742217654574843
Male,0,Yes,69,Yes,No,DSL,20,No,1,1,1,0,0,0,False,False,1.4915401492832983,-1.4875204687666492
Female,1,No,36,Yes,Yes,DSL,92,No,0,0,1,1,0,0,False,True,0.14776814652229667,0.9053397363802651
Male,0,No,63,Yes,Yes,Fiber optic,100,No,1,0,1,1,1,0,False,False,1.247217966963116,1.1712130925077
Male,0,No,12,Yes,Yes,Fiber optic,96,Yes,1,0,1,1,1,1,False,False,-0.8295205827584317,1.0382764144439827
Male,0,Yes,19,Yes,No,Fiber optic,20,No,1,1,1,0,1,0,False,False,-0.5444780367182193,-1.4875204687666492
Male,0,Yes,18,Yes,No,DSL,88,No,1,1,1,0,0,0,False,False,-0.5851984004382496,0.7724030583165477
Male,0,No,32,Yes,No,DSL,79,No,1,0,1,0,0,0,False,True,-0.015113308357824713,0.47329553267318336
Male,0,No,56,Yes,No,Fiber optic,105,No,1,0,1,0,1,0,False,False,0.9621754209229036,1.3373839400873468
Female,0,No,6,Yes,No,DSL,20,Yes,0,0,1,0,0,1,False,True,-1.0738427650786138,-1.4875204687666492
Male,0,No,9,No,No,DSL,51,No,1,0,0,0,0,0,False,False,-0.9516816739185228,-0.4572612137728389
Male,0,Yes,32,No,No,DSL,36,No,1,1,0,0,0,0,True,False,-0.015113308357824713,-0.9557737565117794
Female,1,No,58,Yes,Yes,Fiber optic,100,No,0,0,1,1,1,0,True,False,1.0436161483629645,1.1712130925077
Male,0,No,8,Yes,Yes,Fiber optic,59,No,1,0,1,1,1,0,False,False,-0.9924020376385531,-0.19138785764540397
Male,0,No,17,Yes,Yes,Fiber optic,65,No,1,0,1,1,1,0,False,False,-0.62591876415828,0.008017159450172232
Male,1,No,27,Yes,Yes,Fiber optic,71,No,1,0,1,1,1,0,False,False,-0.21871512695797646,0.20742217654574843
Female,0,No,13,Yes,No,DSL,86,No,0,0,1,0,0,0,False,False,-0.7888002190384014,0.7059347192846889
Male,0,No,49,No,No,DSL,50,No,1,0,0,0,0,0,False,False,0.6771328748826912,-0.49049538328876824
Female,0,No,21,Yes,No,DSL,21,No,0,0,1,0,0,0,False,True,-0.46303730927815856,-1.45428629925072
Male,0,No,36,No,No,DSL,35,No,1,0,0,0,0,0,False,False,0.14776814652229667,-0.9890079260277087
Female,1,No,1,Yes,No,DSL,76,Yes,0,0,1,0,0,1,False,False,-1.2774445836787656,0.37359302412539525
Female,0,Yes,42,Yes,Yes,DSL,20,No,0,1,1,1,0,0,True,False,0.3920903288424788,-1.4875204687666492
Female,0,Yes,16,Yes,Yes,Fiber optic,80,No,0,1,1,1,1,0,False,False,-0.6666391278783103,0.5065297021891128
Female,0,Yes,49,Yes,No,Fiber optic,108,Yes,0,1,1,0,1,1,False,False,0.6771328748826912,1.437086448635135
Male,1,No,64,Yes,Yes,Fiber optic,102,No,1,0,1,1,1,0,False,False,1.2879383306831464,1.2376814315395588
Female,0,No,2,Yes,No,Fiber optic,45,No,0,0,1,0,1,0,False,False,-1.2367242199587352,-0.6566662308684151
Male,0,Yes,72,Yes,No,DSL,89,No,1,1,1,0,0,0,True,False,1.6137012404433893,0.805637227832477
Female,0,No,1,No,No,DSL,25,Yes,0,0,0,0,0,1,False,True,-1.2774445836787656,-1.3213496211870024
Male,0,No,1,Yes,Yes,DSL,95,Yes,1,0,1,1,0,1,True,False,-1.2774445836787656,1.0050422449280532
Female,0,Yes,23,Yes,Yes,Fiber optic,91,No,0,1,1,1,1,0,True,False,-0.38159658183809786,0.8721055668643357
Male,0,Yes,12,Yes,No,DSL,21,No,1,1,1,0,0,0,False,False,-0.8295205827584317,-1.45428629925072
Male,1,No,12,Yes,Yes,Fiber optic,99,Yes,1,0,1,1,1,1,False,False,-0.8295205827584317,1.1379789229917707
Male,0,No,26,Yes,No,Fiber optic,20,No,1,0,1,0,1,0,False,True,-0.2594354906780068,-1.4875204687666492
